Customer ID,Gender,Age,Discount,JanuarySpend,DecSpend
4,Female,50,55,890.6944354,136.6870479
6,Female,49,5,120.579431,762.2184269
7,Female,41,0,397.0386953,740.6972498
9,Male,45,0,811.2242956,558.3457928
11,Female,28,60,-245.9935573,683.4352394
12,Female,18,0,255.3455599,777.4576966
15,Female,44,0,484.4857665,156.5279005
16,Male,20,0,733.9038954,418.453906
20,Female,24,0,535.7748776,106.4438399
23,Female,34,0,325.0764669,664.6038914
25,Male,36,40,808.6856132,142.0121344
26,Female,30,25,579.4016969,406.0910745
27,Male,27,25,455.0244021,115.3584087
28,Female,31,45,843.6142552,125.4354126
33,Female,29,0,470.6499703,673.3799371
34,Male,23,60,115.9818221,604.4296969
36,Male,49,0,645.1590304,579.872447
39,Male,24,20,488.0725492,568.5563072
40,Female,19,0,304.5596359,374.6905637
42,Male,21,40,741.5247526,121.6005779
43,Male,23,0,318.6174068,405.1867963
44,Female,40,0,297.2460778,575.3451995
45,Female,32,0,228.0781058,737.396324
46,Male,17,0,936.1075027,432.9811862
47,Female,30,0,802.4560252,748.162269
48,Male,25,10,-109.0214694,109.6068011
52,Female,19,0,287.7741371,604.3424474
58,Female,34,0,228.9385102,504.2348332
61,Male,43,20,645.5855414,151.3282265
62,Female,28,15,456.0953725,1238.464716
63,Male,20,45,448.2936594,1407.859721
64,Female,18,0,739.1277497,444.6088015
72,Male,24,40,523.4447845,710.9712313
73,Male,23,0,656.7082729,587.9558633
77,Female,24,55,1016.830572,148.1285279
78,Male,19,55,983.0963257,109.4604561
81,Female,15,0,1415.10694,119.694933
83,Female,50,0,696.2906548,508.2333463
84,Female,29,0,344.7097409,474.4979639
85,Female,20,40,997.7270166,157.5378151
87,Male,44,45,360.2245311,717.6161938
89,Male,48,0,662.7406937,741.0277247
90,Female,47,40,396.7485012,89.51960278
92,Female,20,0,470.7068092,-295.2989773
93,Male,46,0,463.7750941,836.2262974
96,Male,32,0,165.6959422,544.2633455
98,Female,41,45,435.8562548,789.5924105
99,Female,29,0,281.9867777,273.6331688
101,Female,21,0,279.8353122,727.4471003
103,Female,17,50,771.7119122,88.49754346
104,Male,20,0,313.9201456,347.5431535
105,Female,15,60,600.85145,151.2763359
109,Female,26,55,651.0091358,93.22804978
113,Female,16,5,504.5747001,543.0315471
114,Male,26,35,605.5338455,1569.42633
115,Male,40,25,517.9727274,547.3022805
120,Female,32,0,271.0211273,817.9658486
124,Male,27,60,693.3515356,153.8221193
126,Female,16,25,559.8951091,1518.429611
127,Male,21,0,380.8703038,466.9051628
128,Female,21,0,217.2990296,71.1077896
130,Female,45,0,765.6228192,437.5581481
131,Female,16,0,439.4540563,573.7751783
136,Male,40,30,964.7302896,482.287646
137,NR,29,30,503.5343732,133.6348058
138,Male,40,20,555.446503,576.7920433
139,Female,21,0,278.293455,717.2306091
140,Female,37,0,1788.22491,584.273791
145,Male,19,30,483.4717157,967.5331382
150,Female,49,30,521.4405087,79.2837555
151,Female,22,0,527.194308,810.2230297
152,Female,19,0,-95.2989773,336.8129152
153,Female,28,0,854.3468919,677.1591656
154,Male,38,0,192.9120396,360.4370426
155,Female,24,0,129.2815985,440.4160073
156,Male,37,0,1770.334329,867.5859509
159,Female,15,60,350.1970179,154.1404347
160,Female,22,0,214.8656392,712.3905662
162,Female,16,0,608.6310202,565.6767978
165,Female,31,0,481.7567042,726.6468031
166,Male,31,45,-200,504.9789227
169,Female,26,55,1085.711169,153.083138
171,Female,50,50,666.25009,125.2892626
172,Female,21,40,923.5702197,496.7290408
173,Male,15,5,162.0920378,96.4575292
176,Female,28,0,914.2418761,780.1197472
177,Female,47,0,361.3984602,550.3382177
180,Female,44,25,625.2363015,768.0152878
181,Female,24,0,331.4962335,465.4415861
182,Male,20,30,934.7375637,788.2178625
183,Male,44,60,257.2068843,999.3138628
186,Female,26,0,743.3361634,702.7004365
187,Male,19,40,0,1105.882464
188,Female,38,0,279.3348599,711.4542371
190,Male,50,45,838.0617789,1435.70812
191,Male,37,0,102.2459397,481.0446479
192,Male,24,0,388.1033284,608.1420319
194,Female,36,0,149.867244,499.0784751
195,Male,25,30,739.6215274,803.5303793
197,NR,15,0,1241.914649,308.6382582
198,Female,27,35,653.6690383,162.0446059
200,Female,50,55,479.5453689,657.5751458
202,Female,49,0,1025.07886,642.2983595
203,Male,41,55,771.5213068,149.7777852
204,Male,46,40,907.4856132,91.13947902
206,Male,36,0,168.0708263,828.0145943
212,Female,24,0,846.2046863,438.6755728
214,Male,34,0,666.7422042,816.9585365
215,Male,18,5,411.3330762,550.3382177
218,Female,18,0,850.2284048,608.0028897
220,Female,21,50,255.9665376,1022.846745
224,Female,23,35,647.3495718,146.3972999
226,Female,27,0,181.4893827,309.5761964
228,Female,28,50,599.8563377,103.4306567
229,Male,18,35,570.0599357,146.2265017
230,Female,24,10,254.9127717,137.6071906
232,Female,23,0,347.2181289,410.4198481
233,Male,18,5,40.08827688,94.74010796
234,Prefer to supply my own response,49,15,798.6428851,128.866049
236,Female,27,15,283.6882941,1458.401453
238,Female,35,20,474.119231,152.0205005
239,Female,24,45,887.6129398,653.8855979
243,Male,19,0,924.6472702,837.5687497
246,Male,46,0,1694.327315,474.8278191
247,Male,46,0,278.7162097,805.6781719
248,Male,49,0,430.6670311,443.2621698
251,Male,44,0,783.9344056,415.5945955
252,Female,35,0,203.1041424,551.7674159
254,Female,25,10,583.7447573,99.34580816
255,Female,21,35,632.2365866,504.9789227
256,Male,28,0,1011.834545,595.1940075
257,Male,23,0,274.30503,528.2039721
258,Female,15,0,261.7234349,467.357013
259,Male,16,0,94.70814291,615.7377149
261,Male,18,0,377.3224999,688.6063802
263,Female,39,10,682.3914314,805.676425
266,Male,47,0,461.4203618,444.6518581
267,Male,47,0,361.9839306,597.9823459
268,Male,30,35,629.4482659,593.7515033
270,Male,16,0,1478.255499,843.0767301
272,Female,39,40,915.2077205,954.2589671
276,Male,46,0,281.1784926,641.8050723
279,Male,41,0,669.3640769,325.4600492
280,Male,22,45,-210,794.9394094
281,Female,19,55,277.9575761,605.1830327
286,Female,45,15,307.5882053,1553.670752
288,Male,18,0,677.6858322,672.8992251
289,Female,16,0,885.7383391,257.4722188
290,Male,26,0,300.1457075,517.1532836
293,Female,30,0,355.6239287,697.8635262
294,Male,32,0,197.5068322,818.652104
295,Male,21,15,320.6329002,1003.446227
296,Male,19,60,-61.67669684,544.469707
299,Male,27,0,202.5877907,690.2159818
300,Female,20,35,818.077302,94.37359282
301,Male,29,0,342.2751799,148.0694663
302,Male,18,0,148.7563642,550.3855333
304,Male,42,0,561.0680569,739.487887
305,Male,19,0,517.2500798,704.5289055
307,Male,43,25,379.959686,137.721276
308,Male,15,0,191.4142969,593.2465469
309,Female,23,25,760.785809,171.5058604
310,Female,26,0,273.9366019,406.0910745
311,Male,20,0,929.5650802,403.8151383
312,Female,21,5,204.8621587,406.1321852
313,Female,30,0,355.1469394,483.1683744
315,Male,26,55,217.6307412,791.4560713
316,Female,16,0,511.5155317,538.2188399
317,Male,16,25,622.0287071,579.872447
318,Female,36,0,421.9416091,807.4039319
319,Male,22,30,563.1230497,803.3007228
320,Male,62,55,558.8495134,143.4054978
323,Female,17,40,473.3556452,389.4625476
324,Female,18,40,487.5386217,1345.543591
325,Male,20,40,510.5977041,106.7212809
327,Male,43,35,770.1119822,547.1775327
331,Male,46,0,263.508477,765.4156899
332,Male,31,0,268.2148655,585.9648029
336,Male,49,0,339.0965549,381.5957824
337,Female,34,40,800.1983909,1393.547933
338,Female,30,30,605.6236678,914.8200233
339,Female,35,0,1001.488886,568.5819194
341,Male,27,15,262.1076684,148.3894304
342,Male,63,5,135.7362853,1400.965205
343,Female,28,0,570.366465,413.4588489
346,Female,32,35,929.4293188,169.1551024
348,Male,24,0,842.0543656,507.3889971
352,Female,20,0,929.8201046,582.6236281
357,Female,15,0,244.5846862,727.7256257
358,Female,20,60,-839.1358833,1498.491484
359,Male,37,0,684.3874511,403.6270884
360,Female,35,0,408.2447145,648.5444487
363,Male,46,0,121.0773104,614.2914678
364,Female,25,0,681.2080047,578.9731298
366,Female,27,0,493.289522,456.0669078
368,NR,48,50,666.5070419,141.0131634
372,Male,28,0,270.9308712,805.404769
373,Female,35,0,100.7443668,341.928382
374,Male,48,0,1823.688234,721.3156056
375,Female,21,5,328.1174396,118.7744563
379,Male,23,45,543.5878499,119.0388015
380,Male,20,0,438.4630614,467.8203706
382,Female,20,0,282.3099468,374.2087656
383,Female,28,0,203.8533267,489.2008276
385,Male,16,5,1304.454516,1399.434218
386,Female,42,0,227.6236277,541.0837476
389,Female,38,0,331.3727878,717.0505372
390,Male,26,15,249.0139324,113.1353596
392,Male,17,50,863.3962467,93.99318916
394,Male,21,0,432.4848926,747.5242171
395,Female,16,15,747.5457526,1147.237506
397,Female,44,0,301.3065589,789.8919122
401,Male,30,0,154.5282153,369.3344936
406,Male,22,0,631.5240645,747.1819151
407,Male,43,0,396.5818681,680.3010338
409,Male,36,25,665.5333014,147.2202424
411,Male,36,20,446.9285638,801.8346387
412,Female,20,25,331.4183971,404.0334596
413,Female,47,0,233.2350246,704.0016614
414,Female,38,0,210.1727787,716.565
415,Male,23,0,277.2773356,319.0107501
416,Male,22,0,322.6517788,137.088291
417,NR,23,0,263.9882975,477.9260837
419,Female,26,0,422.3452764,381.3447329
420,Male,24,55,464.1883325,1230.183431
421,Female,42,15,927.2978708,1030.141074
422,Female,28,0,275.8987523,513.6720451
423,Female,26,0,254.023186,535.8549491
424,Female,34,0,389.8183199,499.8834559
425,Male,29,0,126.4911513,492.8304499
428,Male,19,0,754.2486122,1067.984568
434,Male,16,45,364.2247658,1062.844929
437,Male,37,0,376.7353344,800.6610448
438,Female,45,0,84.7109037,337.6126905
439,Male,17,15,375.4821471,143.4646228
441,Female,34,10,474.5348113,1508.405007
443,Female,41,45,357.2658986,1094.405201
444,Male,29,0,292.3337384,662.2404086
445,Male,27,0,533.6826845,394.9840174
447,Male,16,5,426.9174396,161.6382974
450,Female,28,30,426.4527268,812.7290029
454,Male,43,10,305.6987722,867.7402335
456,Female,40,0,639.044738,774.8026723
457,Female,33,0,254.9831693,861.1507047
458,Male,20,0,157.971425,276.6563588
459,Female,36,15,407.2289573,396.5202534
460,Female,19,15,678.8371576,751.4452298
461,Female,18,30,380.3764579,83.57806328
462,Male,29,25,519.7885382,736.2387617
465,Male,18,0,472.0731968,794.3257913
468,Male,22,0,222.6198057,537.8467022
470,Male,19,45,354.7605216,741.0277247
473,Female,19,0,122.4744815,503.397914
474,Female,37,0,889.3295918,626.446313
476,Female,28,0,127.8613446,501.56166
477,Female,36,0,90.5870498,90.75351387
478,Female,16,45,709.5019827,176.2749723
482,Male,43,0,238.5902282,462.5659742
485,Male,40,15,852.2269477,77.89250952
486,Female,28,45,763.3257559,686.8027769
487,Female,23,10,565.0703115,168.615346
490,Female,38,25,384.4727954,1170.508104
491,Female,36,60,516.8142096,1482.415038
494,Male,15,45,572.3011267,898.3412552
495,Male,29,60,-652.761315,789.966621
497,Male,27,55,352.8038686,109.5090482
498,Male,18,55,818.6743809,155.3886633
499,Male,40,0,457.5200123,390.9118088
500,Female,20,0,159.4530573,797.1645052
502,Male,41,35,883.1172806,1317.760468
504,Female,19,35,1139.542415,94.2231159
505,Female,26,50,1027.069392,164.9838326
506,Male,34,0,506.4043258,837.4659134
509,Male,17,0,254.3879496,290.0571489
510,Female,47,30,688.8343733,93.38103256
512,Male,35,55,723.3434842,156.4288579
513,Female,29,15,167.1067454,80.4583292
514,Male,50,0,152.4503012,543.126371
515,Male,19,0,95.15197195,432.1314928
517,Male,34,0,520.1550601,665.0675994
518,Male,35,45,563.1663262,747.1136335
520,Female,45,5,-277.0790048,142.9288476
523,Female,37,10,645.1016154,121.7575827
525,Female,19,5,495.1834245,1555.890717
526,Female,31,10,332.5891775,1049.651603
529,Male,28,45,439.7983423,760.3555198
530,Male,38,0,266.5742902,803.5303793
535,Female,16,0,422.3602306,477.528467
536,Female,36,0,418.003028,824.9191629
539,Male,17,0,409.170992,778.9290338
542,Male,16,60,376.3604003,707.8760634
544,Female,23,0,231.7025177,775.822121
545,Male,22,0,286.727152,634.0237773
547,Female,36,25,733.6987601,1158.465584
549,Female,30,0,172.4329157,510.9317328
553,Female,48,0,515.0075278,798.0304839
554,Female,38,0,386.3498573,696.0972231
555,Female,41,40,731.0706053,388.7467763
559,Female,20,10,488.5215212,642.4278205
561,Female,29,0,689.2910037,660.2937896
562,Male,38,15,737.7970301,985.1441049
563,Female,40,20,410.6941757,94.66288446
564,Female,19,0,967.3030489,486.4112887
565,Female,22,60,701.9157244,156.0239494
569,Male,20,0,447.4886341,583.5868606
570,Female,43,30,987.8848871,1497.400581
577,Female,50,35,569.012928,150.8548112
578,Female,29,0,345.6359331,591.0209795
579,Female,26,40,514.0666562,80.76302766
582,Male,35,15,969.793498,400.1469188
585,Male,19,10,511.2080232,706.0640872
587,Female,36,50,475.4432014,1285.360784
589,Female,25,5,760.7070294,137.6105805
590,Female,31,20,752.6077664,517.0492446
591,Male,41,25,454.4450928,824.9191629
592,Female,33,30,830.0632133,132.4480817
594,Male,24,0,949.7713686,758.8010016
596,Male,19,0,494.0467985,435.2236749
598,Male,48,45,333.2353217,818.9496522
599,Female,20,55,292.7207408,1333.849904
601,Male,45,60,-356.4905256,789.8919122
602,Male,48,35,1050.923773,128.2545513
608,Female,20,35,859.4894291,1092.678939
610,Female,47,0,894.3429375,612.0625675
614,Male,40,45,854.4640943,1113.113417
615,Female,30,15,185.6741615,478.8375845
616,Male,15,0,336.0105825,685.0642885
617,Female,43,60,475.034406,794.3257913
618,Female,35,0,384.2931942,727.6450016
619,Female,39,10,317.2119421,501.56166
621,Male,17,35,554.4714941,1146.724086
625,Female,46,0,282.637092,506.6218568
629,Male,36,50,256.1060179,1368.184505
631,Male,26,0,639.9445389,455.6973951
632,Male,19,0,796.1358038,392.0551709
635,NR,34,0,311.8216813,468.2383549
636,Female,48,0,708.905214,752.5304622
637,Female,20,0,813.1419599,438.6624503
638,Female,19,5,257.4330866,1402.019538
639,Female,43,20,666.5322647,133.004803
641,Male,16,40,840.3247526,469.9659458
642,Female,20,25,597.0261668,585.4410364
647,Male,24,15,284.4741615,443.6095886
648,Female,28,20,769.2300161,111.0348736
650,Female,48,5,597.0636329,98.77090094
651,Male,43,45,351.3635419,517.1532836
652,Male,35,30,873.6611814,543.126371
653,Male,32,0,223.3627323,244.0921548
654,Female,45,20,342.7534955,164.7707373
656,Male,17,10,585.9171782,858.2290342
657,Female,17,0,629.8428437,295.6164595
659,Female,16,0,387.3213207,522.826547
660,Female,31,40,574.2500596,141.8678769
661,Female,20,15,593.4828537,127.4137873
663,Male,16,0,264.2215694,609.0451127
668,Male,27,5,144.0316906,942.1913169
669,Female,16,5,566.2349224,499.0784751
671,Male,18,35,513.0539421,162.6048847
675,Male,22,10,436.0244714,484.3480406
678,Female,42,25,483.6211428,984.9195589
680,Female,25,35,686.2754714,1553.474224
681,Male,23,0,431.7724981,500.2027341
682,Male,21,0,286.0556253,599.0550361
684,Female,18,25,468.0844322,810.2230297
685,Male,24,0,279.2071967,358.9705751
687,Female,19,5,649.7643967,447.3140826
693,Male,50,0,230.7700323,653.214824
694,Female,44,55,-440.9381688,1089.95865
697,Male,23,0,1667.827101,399.5942177
701,Male,23,20,-220.5399548,865.8803662
703,Female,24,40,638.0556218,434.1975277
705,Female,26,0,385.8978706,692.2480313
708,Male,22,0,576.5092943,355.7781174
709,Female,18,0,268.8190476,487.5312619
710,Female,48,60,585.3505421,118.930081
711,Female,18,15,207.6902719,466.9902554
712,Male,18,0,169.2601815,429.7040482
713,Male,24,0,443.2087488,706.2020746
714,Male,37,5,452.3507605,134.2665561
716,Male,34,0,610.7277588,446.6237218
717,Male,19,0,310.1767581,753.6768371
718,Female,32,0,640.2554778,285.8872119
719,Female,27,60,-650.6957127,800.7843237
723,Female,17,0,39.10791051,257.6485386
726,Female,23,0,262.2401631,335.2287796
727,Female,47,20,648.2820829,109.4355065
730,Female,23,0,399.3282795,328.4977462
733,Female,19,0,406.2625803,731.1325086
734,Female,29,15,372.7604238,850.3997519
735,Female,18,0,625.5448201,855.1887599
737,Male,22,0,942.9206798,525.5172758
739,Female,22,35,792.6275177,1317.575699
740,Male,29,45,601.5078382,832.4952688
741,Male,39,50,359.0716844,780.1197472
742,Female,28,0,202.9516462,892.5256909
744,Male,22,15,758.0714861,92.48196996
747,Female,24,45,968.3372619,725.5749432
748,Female,34,25,379.5530128,444.6088015
749,Female,20,0,352.2968826,665.024015
751,Male,19,0,190.7600302,381.5570983
752,Male,36,0,233.2436799,732.0891491
755,Female,29,55,1081.896326,93.45420302
756,Male,32,0,236.4219538,119.9667763
757,Male,42,0,1082.148532,310.1767581
759,Male,29,0,468.0682062,768.0152878
761,Male,24,0,240.6469073,667.4980124
763,Female,42,0,287.3761156,677.5226379
764,Female,22,20,336.6231844,1202.713252
765,Female,16,0,858.2843491,332.8877708
766,Female,45,0,244.542153,652.3963853
770,Male,28,0,439.7311463,543.0315471
771,Female,29,0,335.3244067,507.7295317
772,Male,22,60,576.1437684,168.3633753
773,Female,48,5,235.2031634,166.4990538
776,Female,42,0,642.321027,684.5468294
777,Female,17,55,183.5430116,487.2334406
778,Male,18,0,336.3393358,800.1844814
780,Female,28,0,350.9169496,836.9430352
783,Female,25,0,114.1028139,762.4620017
785,Female,43,0,826.590476,555.1743682
788,Female,35,30,998.7129909,588.4115308
791,Female,26,30,747.056892,84.37464128
794,Male,30,0,761.4536606,457.644254
798,Female,17,25,342.094208,677.5226379
801,Male,20,0,179.9454715,520.3905177
802,Female,22,0,432.8543319,294.368643
805,Female,23,5,353.5507605,159.1028657
806,Male,40,0,372.9632767,524.5310144
808,Male,21,0,485.2255803,535.7941975
809,Female,24,0,112.696823,815.1635475
810,Female,42,0,459.1794049,712.0805324
813,Male,39,15,515.8439504,1441.189881
816,Female,24,0,468.6626032,616.9166951
817,Female,35,0,664.7732408,212.3691812
820,Female,28,0,789.6297315,790.8463579
821,Female,18,0,297.4416856,36.51372198
822,Male,39,30,617.4966696,1268.026641
825,Female,42,0,277.4706884,173.6208356
828,Male,19,40,661.0083591,985.3093116
829,Female,48,0,224.2377374,754.8447752
831,Male,18,0,1100.652249,616.1859385
832,Male,17,0,813.9205233,120.3321159
833,Male,26,35,869.1970622,119.8110072
834,Male,19,40,327.492417,121.408771
837,Male,24,0,475.162886,552.5735368
839,Male,28,0,596.1235046,290.112859
840,Male,29,50,854.3021847,79.25372188
842,Female,26,50,498.8719662,466.0478609
844,Female,41,50,572.1145032,159.9465491
845,Female,44,0,207.8535191,490.2670164
847,Female,49,0,107.9815337,423.7743741
848,Female,19,0,251.3307721,755.1874655
850,Female,33,0,161.5290173,783.8837727
853,Male,29,35,508.0481043,553.7825568
854,Female,24,0,831.4940286,614.3791466
857,Male,19,0,816.489429,650.2822799
860,Female,22,45,645.8129946,117.6823062
861,Female,37,0,233.4678327,822.7644016
862,Female,25,0,220.7453869,473.0072351
863,Male,33,0,482.6440534,221.2540967
864,Female,44,45,447.954819,501.8423318
865,Male,18,40,492.4090567,555.1654654
866,Male,23,0,1622.448591,531.5261792
867,Female,21,0,367.693372,451.4410699
868,Male,21,50,1117.945539,141.2404149
871,Male,27,5,334.0031634,131.6993936
873,Female,47,0,170.1790406,857.5293022
874,Male,20,0,399.7121354,417.4695721
875,Female,33,55,162.6571895,484.3480406
878,Female,39,0,117.9184011,325.4621447
879,Female,39,20,861.2046116,98.07130216
880,Male,29,50,396.0183584,836.2329211
884,Male,41,0,641.2517161,460.4705538
885,Male,28,45,815.1422509,805.404769
889,Female,38,45,326.6459187,390.9118088
890,Female,16,35,565.668903,470.5917381
893,Male,33,10,409.934292,1346.692084
895,Male,27,0,181.3468285,351.3236166
897,Female,35,30,651.6387775,1539.339768
898,Male,17,0,185.4357816,771.2844744
899,Male,26,0,890.2803229,614.5633448
900,Female,37,40,889.982159,800.6610448
901,Male,36,50,1580.806286,105.1284975
902,Male,18,0,312.9168689,326.9425239
903,Male,15,0,215.9459298,485.4772667
904,Male,42,20,596.1401606,861.9076521
905,Female,15,0,424.7842002,430.0796482
908,Female,18,45,717.569994,409.5940796
911,Female,22,0,333.3984873,582.9361318
913,Female,23,50,875.8072705,107.1709898
915,Male,43,25,566.5606565,699.7421975
916,Female,41,20,505.5187623,483.4122538
918,Male,50,0,1855.498685,477.3405235
919,Male,48,0,815.9097395,357.2268164
920,Male,17,0,169.5482775,683.1157604
921,Female,29,0,696.4454756,704.459245
926,Male,24,0,269.7575948,659.1715517
928,Female,18,55,-450.5646064,1513.429222
931,Male,33,0,384.2317294,736.101212
936,Male,24,35,1149.723773,105.7789542
937,Female,22,30,752.962709,724.1249628
938,Female,28,0,249.5717779,696.6953183
939,Female,29,0,333.9809864,637.0016262
940,Male,35,20,1084.367062,456.8836922
942,Male,17,5,-178.2790048,93.3774335
943,Male,19,10,324.8739425,110.5083364
945,Female,24,0,268.3562468,480.0048847
946,Female,26,45,587.7616144,680.3010338
949,Male,23,15,451.8229627,568.1502245
950,Female,29,10,293.5606006,1395.734742
954,Female,27,0,895.2402121,444.1620521
955,Female,49,0,267.2818584,700.819374
956,Male,42,0,1626.28392,658.4969681
957,Female,50,15,528.3862205,928.1626292
958,Male,28,60,505.2332997,403.2867465
959,Female,44,0,1801.792434,740.7780989
963,Female,36,30,928.8632133,146.0600226
964,Female,22,0,120.0411083,717.6598078
966,Male,16,30,499.8208187,476.9817316
967,Female,28,0,902.8309903,663.5897254
968,Female,25,0,194.4979253,537.4910874
969,Female,24,60,59.99,1434.838232
970,Male,22,30,756.5296192,1324.982182
971,Male,27,15,783.8941482,97.67468048
972,Male,18,0,228.4161931,354.0288124
973,Male,37,55,871.2334906,415.0631297
974,Female,27,0,106.625153,658.2878434
976,Female,36,5,-249.3711044,147.747977
977,Female,21,0,412.5970556,624.5574613
978,Female,21,30,1063.53029,446.8084342
979,Female,22,50,748.7763561,1418.792153
981,Female,37,0,149.5607985,655.0028006
983,Female,29,0,397.1443052,705.6394633
984,Male,29,15,451.8228491,485.9309359
985,Male,33,30,573.2813247,149.0986326
986,Male,27,30,794.0946844,87.40770116
988,Female,34,55,765.2792346,157.1927473
993,Male,30,0,828.9769654,605.6134611
995,Male,22,20,576.0255043,895.0535676
997,Female,42,5,145.882834,123.7958081
999,Male,44,45,1036.149172,156.6726496
1003,Male,33,0,466.1780732,417.6648262
1004,Female,18,15,663.1705435,172.4049324
1006,Female,18,0,412.5846834,544.469707
1007,Male,23,0,31.74034111,753.0371872
1008,Female,25,0,-264.5638647,568.3333384
1009,Female,48,45,408.3825874,853.2721103
1010,Male,44,0,600.291415,710.4289254
1011,Male,33,0,433.5906928,434.1305535
1013,Female,44,0,389.0146051,871.9035166
1016,Female,17,40,515.4123499,756.3816794
1018,Female,37,0,251.5132356,841.9679341
1019,Male,21,0,134.5637167,718.9928735
1020,Male,38,40,571.1851735,431.8586828
1022,Male,35,25,252.6777115,123.383339
1023,Female,33,0,141.2170388,713.5192031
1026,Female,18,0,544.9106999,381.0513194
1028,Female,35,0,362.6760529,438.235122
1029,Female,19,0,266.8413422,421.8732064
1031,Male,18,0,457.9075263,780.9655449
1033,Female,36,15,389.2980219,991.2029605
1035,Female,49,60,199.0668325,874.6756846
1036,Female,16,0,268.650748,814.2244233
1037,Male,22,25,567.0193149,1421.805442
1038,Male,16,0,104.292721,484.3480406
1039,Male,26,5,944.0300327,108.6252742
1042,Female,20,0,114.3679103,432.7139157
1044,Female,43,40,1002.737821,472.4443066
1045,Male,18,10,463.7162752,599.0550361
1051,Female,16,0,220.6870195,387.147417
1052,Female,18,0,259.6260642,494.871403
1055,Male,17,30,627.3657301,547.5452408
1059,Male,46,35,1025.588173,123.4668336
1061,Male,31,20,820.2665976,1023.401353
1063,Female,29,40,525.9507169,137.464839
1064,Male,27,30,1052.400616,1314.540203
1065,Female,29,25,859.585809,115.7864068
1066,Male,48,20,356.9814832,158.7812874
1067,Female,22,60,-100,769.1105963
1068,Male,46,25,132.8228081,82.69176978
1069,Male,44,0,305.3546916,670.8654416
1073,Female,49,15,855.4730405,466.1402489
1074,Male,26,40,563.9482194,979.6740219
1075,Male,44,45,417.7287768,169.2356827
1076,Male,36,15,1463.976713,140.1638748
1078,Male,37,60,87.1610595,1450.220709
1080,Female,35,0,201.4243331,859.3583892
1083,Female,29,60,338.9583618,111.0330931
1086,Female,49,0,535.0852109,493.8545047
1088,Female,33,0,382.9887462,483.5955003
1091,Female,18,0,122.8277471,544.9983587
1092,Female,34,0,221.2540967,45.29608857
1094,Male,20,0,294.0502964,592.0271084
1095,Female,42,25,809.6188446,480.0048847
1096,Male,35,45,310.0522418,1023.000009
1097,Male,44,60,746.1425256,90.52276362
1098,Female,16,0,630.4483727,406.4630777
1100,Female,35,0,392.5789823,488.3734024
1101,Male,21,0,194.1435573,308.0476619
1104,Female,22,25,625.6474161,1261.474873
1109,Male,20,50,679.6062857,122.5851158
1111,Male,28,0,244.0921548,922.8410718
1112,Male,29,50,409.626713,637.0689366
1113,Male,44,0,42.53588809,328.2596589
1114,Female,24,5,223.852293,748.7823441
1115,Female,49,10,1419.64328,84.48394664
1116,Male,17,20,475.6274956,1284.334566
1117,Female,18,0,189.1985071,542.3756676
1118,Female,30,0,1324.945954,720.9615817
1119,Female,18,25,684.7072281,78.10377308
1121,Male,31,35,580.4340988,422.4197332
1124,Female,25,20,803.1846642,917.799066
1127,Female,19,40,268.153651,160.2240043
1128,Female,42,45,444.7878499,150.7353674
1132,Female,18,0,386.5969891,637.5857158
1134,Female,38,55,-100,732.0891491
1135,Female,18,10,249.2240223,94.60144702
1140,Female,27,0,443.6822055,810.8557676
1141,Female,17,50,1522.725657,148.2055449
1143,Female,30,30,598.4245982,94.89959278
1147,Male,41,0,872.4040412,440.786271
1151,Female,23,20,601.3363266,781.2080483
1152,Female,16,10,360.9710473,139.2194446
1153,Male,24,0,665.4401969,843.7665259
1154,Female,37,0,125.8552658,433.8382266
1157,Female,42,0,189.0850618,353.4838115
1158,Female,33,20,442.3856488,131.5150292
1160,Female,21,55,605.4491761,122.8758293
1161,Female,28,0,566.7021891,894.6735901
1163,Male,21,10,442.2136761,412.8954187
1164,Female,40,30,1047.186005,421.8732064
1166,Female,49,55,1089.494435,150.6845105
1173,Female,44,50,688.136622,138.1246286
1174,Male,23,25,871.7053781,110.0467899
1176,Male,45,0,944.4926724,521.6311152
1178,Female,16,0,371.3457567,522.6640669
1179,Female,31,60,922.5785384,117.9164046
1183,Female,22,55,888.2200525,87.73511456
1184,Female,23,60,535.1240601,90.30322254
1187,Female,28,25,652.6397607,640.0626804
1188,Male,17,0,458.4443593,361.1756767
1190,Female,30,50,650.3910591,146.47054
1191,Male,48,0,328.8913778,793.2916257
1192,Male,39,5,51.15975853,108.8526691
1194,Female,37,0,299.5217095,568.1502245
1196,Male,24,0,919.757975,616.3476391
1198,Male,26,0,1433.8255,833.7155859
1200,Female,26,0,600.099242,503.2450943
1201,Female,29,0,300.1928763,532.5551489
1202,Male,28,0,419.0188441,582.486608
1203,Female,50,60,986.5505421,160.2341665
1204,Female,44,0,651.1543238,845.7755122
1205,Female,19,45,567.61611,1291.787654
1206,Female,47,0,209.0233185,885.7383391
1209,Female,26,0,380.2374876,109.0406825
1210,Female,18,45,496.2829611,873.8590801
1212,Female,20,0,116.1024581,450.0134499
1213,Female,27,50,576.9554364,110.0676435
1218,Female,24,20,763.0334751,731.9604036
1221,Female,20,35,629.9333947,88.1572542
1225,Female,39,0,252.9918205,729.4176909
1226,Male,25,10,433.0728502,587.2298847
1227,Male,28,0,358.5305288,637.3541701
1228,Female,24,0,240.444832,400.9636851
1229,Female,18,40,715.923685,1329.731793
1230,Female,44,20,475.732826,745.4931628
1232,Female,17,0,593.1680102,838.2922312
1233,Male,18,5,308.5382693,1484.854493
1234,Male,40,50,1005.210722,152.4436854
1235,Male,42,0,182.510201,554.1557078
1240,Female,27,0,601.1279557,247.4886341
1241,Female,31,30,738.9995075,985.5814334
1243,Male,25,40,301.1021536,467.2710151
1248,Male,47,50,775.8480396,862.0246621
1249,Male,16,5,19.3225275,864.0087925
1250,Female,35,0,104.3929068,767.747845
1251,Female,18,0,397.005707,118.5162089
1253,Female,18,0,636.9346812,552.8492137
1254,Female,30,0,733.4229769,118.8365501
1255,Female,34,45,672.3592263,622.8127273
1259,Male,18,40,539.1227659,164.3921957
1262,Male,24,0,922.7045208,97.17693876
1267,Female,18,0,125.1591556,714.6442379
1268,Female,42,60,892.1022403,406.4630777
1270,Male,34,0,339.2532219,528.2867811
1272,Female,20,10,356.400911,81.91881592
1274,Female,39,0,446.89172,416.62908
1275,Female,24,25,818.9007585,984.4267549
1276,Male,39,45,344.9043933,820.920434
1278,Male,24,5,439.1627616,822.390646
1279,Female,30,0,853.4598648,690.9537266
1280,Male,39,10,1244.606482,93.4714026
1283,Female,25,10,913.1880267,171.0074196
1284,Male,42,0,204.994729,649.2918926
1287,Male,15,35,572.2628555,837.4659134
1289,Male,19,55,917.4743809,121.8025059
1290,Male,45,35,151.506431,104.6879241
1291,Male,23,10,-115.2193225,127.0205804
1292,Male,39,0,177.7586373,841.8168765
1293,Female,38,40,606.1840642,645.2608135
1294,Female,26,35,917.0167655,996.5194805
1295,Female,18,45,807.7477959,842.9945158
1297,Male,30,0,114.9851115,699.0528354
1298,Male,48,5,344.0415784,168.5989032
1299,Male,17,25,147.5808978,105.7878194
1301,Male,20,0,169.8167257,535.6207251
1303,Male,37,0,123.8492333,493.9807013
1307,Male,35,45,465.6717237,100.8460841
1309,Male,33,15,449.5975519,590.4694049
1310,Male,26,45,939.8550149,435.3276655
1314,Male,20,0,109.3626572,756.6411325
1315,Male,18,10,519.1093967,820.814837
1319,Female,21,0,222.2948582,113.9201456
1322,Female,25,0,914.8544224,476.9428725
1324,Male,23,0,284.1792601,762.0064025
1326,Male,15,0,836.3975811,640.0626804
1327,Male,20,0,488.2891276,513.7516989
1329,Male,39,0,208.9503721,582.1855401
1332,Male,36,0,934.4686328,509.8483759
1334,Male,18,20,495.4460924,462.4098498
1335,Female,45,0,1294.49142,268.4231285
1336,Female,35,0,274.3295089,736.9197484
1337,Female,17,50,488.8164273,968.0247293
1338,Female,23,0,757.9407398,612.6707178
1340,Male,39,50,599.9512347,706.2020746
1341,Male,15,60,484.6702547,1050.204884
1342,Female,27,40,810.7736436,136.0602068
1343,Female,16,60,80.10469025,537.5184101
1344,Male,23,5,246.4382083,1388.234067
1345,Male,48,0,885.433107,545.4068396
1346,Male,28,0,241.4603416,830.3533234
1347,Male,25,0,257.3933222,456.8836922
1350,Female,35,0,620.9573246,799.9103387
1351,Female,36,20,433.8019288,644.3302448
1353,Female,15,10,698.9600842,743.2117537
1354,Female,46,45,945.4803106,139.0130684
1357,Male,24,0,130.7561903,315.457847
1359,Female,21,0,271.7192928,415.8409721
1360,Female,45,30,697.1221617,814.7048726
1361,Female,29,15,322.2749315,104.2673442
1364,Female,35,0,927.7493424,605.5325834
1365,Male,31,40,528.4600763,546.6508123
1366,Female,34,0,231.1926975,690.6595907
1368,Female,19,0,339.3271988,270.2593911
1369,Male,31,0,909.2579688,731.1299134
1370,Male,41,55,826.227515,130.056456
1373,Female,17,55,850.3102606,78.41103418
1374,Male,38,0,696.1389111,814.7143963
1375,Male,50,50,734.4827813,488.3734024
1376,Female,41,45,400.3090649,94.48886132
1377,Female,29,0,144.2076294,699.3188817
1378,Female,28,50,-608.7186621,521.3367209
1379,Female,28,0,323.3401771,709.4816164
1381,Female,21,0,465.877455,790.511854
1383,Female,47,0,411.1761679,538.3111658
1384,Female,25,60,-412.6184898,734.9098329
1388,Male,49,60,819.656211,101.6466693
1391,Male,19,0,544.7815888,739.1604364
1393,Male,34,0,693.5387638,717.3231138
1396,Female,46,5,242.6148826,500.2027341
1397,Female,47,0,266.2722486,386.1243698
1399,Male,20,45,484.3278707,1109.580216
1400,Male,36,0,781.234719,707.8760634
1402,Female,40,10,382.8960912,158.8856135
1403,Male,20,45,411.1472536,928.875913
1405,Female,21,0,638.4201068,109.3626572
1410,Female,16,0,63.2058391,86.72715202
1411,Female,17,0,932.4099674,477.2568965
1413,Female,22,0,550.7567118,842.9945158
1414,Male,25,0,134.8089676,455.0818274
1415,Male,20,45,887.1355363,118.6493094
1416,Male,49,25,591.3029172,1429.031586
1418,Female,42,25,480.6016969,436.3749641
1419,Female,17,0,366.4627571,717.0274892
1420,Male,26,0,930.8433511,112.2894893
1421,Female,43,40,1002.170267,858.4928864
1422,Male,27,0,730.157069,657.8236903
1423,Male,29,5,46.04378268,137.013082
1424,Male,29,0,490.7420881,731.9604036
1425,Female,41,45,259.9540362,495.1251705
1427,Female,24,15,427.5733614,997.3306822
1428,Female,20,45,345.5476046,545.4068396
1430,Female,19,0,849.094268,789.966621
1433,Male,24,40,440.3227659,101.9696752
1437,Male,18,0,378.4300105,37.42479084
1439,Female,36,0,141.1657187,547.6902051
1440,Male,29,10,821.869224,475.3365933
1442,Female,23,35,631.7141901,487.5312619
1443,Female,43,0,148.6100599,704.8948037
1444,Female,17,55,968.0372118,81.03735926
1445,Male,23,10,320.7608199,154.2568949
1446,Female,17,0,586.3163994,428.379525
1447,Female,31,25,710.8188446,134.579845
1451,Male,19,10,661.7306583,508.2333463
1452,Female,31,20,509.7823493,752.2025695
1458,Male,17,0,509.8768689,409.5940796
1460,Female,18,50,699.3065435,120.235039
1461,Male,40,30,565.4314022,694.1886243
1462,Male,28,10,459.7710473,417.6648262
1464,Male,31,0,547.8962048,296.491523
1465,Female,46,0,452.6800738,686.2719994
1466,Female,15,60,781.6116541,399.5942177
1467,Female,26,25,667.7428017,725.9161437
1468,Male,38,15,678.0842529,118.093881
1474,Female,24,0,438.9018688,642.4278205
1475,Male,19,0,234.8447926,523.2171158
1477,Female,31,20,380.8372173,159.6060968
1482,Female,29,0,326.8196445,301.8920627
1486,Male,35,55,1194.232286,105.7367733
1487,Female,16,25,432.5415272,113.6666677
1488,Female,41,25,960.8559152,436.0797279
1491,Male,27,25,534.7154029,509.8483759
1493,Female,19,0,473.4466033,755.9257934
1494,Female,45,0,302.2635424,398.1976004
1496,Male,45,0,246.6647513,815.6884899
1497,Male,30,0,1601.470058,805.6271884
1498,Male,47,0,370.9535381,680.7425221
1499,Male,29,55,624.5504612,1384.399073
1500,Female,47,0,436.2593125,333.6159724
1504,Female,31,0,605.9306098,824.4083129
1507,Female,45,45,673.2552858,544.2633455
1508,Female,25,0,798.6565591,680.6071535
1510,Female,46,10,534.8244714,86.83950554
1511,Female,37,0,706.8137302,417.0417758
1512,Female,35,0,447.6166058,753.4225523
1514,Male,35,40,396.8995489,1239.491484
1519,Female,41,30,823.098194,713.2834969
1520,Male,43,0,564.6361837,516.0421739
1521,Male,46,45,366.8717237,121.0366065
1522,Male,38,50,470.4229707,1068.752706
1524,Female,47,0,122.8778067,973.0947923
1525,Female,18,45,817.8376376,100.9957845
1529,Female,21,0,303.8800752,760.1025025
1530,Male,37,50,560.4131506,1421.939918
1532,Male,18,50,635.6827813,161.4189837
1533,Female,17,0,213.4960148,41.58310093
1534,Male,29,25,838.2723665,1340.861249
1535,Female,29,55,256.9793486,977.4567848
1536,Female,45,0,389.7410429,985.9063422
1539,Female,34,0,719.01702,708.6260939
1540,Male,19,0,507.0620531,946.8537163
1541,Male,50,0,329.6386844,446.8084342
1543,Male,18,0,220.5946704,605.1830327
1544,Female,16,5,295.3056956,87.98474488
1549,Male,17,20,747.0820829,160.1568647
1550,Female,24,0,647.2457101,698.4198586
1551,Male,25,0,675.4828217,281.3711029
1553,Male,35,10,257.1664887,1297.730847
1555,Female,18,0,1590.298119,456.1590014
1558,Female,19,5,203.2184235,690.9537266
1559,Male,37,0,184.4472234,607.0438549
1560,Female,26,10,156.1127717,83.53296524
1562,Male,22,35,481.7100047,89.36168684
1565,Female,16,0,260.6754554,598.3052791
1568,Female,22,55,-100,851.8291461
1570,Male,31,15,856.8714861,440.5966032
1571,Female,19,0,674.7323768,809.5218935
1572,Male,19,0,505.9172723,89.64532882
1573,Male,21,0,772.4557675,847.5654887
1574,Male,22,0,741.2252133,563.3793222
1575,Female,43,45,635.0509638,751.7966872
1576,Male,39,60,171.4449171,608.2043333
1578,Male,50,0,201.5730243,414.1243677
1579,Female,20,0,243.2020109,582.3015104
1580,Male,21,45,529.3896301,116.7173721
1581,Female,17,0,894.1124548,809.7668418
1585,Male,27,40,569.0435448,146.4178298
1587,Male,25,0,850.471551,90.24240524
1588,Female,44,60,604.0332997,167.6005563
1590,Female,39,0,401.1456214,685.0654098
1592,Male,41,0,495.1003185,732.3527002
1595,Male,42,50,255.4950789,1258.295104
1598,Female,15,0,140.8118976,591.539674
1599,Male,42,40,526.7635661,132.9207783
1600,Female,29,35,825.0806925,553.6219336
1601,Female,20,0,337.088291,568.2481916
1603,Male,30,0,706.2593666,480.1439365
1604,Female,35,45,923.0232247,858.5671169
1605,Female,24,30,617.0929404,1141.242799
1606,Female,23,0,246.010374,517.0492446
1607,Female,26,35,1052.266337,1049.285037
1608,Female,17,45,378.0461518,1453.616627
1611,Male,47,0,112.9125535,833.1843983
1612,Female,26,0,836.2184445,585.4346547
1613,Female,39,25,419.5240982,900.3649214
1614,Female,22,20,483.8910466,731.6335399
1615,Female,39,0,333.2083474,588.4115308
1617,Female,26,5,404.7456112,997.480274
1618,Female,17,35,809.4637482,807.0949185
1619,Female,19,0,659.7144449,520.0179758
1622,Male,28,10,276.9155803,152.0266181
1627,Male,18,0,305.4663557,813.7930781
1628,Male,21,10,426.2718592,1161.469464
1629,Male,44,55,-549.0911469,801.1200215
1632,Female,40,30,515.6586236,1505.207335
1633,Female,37,0,787.3620553,433.0250606
1634,Female,31,0,196.2964614,441.5507242
1635,Female,21,0,1579.259463,851.8291461
1637,NR,19,60,-468.4083482,665.024015
1638,Female,27,0,202.0482013,405.2091131
1639,Female,24,0,591.219952,863.0412353
1640,Male,31,40,1025.887239,760.1025025
1644,Male,37,5,440.2312191,526.4802111
1645,Male,20,0,1727.050692,612.905741
1646,Male,36,60,-390.2780913,1176.994076
1647,Female,19,0,320.7979908,297.4416856
1648,Female,41,0,730.0402859,311.9173251
1650,Female,19,0,235.6564488,564.7274789
1651,Female,18,20,909.1311402,699.2430938
1652,Female,37,50,207.2142524,778.8850483
1654,Male,38,5,820.7604408,116.6894316
1655,Female,49,0,224.9628981,677.1901625
1656,Female,43,0,510.4604866,447.2142534
1659,Male,18,0,214.1239637,550.2339497
1661,Female,39,35,1020.482856,704.8948037
1662,Male,30,0,227.936875,431.1010178
1663,Male,33,0,211.0957041,616.4334536
1664,Male,40,0,512.896956,528.9390968
1666,Female,33,40,898.9270166,78.18236176
1673,Male,41,25,882.7897213,1251.117616
1674,Female,24,10,309.0723085,153.6030576
1675,Female,28,35,830.6293188,154.9605345
1676,Female,24,35,668.8599357,80.02938376
1677,Female,24,0,415.7677577,740.2903514
1678,Female,25,15,21.15824876,126.5525626
1679,Female,26,40,744.6441471,688.0359532
1681,Female,42,45,918.0180623,159.5231245
1682,Female,40,0,140.4428117,705.792342
1685,Male,46,55,536.2873107,859.0624137
1688,Male,39,50,1239.988213,94.47540822
1691,Female,31,40,401.833739,1534.535926
1694,Male,44,0,180.1448315,725.5749432
1696,Female,21,50,306.4004824,533.6064045
1700,Male,46,0,470.0406938,447.3140826
1706,Male,19,0,870.7224492,150.9766815
1707,Female,29,0,640.4677529,436.3749641
1710,Male,33,60,-196.437441,840.3969015
1712,Male,42,0,502.0209819,390.5188654
1713,Male,48,0,479.0017312,794.4280677
1714,Male,18,0,118.0198618,526.4802111
1715,Female,43,0,624.1457178,125.1276731
1717,Female,41,0,517.7451387,736.3595137
1719,Male,20,0,206.620517,612.0157043
1722,Female,38,0,180.7887467,738.739885
1723,Male,19,40,667.3722773,121.9546055
1724,Male,25,5,138.8882769,439.9237244
1728,Male,37,0,236.0645071,547.1179595
1731,Male,29,0,893.0773182,769.4234939
1732,Female,24,30,613.1574394,1353.936384
1733,Female,22,45,641.6665653,1410.28634
1734,Female,37,50,511.7993521,405.3526675
1737,Female,32,0,348.8108914,479.8124922
1738,Male,29,20,581.0269872,146.9819666
1742,Male,18,15,207.2053472,386.1243698
1743,Female,40,0,297.077486,702.0785131
1744,Female,46,35,967.9970622,109.3301625
1747,Female,37,35,693.1096914,840.5824597
1748,Female,28,5,231.8524736,583.5868606
1749,Male,45,45,737.2962561,415.578139
1750,Male,48,0,915.0687084,494.0315033
1751,Male,36,0,802.0727131,706.8046097
1752,Female,21,35,598.0741329,1361.954039
1753,Female,27,55,684.7271179,1009.305625
1757,Male,50,0,445.8756093,656.4552332
1759,Female,29,50,-533.6738822,839.052448
1760,Female,37,0,643.3902491,779.449975
1761,Male,36,55,918.0305723,168.5085446
1762,Male,27,0,919.6454324,452.9378736
1763,Female,45,0,143.0101541,564.07605
1765,Male,20,30,834.677891,594.8551055
1766,Female,18,0,909.9508699,413.634381
1767,Male,42,0,438.7645224,590.4694049
1772,Male,28,0,990.200637,514.1452415
1774,Female,38,35,420.1820127,497.251982
1778,Female,41,15,650.2465154,1095.818244
1781,Female,23,40,809.0343149,166.3778423
1783,Female,27,0,365.183807,406.1321852
1787,Female,29,50,694.540721,91.37673844
1793,Male,24,25,232.6183971,97.28225774
1796,Female,46,0,222.1524369,546.9037527
1798,Male,17,0,396.5525179,573.8143014
1799,Male,33,0,249.4019746,645.2608135
1800,Female,34,55,392.0042984,156.3447607
1801,Male,45,0,1744.808082,550.6683114
1802,Male,22,30,247.628622,142.0857851
1803,Female,20,0,759.8898969,527.1294153
1805,Male,18,0,116.2887695,454.972029
1806,Male,48,0,272.2368841,823.7698747
1808,Female,38,60,357.4195008,78.45156524
1810,Female,23,0,1460.314138,637.0689366
1814,Female,16,0,327.8813094,811.4290005
1817,Male,50,5,448.4372696,118.7503007
1818,Male,20,0,366.5502503,763.3363482
1819,Female,43,20,571.0493739,121.1065167
1821,Male,48,0,763.1493123,307.2549928
1823,Male,20,20,456.3268619,487.2334406
1827,Male,24,30,1145.986005,473.3144223
1831,Female,28,0,117.5593328,468.568591
1832,Male,23,45,420.9981196,1290.649481
1834,Female,35,0,1159.605928,354.6276766
1835,Male,27,5,651.8157041,141.3385301
1837,Female,49,5,543.5587376,593.8722816
1838,Male,16,50,151.3015427,798.4972595
1839,Male,36,45,901.0197529,616.9166951
1840,Female,19,35,895.5268057,668.1740291
1842,Male,21,55,837.0073757,167.2465842
1844,Female,41,25,604.382669,106.8715181
1845,Female,33,20,762.4046116,432.7139157
1846,Female,40,0,897.9630865,714.7322844
1847,Female,26,45,571.077848,956.7471226
1848,Female,34,0,102.3673291,749.7506999
1852,Male,45,20,611.2133147,155.7799487
1853,Male,20,30,807.627703,781.4963456
1854,Male,17,60,-561.5885853,1268.810647
1855,Male,18,0,125.5738043,118.7134951
1857,Male,44,40,736.8556218,86.80089426
1859,Female,39,5,420.6914302,166.0706647
1861,Female,35,0,532.219974,779.6913596
1863,Male,18,0,314.8222902,466.8871675
1864,Female,39,60,1201.135823,154.3120468
1866,Female,45,0,338.0636984,655.6947801
1875,Male,40,0,289.6453288,726.7653537
1876,Female,50,55,736.8069428,118.9710211
1878,Female,21,0,396.9729538,699.2430938
1879,Female,23,60,530.3206845,129.0521627
1881,Male,34,30,680.82588,1516.576901
1884,Male,44,0,718.5232348,807.5647929
1886,Male,34,30,986.4263238,637.3541701
1887,Male,24,55,688.2200525,481.0446479
1889,Female,22,0,1636.534718,414.538143
1890,Female,37,40,836.6811556,993.4724585
1892,Female,35,0,283.0902426,712.4500675
1893,Male,23,60,-452.4564682,1545.287196
1894,Male,27,30,421.8690209,787.6890757
1895,Female,36,10,525.3702816,96.4155815
1896,Male,28,0,290.7541662,866.3238946
1897,NR,46,55,215.0442948,749.932344
1898,Female,37,0,244.0119687,794.9394094
1900,Female,16,20,888.8184902,777.345629
1902,Male,30,60,756.2195008,477.2568965
1903,Female,48,0,158.1915673,700.1644788
1904,Male,25,25,478.759686,500.2027341
1906,Female,15,10,274.7073953,1288.996748
1907,Female,21,0,325.1913418,473.7005398
1909,Female,18,0,165.2596167,579.2702215
1910,Female,38,30,926.7198562,1142.727661
1912,Female,42,0,234.5399508,404.0334596
1913,Male,31,0,734.0647289,466.9902554
1914,Male,17,0,275.137996,609.0125293
1915,Male,32,35,760.3988121,80.6573493
1916,Female,27,30,813.1944656,1560.371568
1918,Male,36,0,592.4611945,95.29897727
1919,Male,21,40,909.5736436,139.8486188
1920,Male,49,55,1066.837212,482.0779075
1922,Male,45,40,534.8341032,705.6993076
1923,Female,33,0,391.2295597,684.1558019
1924,Female,23,10,605.5826575,162.9428793
1931,Female,30,40,1091.106256,175.6067834
1932,Female,22,50,638.3403444,782.1442893
1933,Female,24,15,769.9257365,166.5321883
1935,Male,23,45,487.4953663,568.3333384
1938,Male,45,40,692.1416446,97.56766202
1940,Male,20,55,652.2362618,141.4523518
1943,Female,41,0,100.6843953,238.1584514
1944,Female,23,0,436.9434237,616.5161153
1946,Female,40,10,425.6098931,167.2452595
1948,Male,46,45,-629.5097868,1224.541861
1949,Male,36,45,347.4146541,708.6260939
1951,Male,48,0,150.67166,863.1504176
1952,Male,19,0,336.8129152,690.6231428
1953,Female,29,60,891.0174716,143.9940401
1956,Male,46,0,536.6247474,745.9318465
1962,Female,47,0,824.0794304,655.0220446
1963,Female,28,25,481.148057,485.4772667
1966,Male,22,0,273.989735,431.8586828
1967,Male,17,60,1018.456211,485.4772667
1968,Female,23,0,78.77464902,112.4414226
1969,Female,21,45,360.4670295,1042.077661
1970,Male,20,25,566.3949178,841.8168765
1971,Female,28,30,481.1886586,1111.201502
1973,Female,30,0,128.0071266,589.5820229
1976,Female,39,0,174.4679339,262.0228316
1978,Female,35,35,782.277356,172.8767463
1982,Female,36,35,522.412263,481.0446479
1987,Male,22,15,547.6614961,1494.635982
1988,Female,48,0,231.9344502,719.2253216
1989,Female,50,0,364.5072438,74.3295089
1993,Male,29,0,833.9135507,434.1975277
1994,Male,24,0,602.6273533,393.6251374
1996,Female,17,45,816.369994,112.81521
1997,Male,29,20,415.7297097,428.379525
1998,Female,49,45,628.1896301,110.7565114
2000,Female,17,0,811.8798182,832.4952688
2002,Male,42,60,737.8954879,129.5720511
2007,Male,23,0,193.5663236,782.0340198
2008,Male,49,0,821.0498363,712.6774274
2009,Female,19,0,579.3111446,839.0971839
2010,Male,24,10,376.4767467,1356.160594
2014,Female,41,0,286.7854823,264.5638647
2015,Female,18,0,876.6986874,533.1657861
2016,Male,26,10,571.6998812,87.73249006
2017,Female,19,0,624.8936178,555.8676619
2020,Male,25,40,1101.537821,83.1156278
2023,Male,39,40,785.0116609,1271.163734
2025,Male,28,10,455.200911,483.4122538
2027,Male,40,0,885.1671645,878.0339168
2028,Female,26,45,800.8212828,154.5213434
2029,Female,23,35,719.277302,79.73513264
2030,Female,50,50,739.861596,87.6470244
2031,Female,38,0,141.3951305,731.2399883
2033,Female,25,40,632.2706053,164.712782
2035,Female,39,20,489.5253348,729.6348015
2040,Male,48,0,332.3810866,422.4197332
2041,Male,43,0,269.3760718,709.3393844
2042,Male,37,0,514.9401419,374.035136
2043,Male,24,30,555.3564652,121.6408667
2044,Female,37,25,209.3565574,88.11932064
2048,Male,29,15,367.2897424,98.05340328
2049,Female,33,0,762.1766807,735.4770007
2051,Female,32,0,174.4067304,528.6838664
2052,Male,27,45,887.3884866,108.4827809
2054,Female,23,50,232.0560922,1429.970522
2055,Male,38,30,565.3593311,688.4452915
2056,Female,25,40,506.0344241,1368.457061
2058,Female,16,0,470.3612971,532.0536423
2059,Male,46,15,328.6590417,155.4926908
2060,Male,18,55,201.2291819,1238.273932
2063,Male,42,25,571.4874798,756.6411325
2066,Male,36,50,417.5213502,707.2617592
2068,Male,27,5,289.0058404,1180.250604
2071,Male,44,55,389.6137474,1014.08278
2073,Female,22,0,468.568591,760.7759534
2075,Female,44,20,764.1906332,800.3733446
2076,Male,49,0,620.6412675,634.7265323
2078,Female,25,0,449.4765829,81.98677775
2079,Male,26,0,800.7350289,790.9607335
2084,Female,20,10,929.0785551,1561.654712
2085,Male,32,0,921.9286026,297.1769388
2088,Male,43,60,854.7099697,165.2657696
2090,Female,25,50,365.7072733,1252.975002
2093,Female,28,40,729.6962792,111.4940252
2094,Female,35,45,798.649638,103.4098489
2095,Female,50,5,122.0804093,553.1193462
2100,Male,22,0,569.0912481,436.0797279
2101,Female,45,0,462.0838207,732.995227
2102,Female,28,15,610.7252093,1258.637569
2104,Female,35,40,954.6322842,396.4187775
2106,Female,50,0,449.2017122,30.7995164
2107,Female,39,50,-371.7723733,1458.801084
2108,Female,31,10,432.7612511,765.4156899
2110,Female,22,20,446.1105605,888.9381085
2111,Female,44,0,303.092711,846.1784134
2112,Male,30,0,158.5823994,452.6138181
2114,Male,42,0,941.2999407,500.0149444
2116,Female,23,25,639.7369602,91.5288508
2118,Male,31,0,400.7650845,873.0599419
2119,Male,26,0,649.5634318,588.3454191
2120,Male,44,0,426.9601556,659.4167883
2122,Male,28,15,940.09527,1394.64481
2123,Prefer to supply my own response,42,0,715.7971354,632.8488871
2124,Female,29,0,435.6862387,375.9658741
2126,Female,26,35,627.4026296,748.0406502
2127,Female,29,0,637.8646938,740.6426396
2130,Male,17,5,680.8400226,447.0496926
2134,Female,49,0,486.6426078,538.6172142
2137,Male,62,0,265.621925,424.4354493
2138,Female,26,0,289.4340736,668.1740291
2139,Female,22,15,699.8428851,138.8377249
2140,Male,16,0,284.7759296,689.5295588
2142,Female,42,0,222.0745311,694.1886243
2143,Female,44,0,158.4742923,609.7730273
2144,Male,25,30,555.5943708,155.7858068
2145,Male,42,0,754.3735211,506.5089562
2146,Female,16,25,464.0844911,744.225928
2148,Male,31,60,50.49558764,1441.411783
2153,Male,50,0,281.331986,137.5009032
2154,Female,29,0,381.5746562,852.1683447
2155,Male,31,0,571.6057417,683.9546802
2156,Male,45,0,687.7694681,578.9320341
2160,Male,42,0,230.6023078,475.3365933
2163,Female,17,15,457.4838026,535.8549491
2164,Male,43,30,786.0842023,938.4060976
2166,Male,27,0,1771.476678,616.5463295
2167,Female,27,60,893.6095259,161.1254377
2169,Male,26,0,839.0971839,391.2295597
2170,Male,44,50,355.6832221,852.5056381
2171,Female,29,0,269.2187009,743.2185518
2172,Male,45,0,485.6339583,459.7983768
2176,Female,32,0,941.6712731,401.2673682
2177,Male,17,35,499.3821345,86.37173656
2178,Male,21,0,272.4553499,118.9960388
2179,Female,22,55,1095.432286,123.3092659
2180,Male,27,10,180.4343232,99.81569502
2187,Female,16,20,-71.55929147,1089.329459
2188,Male,36,55,224.1349894,607.0438549
2189,Female,18,0,124.6995783,164.5072438
2190,Male,21,35,250.306431,490.3565108
2194,Male,38,10,823.429407,595.1940075
2197,Male,39,0,580.3860758,406.6552625
2207,Male,49,0,419.4162351,473.9570253
2208,Female,30,10,172.3908909,155.4915393
2209,Female,24,0,1524.353361,492.9640609
2210,Male,18,0,326.0410397,382.836887
2211,Male,41,25,341.9637174,135.5045276
2215,Female,18,0,821.6869234,552.5126332
2218,Female,37,50,740.2778777,455.6973951
2219,Female,27,45,455.374047,532.0536423
2220,Female,25,0,690.0467002,388.7467763
2223,Female,27,0,725.8881621,215.303801
2224,Male,39,60,802.4694351,444.6518581
2225,Female,43,0,1738.576047,809.6644435
2228,Male,27,35,918.6661065,863.0412353
2229,Female,19,0,880.5295544,864.6664374
2232,Male,25,60,537.7619623,708.5252473
2233,Male,18,0,461.1831981,437.0385058
2234,Female,25,0,306.9051329,777.4634542
2236,Female,39,0,863.5253462,826.6237198
2237,Female,17,5,149.9597585,454.972029
2241,Female,22,0,421.4394889,530.4970549
2242,Female,28,10,545.0243918,107.503682
2244,Female,39,20,560.7218997,160.3669277
2245,Male,25,40,396.2904894,472.3770411
2246,Male,29,0,1169.888282,842.5427229
2248,Female,29,20,354.0232549,490.2670164
2249,Female,17,10,503.4138887,1282.303019
2251,Male,36,5,404.3978952,626.446313
2253,Male,18,55,822.1434842,143.2218608
2254,Female,21,40,716.0256797,758.2441205
2255,Female,29,15,527.6720893,145.1149886
2258,Male,21,0,100.4000159,840.7940124
2259,Male,29,0,121.9486935,410.8028381
2262,Male,30,0,289.8719536,556.678549
2263,Male,24,25,542.1491334,1529.160713
2264,Male,40,30,536.3476948,634.0237773
2265,Female,26,0,271.0565936,665.7099811
2266,Female,29,0,938.6889172,465.7631773
2268,Female,35,0,920.2680727,439.5677437
2269,Male,20,0,748.1336347,525.6424874
2270,Male,25,35,644.9267765,87.04473498
2273,Female,27,20,295.3640543,816.9585365
2275,Male,42,0,258.2481356,796.7644826
2277,Male,26,30,524.6217937,846.1784134
2278,Female,25,60,10.30034908,1439.518942
2281,Male,30,40,512.9715596,727.2602273
2284,Female,27,30,700.9613453,729.3362333
2286,Female,50,0,301.9947122,572.2597749
2289,Male,25,45,684.7899479,1566.561874
2292,Female,49,0,405.6424281,466.5433978
2296,Female,29,10,1011.988027,168.1588025
2298,Female,29,15,329.5669688,129.3968363
2299,Male,50,20,566.4073649,713.5192031
2300,Male,27,0,435.2784602,358.6452171
2302,Female,17,45,292.6830063,612.0625675
2303,Female,47,30,617.3270786,171.960633
2305,Male,29,0,484.3516172,272.585105
2306,Prefer to supply my own response,45,0,712.7960928,569.743196
2308,Male,17,0,171.1533378,535.895747
2309,Female,39,0,587.1772968,471.1155795
2310,Female,20,0,459.1600217,440.5966032
2312,Male,15,0,253.0088236,478.8375845
2313,Female,34,5,185.0696396,516.0421739
2315,Male,20,0,166.0146196,557.4780365
2317,Male,20,35,747.5663869,172.0731218
2320,Female,36,0,920.3012891,428.3792228
2321,Female,21,45,788.3355363,114.4601193
2323,Male,45,45,492.6752956,847.5654887
2324,Female,15,0,259.2661253,194.646235
2325,Female,19,0,216.4271659,778.7480625
2326,Female,18,30,503.3081561,990.6939599
2328,Female,18,0,441.1893408,435.3276655
2329,Male,24,0,163.7210691,644.0699762
2332,Female,37,60,702.05145,501.56166
2339,Female,27,45,747.5232494,97.50625238
2340,Male,17,0,368.8944468,553.2741086
2342,Male,35,55,356.5243315,1387.263912
2345,Male,15,50,686.9268025,627.1770632
2346,Male,18,30,536.9490418,142.7148047
2347,Female,28,5,523.8360204,138.1319181
2348,Male,38,0,718.7123192,500.6666341
2350,Female,39,0,286.0625683,472.4443066
2352,Male,30,0,300.5639779,716.1093042
2355,Female,31,0,868.6552827,486.2832395
2356,Male,16,0,483.3371042,526.0177847
2358,Female,23,10,245.0965843,115.9744894
2359,Female,34,15,870.993498,490.2670164
2361,Male,17,35,460.0294009,1405.737981
2362,Female,16,0,443.1865082,740.788202
2363,Female,28,0,255.8974566,797.067147
2366,Female,50,15,342.2735033,994.5227398
2367,Male,22,0,134.6828719,656.6142163
2368,Male,21,0,247.7105107,449.2017122
2370,Male,23,0,492.6881593,653.8855979
2372,Female,43,0,113.31779,516.1552931
2373,Male,17,0,574.3007306,442.1921994
2375,Male,44,55,248.2231027,739.487887
2380,Male,46,0,965.2881068,601.175195
2382,Male,30,35,535.2333385,152.0507846
2387,Female,43,30,574.9193847,91.21338156
2388,Male,17,20,774.0403402,1048.722531
2391,Male,43,25,860.9074245,471.1155795
2392,Male,28,60,-225.2283946,488.3734024
2401,Male,20,0,792.2656079,460.2291362
2402,Male,20,25,957.1376233,1347.808219
2404,Male,16,15,201.1274384,123.6792686
2405,Male,23,0,311.0700313,695.0653422
1,Female,21,0,383.8915825,620.0520199
2,Female,39,15,230.7669688,108.8939414
3,Female,15,0,248.0826749,533.6064045
5,Female,17,0,444.0590038,554.2464896
8,Male,47,20,437.139885,772.606717
10,Male,26,0,267.5426054,697.6098462
13,Female,43,35,699.9259941,117.4459769
14,Male,31,60,-562.6015725,1152.112825
17,Male,21,5,318.1956845,117.0882073
18,Male,28,0,856.0117915,569.9028969
19,Male,16,0,360.4370426,465.2488633
21,Male,27,35,995.2227369,557.470126
22,Male,30,0,711.2478574,466.1402489
24,Male,24,5,415.4691982,851.9659601
29,Female,33,0,675.9784231,537.7915163
30,Male,30,50,-430.03339,907.6147571
31,Female,24,40,676.2771753,797.8719056
35,Male,33,25,776.5534574,730.9639341
37,Female,35,0,366.3889006,770.6547681
38,Male,27,0,523.5106277,746.5098948
41,Female,42,0,247.4295063,808.5671197
49,Female,42,40,518.0968938,1259.535956
50,Female,40,40,680.7479249,877.5562714
51,Female,38,50,777.0072705,124.5625455
53,Male,16,50,670.4725125,1417.840336
54,Female,36,0,375.1558383,593.7515033
55,Male,34,40,427.9635661,97.44668812
56,Female,41,0,564.7675478,821.9609783
57,Female,18,0,273.7658211,606.0947739
59,Female,24,45,886.355781,1459.540382
60,Female,50,0,322.2286513,243.1865082
65,Female,50,0,-141.629192,734.4108717
66,Male,37,0,1278.089476,542.8853974
67,Female,24,55,498.0926356,124.1394095
68,Male,42,0,366.5328752,717.5670592
69,Male,31,0,250.0523112,781.2974645
70,Female,29,0,312.1936896,690.6029553
71,Female,47,30,636.6094758,471.8679641
74,Male,19,10,267.2001147,614.5633448
75,Female,42,50,568.6659468,113.6496383
76,Male,32,0,159.9368817,800.7843237
79,Male,34,25,1067.617684,131.0005601
80,Female,46,0,489.1826221,540.6107242
82,Female,42,5,151.7317711,1335.504873
86,Female,29,0,896.9390739,342.2751799
88,Female,42,20,733.2993044,456.4529938
91,Male,22,40,624.7507169,79.19426258
94,Female,46,0,304.5354417,875.2666161
95,Male,28,5,207.0403154,127.470834
97,Male,37,0,601.0270572,443.6822055
100,Male,23,0,178.5543273,731.9190997
102,Male,28,0,402.6682888,557.0823347
106,Female,33,0,654.9661356,476.8022539
107,Female,50,20,780.968528,90.9944058
108,Female,30,0,389.4899851,884.9357536
110,Female,25,0,704.0016614,616.2126129
111,Male,42,0,629.6445804,712.5725397
112,Male,29,0,552.4316764,281.9867777
116,Female,29,0,686.6570744,429.7756203
117,Male,20,55,985.8890573,158.1921467
118,Female,24,20,681.8017766,1487.391926
121,Male,36,0,820.3677464,47.24340935
122,Male,33,50,467.5326819,107.5583033
123,Male,26,0,698.7779904,478.4477846
125,Male,25,0,169.594027,410.8551534
129,Male,19,0,186.0036132,548.0362828
132,Male,37,20,744.3855414,81.22643704
133,Male,30,0,284.6300908,385.6453358
134,Male,30,0,24.21598632,243.5504754
135,Male,24,25,772.9053781,83.325816
141,Female,15,55,1094.943481,402.291646
142,Male,25,0,153.8598623,823.56391
143,Female,42,0,144.1771589,396.5202534
144,Female,19,35,1233.915566,1286.359628
146,Female,29,0,733.0657505,563.4410076
147,NR,24,0,536.3888989,495.4303431
148,Male,40,35,733.5203932,930.8759105
149,Female,49,50,432.627279,528.9390968
157,Female,21,0,669.6767933,816.9560448
158,Male,23,5,227.4949984,89.62170232
161,Male,26,0,1067.984568,370.9535381
163,Female,32,15,583.9121151,738.739885
164,Female,38,0,459.4073937,608.2043333
167,Female,29,30,445.4048508,163.1023948
168,Male,47,0,929.446982,553.7825568
170,Female,45,40,624.6999804,1183.635262
174,Male,19,45,326.4348657,710.0606718
175,Male,40,45,672.7709245,95.39634632
178,Female,23,0,293.6036091,361.467206
179,Female,38,55,1843.166126,495.1251705
184,Female,18,20,649.953212,655.6947801
185,Male,25,0,216.863008,548.3953946
189,Female,23,60,792.4095259,141.7252188
193,Female,26,0,648.1506683,389.4625476
196,Female,19,30,942.4674048,157.9783824
199,Female,33,0,691.832183,600.3515396
201,Female,19,0,126.2930933,291.4072772
205,Male,33,0,22.38730952,105.8033995
207,Female,40,35,554.8690383,110.8492979
208,Male,43,0,797.1691605,507.3390056
209,Female,27,5,260.8920378,485.9309359
210,Female,28,0,633.4571259,332.6527827
211,Male,40,25,312.1461332,109.4788124
213,Female,34,0,446.2574211,338.0636984
216,Male,27,0,1030.015056,464.5020052
217,Male,37,0,260.579115,514.6515253
219,Female,20,45,372.4889392,771.083145
221,Female,22,45,756.9495134,398.6756632
222,Female,15,25,594.9555394,1406.335436
223,Male,18,0,495.6164595,329.3976922
225,Female,15,45,487.0440535,555.1743682
227,Female,25,0,454.4870243,690.1144608
231,Male,15,20,491.6390813,551.9291436
235,Male,44,0,405.9032924,292.6881593
237,Female,25,15,693.366377,1053.793866
240,Female,24,35,945.8313955,160.7060759
241,Female,18,0,257.0951539,708.8651002
242,Female,28,55,996.1434812,139.6839717
244,Female,24,0,486.656458,336.424112
245,Male,36,30,875.9378134,1390.692091
249,Male,23,45,680.0654604,641.2727566
250,Male,29,0,109.0473121,781.0449432
253,Female,21,25,1055.835557,867.5859509
260,Female,41,0,257.4722188,474.1023863
262,Female,15,0,802.1636756,688.0529025
265,Male,19,0,498.3440612,429.0734934
269,Female,37,0,348.669988,758.4958419
271,Female,24,45,475.2873228,841.9679341
273,Female,34,5,199.3373623,828.0145943
274,Male,23,20,-346.2914449,1348.000067
275,Female,48,0,262.0623164,843.5720061
277,Female,49,0,342.712802,778.3870187
278,Female,46,0,194.8699837,467.2710151
282,Female,30,0,728.5194243,421.2467336
283,Female,39,15,452.4766192,113.7112614
284,Male,25,30,697.2245982,77.74935526
285,Male,28,0,869.2880234,562.8584584
287,Female,26,0,235.8368023,357.3691491
291,Male,22,0,242.0119559,644.3302448
292,Female,21,0,489.3790024,782.4585027
297,Female,44,0,484.3690995,716.9127498
298,Female,48,45,637.9939623,658.4969681
303,Male,26,40,875.5160284,714.6442379
306,Female,27,25,816.2304605,161.9533684
314,Male,37,45,841.0550149,155.081638
321,Male,28,20,802.1780113,158.8651583
322,Female,23,60,93.0760305,1356.618307
326,Male,34,0,946.8537163,28.58362786
328,Male,36,0,124.2444774,222.8928775
329,Male,42,40,609.3977041,142.4781132
330,Male,36,50,-605.8080615,534.3575906
333,Female,18,0,824.2926305,632.0013122
334,Male,22,0,451.7286048,785.7405274
335,Female,20,0,783.9108985,467.6284275
340,Male,18,25,585.3759186,1407.102846
344,Female,45,10,242.7613679,1474.797997
345,Female,16,0,258.1443848,625.0112687
347,Male,16,10,324.1579423,821.6153888
349,Female,30,60,-498.7834279,1505.219258
350,Male,23,20,692.3070145,381.5570983
351,Male,42,60,389.1077977,394.9840174
353,Female,17,45,568.704407,840.7940124
354,Female,62,60,-500,1436.454871
355,Male,21,40,669.9851735,161.4037973
356,Female,28,30,346.428622,158.9878819
361,Female,23,0,866.0560749,117.5593328
362,Female,27,60,821.3785384,156.2594929
365,Female,19,0,246.048653,860.3656089
367,Male,28,45,380.9903536,805.1653487
369,Male,18,60,329.4914358,89.46281652
370,Male,16,45,417.5646005,871.9035166
371,Male,49,50,1019.145539,495.4303431
376,Female,27,55,652.4568208,674.3807347
377,Male,37,0,258.8725693,557.470126
378,Male,30,0,236.5666226,723.4369863
381,Male,32,0,753.0371872,279.2071967
384,Female,18,0,966.6742085,812.7105699
387,Male,22,55,896.529133,134.470781
388,Male,19,0,341.1319307,742.2341389
391,Male,41,10,472.8998812,171.037752
393,Male,17,0,1333.484408,446.2574211
396,Female,21,0,449.6562589,849.5337294
398,Male,16,0,86.97874565,285.2255803
399,Female,29,0,1200.198484,470.5917381
400,Female,43,0,345.2960886,560.7253474
402,Male,47,15,330.5607681,110.6238692
403,Female,49,0,317.8757929,406.3234351
404,Male,29,0,497.6536433,474.0400613
405,Male,17,60,204.2485733,143.5319616
408,Female,24,15,417.0288195,800.2958427
410,Female,26,0,1280.935506,836.2329211
418,Male,42,10,-192.4622287,790.8463579
426,Female,38,10,379.0806932,1323.858601
427,Male,41,60,257.4673853,809.7668418
429,Female,39,0,637.1163727,619.9885354
430,Male,38,0,445.547435,364.9002201
431,Male,17,10,179.2343232,168.7533052
432,Male,25,0,120.0910943,705.0658171
433,Female,17,45,461.7399096,438.6755728
435,Male,48,0,403.5014443,613.8209032
436,Female,39,35,568.5427711,486.4112887
440,Female,34,0,353.4068651,423.1965489
442,Female,27,35,518.6521103,1559.38301
446,Female,28,50,906.4107224,104.326223
448,Male,30,0,446.7254646,478.7289915
449,Male,21,0,113.9090347,688.0359532
451,Female,36,0,243.2135405,641.0878379
452,Male,23,0,294.1224854,781.7238034
453,Male,17,0,253.9907669,919.5327642
455,Female,16,0,457.1869909,298.3440612
463,Female,15,0,489.1972157,686.8907518
464,Female,36,0,429.4261787,859.8031648
466,Female,38,60,989.8174716,80.80669192
467,Male,16,40,593.3416446,140.891849
469,Female,33,0,203.4720995,415.578139
471,Male,45,0,659.8696882,837.2913266
472,Female,38,50,917.2309849,473.6142434
475,Male,17,0,474.1559038,466.3952013
479,Female,16,20,691.7717078,760.2539229
480,Female,23,20,634.4993044,170.5039918
481,Female,31,0,111.3099028,663.0055344
483,Male,36,20,633.0402102,457.644254
484,Female,24,0,533.992284,541.5801892
488,Male,20,0,324.7027279,682.9751242
489,Male,45,30,481.1784126,731.9864993
492,Female,25,15,474.9048804,438.235122
493,Male,21,0,713.8087666,602.1464635
496,Male,23,0,578.6173392,315.6145706
501,Female,46,5,252.6808573,938.9360074
503,Female,20,25,410.9461332,449.2750263
507,Female,18,0,1737.310565,650.669223
508,Female,20,20,396.6460924,134.8761469
511,Female,15,20,717.8661629,515.6459051
516,Male,18,50,766.7920235,1517.538114
519,Female,29,55,690.8666483,1368.239563
521,Male,26,0,146.8269376,321.4099145
522,Female,17,20,368.3010325,550.3855333
524,Female,35,25,960.2946455,1586.47475
527,Male,31,0,159.8564576,781.4963456
528,Male,16,15,792.5440838,908.9620609
531,Male,41,0,1899.542737,770.7021733
532,Male,35,0,475.056373,872.5789034
533,Female,31,5,252.7722204,96.68245076
534,Male,24,25,479.2237162,96.20892958
537,Male,25,45,1112.254501,466.8871675
538,Male,44,0,441.6300968,415.0631297
540,Female,23,15,403.5381,705.0658171
541,Male,15,0,1508.497224,875.0239033
543,Male,46,25,355.3352367,560.7253474
546,Female,23,25,760.2728706,438.6624503
548,Female,29,0,406.8789255,532.6214873
550,Male,15,0,220.0015937,782.1442893
551,Female,22,0,674.7791849,583.1397795
552,Female,18,0,265.1031142,562.4196823
556,Female,43,0,496.1957038,690.6665613
557,Female,31,50,511.0123615,852.4001648
558,Male,38,50,232.4810323,804.6894467
560,Male,29,0,266.5285925,674.3807347
566,Female,28,5,292.642933,720.9615817
567,Male,39,55,123.4849345,1288.078366
568,Male,37,0,218.151833,542.9206393
571,Male,19,0,476.6563588,769.1105963
572,Female,41,55,749.6356737,103.129181
573,Female,50,55,672.7213068,163.3917073
574,Male,50,0,588.5016843,785.1578096
575,Male,17,0,260.8651302,699.7421975
576,Male,16,15,569.3675799,616.5463295
580,Male,37,45,848.1740986,1333.156751
581,Male,43,55,-608.3170929,790.9607335
583,Female,24,25,1005.722734,146.3920807
584,Male,47,55,684.7866931,110.5025266
586,Female,50,5,679.4494706,1517.390128
588,Female,42,0,167.2454811,548.0340054
593,Male,19,0,335.4115044,401.2611122
595,Female,20,0,344.8658314,-577.110115
597,Female,49,0,581.4128469,776.9433167
600,Male,16,40,503.9287392,1143.185224
603,Female,15,45,287.404346,161.4807864
604,Female,16,45,-549.9629632,1087.973454
605,Female,49,0,382.0464011,594.6504048
606,Male,35,0,340.6556369,166.0146196
607,Female,15,20,473.6103781,700.819374
609,Male,35,55,-118.1553105,525.6424874
611,Male,19,0,420.57268,803.3007228
612,Female,17,0,285.524385,302.4407068
613,Female,46,5,259.5228824,548.0340054
620,Female,26,25,415.1796862,160.6601446
622,Female,31,10,539.5761086,783.3632478
623,Male,44,30,673.7193847,99.4503964
624,Male,31,5,305.8403154,131.5647381
626,Female,32,5,245.2415784,99.0250341
627,Male,15,45,715.5346425,903.3161972
628,Male,25,10,392.4220243,85.675905
630,Female,45,25,280.7530128,166.6368797
633,Female,25,20,580.5294995,641.0878379
634,Female,27,25,505.582669,134.1730883
640,Female,39,0,264.9117767,551.9291436
643,Male,20,0,430.0945271,735.3172975
644,Female,38,0,1296.301337,487.8383101
645,Female,47,0,269.9457663,451.5161127
646,Female,26,45,988.6014253,78.99680348
649,Female,23,0,259.3844473,615.677401
655,Male,35,0,827.8038535,243.6822055
658,Female,26,50,764.5962467,130.7771196
662,Female,30,30,1000.7036,531.5261792
664,Female,33,35,624.1041779,554.2464896
665,Female,37,0,368.8727589,286.276154
666,Male,28,40,568.354746,870.1420568
667,Female,21,0,1023.031063,660.1164103
670,Female,27,0,105.1565638,267.6975171
672,Male,28,0,448.1823411,677.9985164
673,Female,26,0,274.1734842,531.986153
674,Male,23,0,261.4199247,429.8595873
676,Male,25,0,828.8926938,337.8475631
677,Male,50,0,265.6259064,521.3367209
679,Female,24,0,228.5836279,714.0893246
683,Male,30,0,265.631357,683.4352394
686,Male,29,0,475.6047913,192.9120396
688,Female,17,0,634.5378553,496.7290408
689,Female,31,0,622.1064143,714.3067142
690,Male,50,10,276.9358846,748.162269
691,Male,41,0,818.2673591,428.3284353
692,Female,35,0,737.396324,193.5663236
695,Male,28,60,677.3437684,88.93037162
696,Female,26,0,248.4239366,748.7823441
698,Male,24,15,954.2730405,169.9067459
699,Female,39,0,289.2359355,751.2241989
700,Male,21,5,227.6246207,173.3746187
702,Female,29,15,758.2253931,146.5990454
704,Female,17,0,479.9179562,528.894771
706,Female,19,25,907.1416028,583.1397795
707,Female,47,50,585.3519532,128.2175676
715,Female,16,0,505.2029577,389.5262873
720,Female,33,0,305.6396658,849.5172886
721,Male,20,10,635.0556608,1424.620928
722,Female,15,0,464.0835737,785.609671
724,Female,37,45,386.204346,444.1620521
725,Female,24,5,309.8620326,528.6838664
728,Male,29,0,142.7621925,396.4163392
729,Female,48,0,432.1314928,406.1302338
731,Female,28,30,438.1490418,466.9051628
732,Female,22,15,223.4749315,170.480033
736,Female,28,30,602.3343732,173.2647789
738,Male,41,30,868.2572606,96.00097694
743,Male,22,35,446.1565548,1210.237029
745,Female,49,0,714.2566294,289.9175532
746,Male,38,50,941.061596,440.786271
750,Female,42,0,327.1122292,862.0246621
753,Female,17,10,333.0715061,1274.176914
754,Female,46,20,555.47868,1533.292463
758,Female,26,15,365.176713,163.0327095
760,Female,45,40,753.5557912,696.0972231
762,Female,21,15,108.4053472,78.72502748
767,Female,24,45,968.0746126,1273.071167
768,Male,28,45,528.4111806,732.995227
769,Female,35,60,283.9890966,1470.525366
774,Male,47,0,309.7377286,635.102902
775,Female,26,30,515.9531922,474.8278191
779,Female,47,0,298.3109797,327.6737238
781,Female,47,25,846.8240885,1547.645697
782,Male,27,60,-75.28338266,1515.270378
784,Female,25,15,288.427782,1580.46105
786,Male,17,0,795.1490595,810.4450464
787,Female,39,0,100.7167649,331.4163721
789,Male,29,0,241.0039612,419.357197
790,Male,18,45,603.9683945,582.9361318
792,Male,27,50,815.7696501,405.1867963
793,Female,26,5,195.9160761,737.2693433
795,Male,16,20,479.6372173,148.9845833
796,Male,26,0,110.6714576,296.274042
797,Male,18,0,256.1276883,379.4753703
799,Male,37,15,276.6821471,452.6138181
800,Male,17,0,472.6121508,546.6508123
803,Female,45,40,457.6279662,799.4916938
804,Female,36,40,294.7431753,130.1338446
807,Female,50,0,860.0921402,773.2011562
811,Male,22,25,1020.273103,689.6672073
812,Male,23,15,564.3705435,110.0771067
814,Male,20,0,198.3465229,587.2298847
815,Male,20,0,221.3931091,713.5740233
818,Female,28,10,343.4136761,392.2578262
819,Male,25,0,704.8117224,264.0835737
823,Male,22,0,187.1704888,813.3496192
824,Female,36,0,-249.1894025,608.7879134
826,Male,18,25,280.9315199,435.2236749
827,Male,40,0,512.5394301,550.4072054
830,Female,45,45,511.7731299,1534.320297
835,Male,16,0,1708.693784,434.0044713
836,Male,34,0,355.7781174,723.3259806
838,NR,47,60,447.5513198,981.7323113
841,Female,17,20,510.9590382,154.8386592
843,Female,44,0,163.7122143,335.7840137
846,Male,16,30,484.0285282,416.62908
849,Female,23,50,787.0454414,784.9435102
851,Female,34,0,-68.31237372,707.2617592
852,Male,23,60,594.5515356,473.0072351
855,Female,39,0,986.579044,720.890061
856,Female,26,30,538.5821383,165.6029189
858,Male,42,0,644.7216777,866.8730936
859,Female,29,35,995.1800246,997.6436813
869,Male,21,0,240.305067,646.9841814
870,Female,27,0,649.0954648,125.8552658
872,Male,49,0,239.1207942,748.8889262
876,Male,21,0,123.3323757,493.7774995
877,Female,24,0,131.6064796,779.1316444
881,Male,26,15,122.3091653,80.25347364
882,Female,19,5,118.7638467,1361.487023
883,Male,48,0,722.4512264,523.4396205
886,Female,20,15,753.4269477,175.0533232
887,Female,42,0,615.7377149,201.5730243
888,Male,50,15,629.8585966,128.7183982
891,Male,23,0,371.7154561,288.0532707
892,Male,16,15,560.8179784,1103.266042
894,Female,29,0,436.5468254,402.291646
896,Female,31,0,269.2970244,399.3106488
906,Female,28,0,386.2652081,402.9700302
907,Female,35,15,466.0897424,496.7290408
909,Female,42,0,612.661567,772.606717
910,Female,25,50,204.442973,1551.644392
912,Male,46,10,548.1971598,836.2262974
914,Male,38,20,870.9293269,1415.038185
917,Male,44,0,364.1222016,90.5870498
922,Female,16,30,445.7119583,976.3450279
923,Male,62,45,736.0538739,174.3807033
924,Female,32,0,242.08963,512.4447122
925,Male,19,25,380.4237162,156.6984822
927,Male,20,55,-288.2728509,791.8851474
929,Female,42,0,187.9622709,359.3954516
930,Female,42,0,899.5485463,617.4621874
932,Male,18,0,-441.2334611,400.7650845
933,Female,48,0,321.4356625,758.8265912
934,Female,26,0,307.8653374,710.0606718
935,Male,20,0,115.6437473,637.4468135
941,Male,17,0,319.33457,554.0726012
944,Female,34,0,472.0054795,596.1241551
947,Female,39,0,799.088092,669.5161045
948,Female,41,35,612.8402771,805.6271884
951,Female,42,0,289.6555723,462.4098498
952,Female,21,0,865.8188966,684.2444442
953,Male,39,0,317.1722912,823.8536863
960,Female,48,5,467.4349224,110.6548217
961,Male,19,40,902.4640387,381.5957824
962,Female,23,60,1102.335823,108.8265576
965,Male,18,10,-29.22146942,170.3658292
975,Female,16,0,247.5585774,807.0189866
980,Male,46,60,907.6905899,106.4107285
982,Male,22,45,489.8678545,776.9433167
987,Male,21,60,713.3024916,171.6985773
989,Male,34,0,441.2658773,583.447158
990,Male,33,0,501.5777653,745.3590215
991,Male,28,0,401.0818378,153.8598623
992,Female,24,0,107.2604948,775.4081899
994,Female,29,0,875.6260018,733.387175
996,Male,45,45,480.5456615,1319.391409
998,Male,28,20,1204.852291,105.1034552
1000,Male,27,55,1553.436262,501.8423318
1001,Female,17,0,337.7414109,439.9237244
1002,Female,18,0,232.3262762,864.3837315
1005,Male,16,0,580.173914,536.6628457
1012,Male,42,25,246.3808978,116.5872264
1014,Female,20,20,392.1202806,1078.299065
1015,Female,27,5,586.6341337,126.8047555
1017,Male,43,0,412.0397152,379.5444639
1021,Female,41,15,235.8969016,157.226465
1024,Male,19,40,1159.502538,487.8383101
1025,Female,42,35,743.7267765,126.9697401
1027,Male,24,55,623.6972649,650.2822799
1030,Female,28,0,333.4117325,754.2740559
1032,Female,17,50,321.6971775,793.9064369
1034,Female,23,35,949.0381278,1225.33654
1040,Female,18,20,868.0300161,149.5048434
1041,Female,27,0,359.8909431,844.0980729
1043,Female,29,0,305.1594548,719.9702006
1046,Male,30,5,211.6828471,155.8263289
1047,Male,34,0,167.2810014,297.7598369
1048,Female,49,20,491.5396098,101.977674
1049,Female,47,40,426.292417,108.6063094
1050,Female,36,0,203.1737729,383.1484485
1053,Male,16,0,60.30664811,84.46809068
1054,Male,42,30,422.6405087,113.6300449
1056,Female,19,45,910.3703724,477.2568965
1057,Female,28,0,691.3570822,594.2915103
1058,Male,20,0,261.1556336,552.4316764
1060,Female,27,0,496.274042,357.4803526
1062,Female,40,0,488.7652643,552.5416819
1070,Male,20,30,537.8094758,443.2621698
1071,Female,20,20,461.9218997,456.1590014
1072,Male,19,5,161.3285344,819.3322208
1077,Female,19,0,860.7267431,763.9282398
1079,Female,39,0,455.8189868,653.5258071
1081,Female,19,0,410.2972666,594.8551055
1082,Male,29,0,148.9345074,240.1149708
1084,Female,36,45,482.2708504,605.3433121
1085,Female,20,25,595.3255835,151.7602003
1087,Female,33,0,616.935183,715.5990921
1089,Male,47,30,662.9002105,1275.526969
1090,Female,21,0,743.2300821,538.8963922
1093,Female,18,50,493.7980286,855.1887599
1099,Male,27,0,716.9127498,118.8565985
1102,Female,28,45,685.4532724,1050.456349
1103,Female,25,35,966.6378682,106.0287741
1105,Female,19,0,933.5777076,788.2178625
1106,Female,41,10,375.7155803,150.437376
1107,Male,20,25,685.896682,138.1205911
1108,Female,30,50,-274.1192311,1278.109209
1110,Male,48,35,867.8378682,82.82487354
1120,Female,42,0,297.1769388,554.1639434
1122,Female,24,15,334.6279255,635.102902
1123,Male,43,25,1166.417684,105.2960422
1125,Male,46,30,1123.65703,141.1584684
1126,Male,23,0,352.327985,404.2654352
1129,Female,44,0,190.8821331,417.8903164
1130,Female,40,30,882.3274271,139.9484395
1131,Female,16,50,564.7993328,161.9043787
1133,Male,39,0,237.3320375,672.8442647
1136,Female,35,0,477.528467,473.4466033
1137,Female,33,60,103.0148232,996.8086022
1138,Female,16,0,215.303801,486.656458
1139,Male,31,30,716.1270786,94.11834762
1142,Female,19,0,674.5803459,640.6176563
1144,Male,19,25,477.362581,1454.744677
1145,Female,21,0,783.3003107,68.04294657
1146,Male,47,45,563.4276961,1207.557795
1148,Female,34,0,225.8275372,612.925579
1149,Male,25,0,279.0078918,165.4073631
1150,Male,39,50,299.4537732,779.1316444
1155,Female,37,60,828.2914358,508.2333463
1156,Male,22,0,738.3265295,464.2856172
1159,Female,37,0,246.664528,466.0478609
1162,Female,46,55,60.86352907,794.4280677
1165,Female,26,0,1444.902453,84.77592956
1167,Male,17,50,378.3708715,1357.693301
1168,Male,39,0,911.8441168,487.2334406
1169,Male,27,25,535.7045222,1499.731917
1170,Male,31,5,845.2300327,100.3684664
1171,Female,15,0,263.1657602,447.4700338
1172,Female,16,0,329.8958494,370.286588
1175,Female,17,0,662.4729772,665.9067404
1177,Female,21,0,295.4456992,403.2867465
1180,Female,25,45,748.9110333,1211.218605
1181,Female,46,0,278.4791509,553.6219336
1182,Female,25,0,860.915344,464.4094142
1185,Male,38,0,767.747845,320.7979908
1186,Male,28,0,433.8382266,708.4427766
1189,Female,49,35,684.3589309,147.2477523
1193,Male,27,55,490.8042984,401.2673682
1195,Female,21,0,413.0402235,572.3005966
1197,Male,18,55,935.8073757,448.1085116
1199,Female,49,30,531.0309359,100.312332
1207,Female,20,45,362.9399096,84.24934672
1208,Female,27,60,671.6775507,122.4125135
1211,Male,41,55,182.5902249,687.9299621
1214,Male,25,60,18.7357325,572.8099546
1215,Male,20,0,492.8304499,337.5009032
1216,Female,50,0,945.5419223,509.0758996
1217,Male,43,0,1805.618967,225.0897031
1219,Male,48,15,626.4720893,403.8151383
1220,Female,30,0,214.5338517,395.9713129
1222,Female,39,0,233.1198068,469.9659458
1223,Female,25,0,283.6227405,574.2484804
1224,Male,36,35,836.3282491,701.0325857
1231,Female,17,20,682.168528,81.29261554
1236,Male,18,0,451.9867467,797.1323509
1237,Male,22,15,767.8293832,789.616031
1238,Female,35,0,890.3366595,752.1868799
1239,Female,16,0,789.9587396,687.9299621
1242,Male,24,0,120.6661063,921.9286026
1244,Male,27,0,342.5776562,760.2539229
1245,Male,32,0,311.0532072,577.1293284
1246,Male,25,45,-187.9874075,1398.49797
1247,Female,19,0,782.4585027,190.8821331
1252,Female,24,20,936.9595949,1166.14846
1256,Male,44,10,788.274898,852.5199591
1257,Female,49,55,369.8777966,783.5897979
1258,Male,50,0,1604.91205,530.1438706
1260,Female,24,0,359.2616174,781.7235216
1261,Female,44,30,1222.45703,164.1629674
1263,Male,33,40,664.1743058,487.8383101
1264,Female,23,0,390.1185333,783.3632478
1265,Female,27,35,750.3716972,857.5293022
1266,Male,31,20,426.7073079,87.27499282
1269,Male,34,0,208.727299,534.3575906
1271,Female,50,0,143.3975526,663.6566916
1273,Male,20,0,427.9694526,778.2092102
1277,Male,23,55,200.2176363,1154.290962
1281,Male,36,20,490.5490884,719.9702006
1282,Male,38,0,263.1629919,594.3166886
1285,Female,20,0,835.489178,313.8030857
1286,Male,37,0,230.928696,497.2084658
1288,Male,30,30,610.9126588,609.0125293
1296,Male,43,0,388.5345709,815.511974
1300,Female,37,0,337.4912953,744.9229163
1302,Male,25,0,136.8712165,23.3790291
1304,Female,48,0,163.9706242,553.73246
1305,Male,44,35,634.0333385,467.357013
1306,Female,25,0,116.4495246,768.6865658
1308,Female,27,0,406.1302338,572.9058642
1311,Female,40,50,566.3326819,493.8545047
1312,Female,29,0,230.0119447,412.8954187
1313,Female,23,0,258.5841594,547.3022805
1316,Male,29,0,575.8761509,501.8423318
1317,Male,42,15,551.2766192,172.6300835
1318,Male,17,10,923.7644919,814.7143963
1320,Female,19,40,981.9956302,413.4588489
1321,Male,22,10,376.0648564,578.9320341
1323,Male,16,40,515.438061,770.7021733
1325,Male,25,0,367.7778897,495.2368113
1328,Female,23,30,590.0343733,143.9940401
1330,Male,20,0,610.8341624,437.7499635
1331,Female,26,0,481.6151097,509.88837
1333,Female,41,55,283.4138236,1463.443962
1339,Male,16,35,136.3557879,158.9121243
1348,Female,26,0,267.2954445,759.302444
1349,Male,22,0,66.205106,288.2891276
1352,Female,44,10,34.74794007,730.3001129
1355,Male,43,10,120.5991662,1571.507895
1356,Female,35,0,363.1824738,797.6156223
1358,Female,19,0,684.8303809,508.2692239
1362,Female,49,55,394.0104041,612.925579
1363,Male,25,0,275.5319093,768.5016112
1367,Female,24,0,237.8023956,685.0824337
1371,Male,20,0,320.3321159,657.5751458
1372,Male,22,0,740.5079815,777.2910331
1380,Female,26,40,270.9919383,383.1484485
1382,Female,25,40,399.9021536,159.4264702
1385,Male,18,0,705.5569377,672.353905
1386,Female,21,45,464.1430853,161.9328887
1387,Female,28,0,573.7899532,447.0496926
1389,Male,39,10,481.6960912,149.6324538
1390,Male,37,20,279.6808185,158.2912143
1392,Female,24,0,164.6930889,654.7112188
1394,Male,21,0,458.8192031,605.3433121
1395,Male,25,0,453.0140753,400.1469188
1398,Female,25,0,234.8723269,144.0540702
1401,Male,35,0,910.1032893,388.9183435
1404,Male,16,0,777.5549501,786.1323251
1406,NR,20,40,727.8170518,395.9713129
1407,Male,31,60,509.6093915,149.7564688
1408,Female,19,0,131.3535673,507.0543028
1409,Female,32,35,731.0365866,123.3032231
1412,Male,26,10,785.8530787,527.1294153
1417,Female,27,0,500.0149444,355.1223036
1426,Female,27,40,958.9810878,537.7915163
1429,Male,47,0,231.2916086,142.7009304
1431,Female,28,15,449.153116,774.8026723
1432,Male,23,0,1063.374186,309.7515921
1434,Male,31,45,476.4506671,114.5619909
1435,Male,36,0,679.4838985,731.9864993
1436,Female,40,0,216.7953464,367.3235997
1438,Female,16,0,771.6474442,604.4296969
1441,Male,40,50,258.1213587,1479.529761
1448,Female,27,45,376.4772355,616.5161153
1449,Female,45,40,696.6991742,719.2695919
1450,Male,22,5,281.9228831,1466.485913
1453,Female,45,30,650.162921,925.4614347
1454,Male,43,10,272.3295381,89.40993852
1455,Female,20,0,131.6643463,552.3857707
1456,Female,40,0,851.1082389,712.2686807
1457,Female,39,0,232.2451986,877.3987424
1459,Female,20,25,524.5960501,815.1635475
1463,Female,47,0,251.7100267,826.328848
1469,Female,42,0,478.5568257,629.6483201
1470,Male,27,20,703.3780113,161.1356344
1471,Female,32,15,661.3562998,713.7364561
1472,Male,41,0,372.3965631,736.2387617
1473,Female,17,15,728.8368704,563.3793222
1476,NR,24,20,576.4261362,1539.066776
1478,Female,19,55,1055.150749,83.49391442
1479,Female,17,0,414.4884827,824.7214238
1480,Male,16,0,301.1011554,437.9772368
1481,Female,22,20,583.4538746,144.1923163
1483,Female,28,30,654.1564652,110.3858287
1484,Male,36,0,132.410212,858.4928864
1485,Female,18,0,898.9531659,504.2304206
1489,Male,44,0,256.452892,526.4395224
1490,Female,27,40,534.0074801,96.86960812
1492,Female,24,0,579.8029641,686.708433
1495,Female,41,15,360.9076684,87.21594558
1501,Female,22,0,64.64618266,870.3121521
1502,Male,35,30,517.2618913,881.3748613
1503,Male,35,0,147.0183473,734.9098329
1505,Female,31,15,659.4253931,164.8816626
1506,Female,26,0,762.8442924,443.6095886
1509,Male,27,0,282.9755641,454.4035349
1513,Female,31,25,342.3813446,163.8664442
1515,Male,24,55,941.966126,447.5980139
1516,Female,47,25,669.3287936,878.0339168
1517,Female,28,0,328.4977462,778.3140025
1518,Female,44,0,241.2865049,601.0270572
1523,Female,22,60,64.1283272,879.0721243
1526,Female,15,0,924.1676414,166.5653106
1527,Female,20,60,17.23439295,952.0903742
1528,Male,39,15,97.56481246,173.5171902
1531,Male,37,0,580.715365,91.64375316
1537,Male,23,5,799.6247363,1507.438644
1538,Male,23,0,1266.964584,-641.2334611
1542,Female,16,60,-153.4110092,620.6970475
1545,Female,26,20,567.7322647,116.5247256
1546,Female,47,45,519.9612633,720.2644538
1547,Male,43,0,882.6713429,214.2940711
1548,Female,23,30,593.6942787,390.5188654
1552,Male,25,45,1149.333678,456.0669078
1554,Female,28,5,721.9604408,91.23180028
1556,Male,17,0,226.8090933,813.0244236
1557,Female,41,45,330.1845514,167.4931827
1561,Male,47,40,761.2639312,1452.634176
1563,Female,36,0,335.7182599,476.9817316
1564,Female,21,0,241.4837911,741.9471519
1566,Male,26,15,669.8496969,783.4026148
1567,Male,48,45,912.1090508,154.1309536
1569,Male,40,20,361.7925107,659.1715517
1577,Female,22,45,1013.454501,94.80801226
1582,Female,39,0,861.8745545,680.9320724
1583,Female,39,0,182.7141644,637.6570357
1584,Female,16,0,423.7078872,403.8683428
1586,Male,27,35,850.6542361,1518.779747
1589,Male,16,35,419.4399162,977.6274678
1591,Female,50,0,489.9175532,643.8529156
1593,Female,26,15,665.9034072,1208.399005
1594,Female,39,30,517.4274463,174.0624304
1596,Female,18,50,353.0861516,1457.395998
1597,Female,29,0,100.4385177,801.9062795
1602,Female,18,0,813.6216719,617.334168
1609,Female,30,0,241.5831009,342.712802
1610,Male,26,20,608.546086,1213.885322
1616,Female,31,55,217.7549137,786.1323251
1620,Male,41,0,425.0649551,120.7979908
1621,Female,35,0,1693.080253,745.4931628
1623,Female,49,0,650.062583,428.8896509
1624,Male,16,25,513.9796862,156.2992691
1625,Male,23,45,869.0127647,672.353905
1626,Male,43,0,488.4807924,801.8346387
1630,Male,40,5,186.3362838,169.5130977
1631,Female,31,0,254.9925087,627.1770632
1636,Male,20,10,371.1295381,140.9789607
1641,Male,36,0,230.7995164,452.4597986
1642,Male,33,0,335.2287796,645.3319992
1643,Male,23,15,682.2643374,155.6628005
1649,Male,23,0,315.8417063,562.3588859
1653,Male,17,0,470.5855025,90.75416617
1657,Female,28,55,1153.950749,168.3935868
1658,Female,41,5,220.7174206,172.6082471
1660,Female,21,0,266.8747648,547.1775327
1665,Male,33,45,1050.533678,153.7373132
1667,Female,18,50,870.5119122,102.8290483
1668,Male,23,0,841.3011337,473.6142434
1669,Female,37,0,699.0981088,442.4877173
1670,Female,30,0,584.9441411,801.1200215
1671,Male,27,20,576.711404,855.6058679
1672,Male,19,5,582.0400226,97.09545334
1680,Male,41,0,412.2633214,617.115999
1683,Male,17,35,462.355653,732.3527002
1684,Female,18,0,1010.405915,473.3144223
1686,Male,22,0,1373.314149,716.6622934
1687,Female,43,0,389.7399673,800.0432567
1689,Male,25,35,859.1988121,151.7653182
1690,Female,28,45,756.2655109,713.5537995
1692,Male,19,20,686.1641504,79.30405068
1693,Female,29,30,453.1809359,95.06731866
1695,Female,43,0,322.4534563,681.2331068
1697,Male,47,0,254.3088929,555.4585046
1698,Female,29,0,609.5161825,81.04857054
1699,Female,20,0,707.5534699,471.8987194
1701,Female,25,45,937.3491724,417.4695721
1702,Female,16,0,740.6548078,622.6542042
1703,Female,21,55,-408.3374178,1449.728584
1704,Male,25,15,507.9334891,137.6890583
1705,Female,62,5,548.0892906,1291.181605
1708,Female,17,0,245.2924344,396.2686094
1709,Male,32,40,866.4828867,745.4238619
1711,Female,32,0,530.4936737,763.5743702
1716,Female,42,0,805.0449857,517.7038737
1718,Female,44,0,473.8637517,495.1251705
1720,Female,40,0,440.1149708,75.89875232
1721,Female,48,10,448.1630657,771.2411482
1725,Male,15,0,180.3040296,436.4008826
1726,Male,42,10,164.0599987,1402.072261
1727,Male,44,35,469.3790851,528.894771
1729,Male,42,15,835.518624,1308.177637
1730,Female,18,0,150.9397275,401.0818378
1735,Female,22,35,791.253482,704.459245
1736,Female,28,0,232.7015149,566.9969347
1739,Male,17,0,924.6615276,600.4873189
1740,Female,45,0,200.8287664,676.2731314
1741,Male,35,0,578.6633082,28.58362786
1745,Female,33,0,437.0226949,500.5268497
1746,Female,45,0,235.8854427,705.6302317
1754,Female,40,25,838.2814461,158.1692716
1755,Male,29,0,262.9276329,400.0105326
1756,Male,38,25,373.6617175,109.3807505
1758,Male,46,10,474.5533521,952.0105878
1764,Female,47,0,170.9377452,471.8679641
1768,Male,20,0,790.7535139,525.1965955
1769,Male,18,0,286.276154,106.625153
1770,Male,21,5,377.2514095,994.5750274
1771,Female,29,0,116.1510629,688.4452915
1773,Female,29,5,351.5722204,81.0705335
1775,Female,48,0,263.1465466,85.82651578
1776,Male,29,0,902.6071087,553.1193462
1777,Female,42,20,489.9017783,726.7653537
1779,Male,37,35,764.576869,1498.789695
1780,Male,20,25,739.4814461,131.138956
1782,Female,17,40,467.8550673,1270.426216
1784,Male,44,0,635.3519253,715.6993904
1785,Female,22,10,431.6821112,954.8946988
1786,Female,42,0,360.187655,778.8997436
1788,Female,20,0,331.4890744,613.4076718
1789,Female,34,0,367.7760148,795.5143287
1790,Male,38,0,503.695917,807.0949185
1791,Male,29,0,928.6540022,808.191487
1792,Female,26,0,175.7794665,423.519734
1794,Female,22,0,481.1799348,690.745849
1797,Female,50,55,986.9111695,112.1450695
1804,Male,17,60,691.6249918,160.3812559
1807,Female,16,10,466.2703115,80.00210652
1809,Male,33,0,914.6050955,504.9789227
1811,Male,28,50,726.3548142,112.6758644
1812,Female,25,30,1074.741759,1430.890937
1813,Male,22,55,271.8745971,699.7441973
1815,Male,20,5,572.8512061,632.7628131
1816,Female,29,0,344.8298271,515.1219827
1820,Male,42,20,461.1719832,161.5129586
1822,Female,48,0,136.2487207,495.9868357
1824,Female,17,0,406.5556671,294.9757558
1825,Female,30,0,541.0742662,639.3815823
1826,Male,48,0,181.4261794,662.0138396
1828,Female,50,60,116.7891706,1515.542281
1829,Male,23,60,556.5422922,504.2304206
1830,Female,35,0,550.3261247,620.6970475
1833,Male,32,0,900.8962172,545.4102363
1836,Male,42,0,872.874048,774.1932959
1841,Male,26,30,394.3341376,113.3993869
1843,Female,31,0,428.2219326,787.6890757
1849,Female,28,0,467.4924407,677.0571608
1850,Male,43,0,102.5631493,794.5606217
1851,Male,39,45,347.4689171,1371.993168
1856,Male,38,0,211.9306783,732.0630325
1858,Female,16,0,223.7183974,547.394062
1860,Female,19,0,829.4389683,721.6419795
1862,Female,30,0,241.2070816,554.2485416
1865,Male,23,0,1275.729388,656.1399973
1867,Female,18,5,56.6396869,804.2551816
1868,Female,16,0,229.0939264,190.4296909
1869,Male,46,0,872.1153946,447.5980139
1870,Female,18,0,806.9762656,456.4529938
1871,Male,28,35,687.7557603,821.0862025
1872,Female,25,30,494.8942787,93.20957218
1873,Male,42,0,337.5009032,201.32277
1874,Female,18,0,177.3564618,483.4122538
1877,Male,24,25,206.9227339,87.0655331
1880,Male,25,45,846.3232494,158.3770295
1882,Female,39,0,338.6264469,392.2578262
1883,Female,42,0,103.9509643,706.6926503
1885,Male,28,0,520.92962,544.1327882
1888,Female,17,30,222.8657598,136.8488888
1891,Female,16,15,522.1412673,777.4576966
1899,Female,36,0,1451.776324,756.3816794
1901,Male,34,0,109.396589,671.3327804
1905,Female,22,0,531.6870932,82.30994683
1908,Female,27,45,319.7929234,616.4334536
1911,Male,36,0,684.3565445,497.251982
1917,Female,19,15,872.5172935,849.3623354
1921,Male,26,0,858.7748187,622.8127273
1925,Female,31,15,592.6101595,688.6063802
1926,Female,49,15,669.2965136,499.0784751
1927,Female,21,0,633.0958601,831.8892116
1928,Female,36,25,772.9024918,604.3424474
1929,Female,19,0,596.4482766,401.56326
1930,Female,44,45,986.1884866,142.8178649
1934,Female,17,5,36.07944919,437.0385058
1936,Female,17,5,669.7185787,1443.30235
1937,Female,20,0,212.3691812,791.8851474
1939,Female,26,0,842.9961905,667.9312837
1941,Female,44,50,368.0489097,838.8861496
1942,Male,25,45,916.6376376,160.132209
1945,Female,18,40,385.1672095,103.2084348
1947,Female,16,0,1274.232745,817.1169024
1950,Female,42,0,847.1636577,424.821994
1954,Female,36,0,276.8451808,832.6609414
1955,Female,26,40,1189.906256,157.6435725
1957,Male,39,0,218.4717119,559.7918594
1958,Female,23,25,695.6148403,473.7005398
1959,Female,37,20,409.556465,99.08606862
1960,Male,21,0,723.6535772,783.657754
1961,Male,20,10,704.3826575,451.5161127
1964,Female,47,40,459.5379337,91.29059876
1965,Male,29,0,284.7477636,452.6851777
1972,Female,25,25,428.1110584,951.6309595
1974,Male,28,40,1002.58368,1442.107498
1975,Female,27,0,805.3365775,485.9309359
1977,Male,47,5,536.6322544,717.3231138
1979,Female,20,0,154.2391359,558.9754122
1980,Male,19,0,346.7693819,852.4001648
1983,Male,20,35,781.0540814,174.6119884
1984,Female,28,30,1011.291327,112.4717772
1985,Female,24,60,-502.452351,815.511974
1986,Female,19,0,617.6452871,214.1468029
1990,Male,38,50,839.0778777,476.7939079
1991,Male,17,25,584.3278265,687.3241952
1992,Male,50,0,324.7817159,173.4940444
1995,Male,22,45,886.3388592,1237.183551
1999,Female,42,45,451.6343965,1490.42627
2001,Female,43,0,263.5497068,444.0201055
2003,Female,42,0,288.0426323,820.814837
2004,Male,35,35,855.3208444,605.5325834
2005,Female,42,10,378.2661791,1365.887864
2006,Male,19,0,430.9372773,585.4410364
2011,Male,26,15,23.50916529,110.7243867
2012,Female,38,0,881.75879,760.1330904
2013,Female,20,0,816.7833708,482.0779075
2018,Male,48,0,157.0057788,609.7818115
2019,Female,28,0,846.5401265,673.9366664
2021,Male,18,0,356.6767538,540.9243515
2022,Female,30,0,253.5561601,332.8944873
2024,Male,24,0,214.1468029,-265.7690796
2026,Male,16,0,594.8833713,572.8099546
2032,Female,26,20,1303.652291,167.4582653
2034,Male,46,0,565.274184,576.7920433
2036,Male,37,0,249.3991567,567.7149102
2037,Female,29,0,309.0406825,642.9109151
2038,Male,19,40,417.4953137,736.101212
2039,Male,46,45,562.9430853,82.57908374
2045,Male,20,0,292.6619733,257.2009108
2046,Female,21,0,154.0326175,433.5309033
2047,Female,42,10,292.9653882,690.6595907
2050,Male,24,0,254.8909058,783.4924111
2053,Male,18,0,281.0485705,387.5435413
2057,Female,19,0,475.1742054,849.193262
2061,Female,29,0,902.8094834,427.7831397
2062,Female,50,5,450.5847229,808.191487
2064,Male,29,20,572.919231,161.0809538
2065,Female,18,0,256.1370384,456.4639704
2067,Female,20,0,807.0899804,809.8856995
2069,Male,20,0,154.8013081,494.4739744
2070,Male,31,50,653.1021847,122.912669
2072,Female,23,25,1025.633199,785.4749354
2074,Male,29,0,497.1014065,634.8487006
2077,Female,32,35,455.8915094,1243.121657
2080,Male,34,30,1394.048457,990.4211095
2081,Male,47,0,68.04294657,1082.148532
2082,Female,26,0,777.4248848,613.778195
2083,Male,30,0,118.2563098,515.6459051
2086,Female,33,55,553.3066382,437.5581481
2087,Male,27,35,531.2562135,643.591991
2089,Female,17,0,1266.914252,608.3000336
2091,Female,19,50,362.5648017,1388.312054
2092,Female,19,20,512.4133147,168.7144012
2096,Female,17,55,62.7298854,1423.523444
2097,Female,45,25,564.4399086,1575.479909
2098,Male,27,0,191.3003511,785.9637367
2099,Female,17,25,661.4728706,83.01262594
2103,Female,44,40,1060.702538,393.6251374
2105,Male,36,10,491.6714538,145.3530707
2109,Female,21,0,842.0966227,495.2888475
2113,Male,25,0,260.0553114,738.4689769
2115,Female,46,0,284.1349777,730.3001129
2117,Female,18,0,722.6397811,687.3241952
2121,Male,29,0,418.499505,593.8965391
2125,Male,21,5,498.2636329,95.4513793
2128,Female,35,5,750.6157041,162.0890093
2129,Female,24,50,1141.188213,150.5060924
2131,Male,46,40,639.1648233,863.1504176
2132,Female,22,0,106.8166559,440.0477297
2133,Female,22,40,297.9485012,106.099411
2135,Female,16,45,380.7174729,785.9637367
2136,Male,44,0,292.2448289,576.8654384
2141,Male,22,10,546.3016154,110.1336623
2147,Female,23,0,178.8681473,501.0590483
2149,Female,28,45,389.0972848,793.4152878
2150,Female,28,45,593.3918383,521.6311152
2151,Male,32,45,424.4216908,552.5126332
2152,Female,28,10,300.8548826,1153.958108
2157,Male,18,50,765.3070419,141.5752127
2158,Female,17,15,519.216414,930.6886403
2159,Female,34,50,434.1670245,740.6426396
2161,Male,20,0,213.8224107,707.6208559
2162,Female,22,0,589.3358404,413.480139
2165,Female,25,0,311.544186,780.3404997
2168,Female,23,0,118.8565985,771.560234
2173,Male,21,55,611.8774208,1269.118471
2174,Male,23,0,1235.290574,405.3526675
2175,Male,16,0,190.8331836,522.6162661
2181,Female,19,5,326.4246207,105.4258831
2182,Female,48,0,336.9772774,895.0226192
2183,Female,32,55,409.9582582,809.5218935
2184,Female,25,45,889.8014253,421.2467336
2185,Female,27,0,1706.91973,801.1708324
2186,Male,19,15,665.3692969,810.8557676
2191,Male,44,0,173.6293944,398.3182795
2192,Male,47,5,436.8321495,823.7596572
2193,Male,29,35,792.5418143,1284.433242
2195,Male,26,45,441.9377335,655.0028006
2196,Female,17,0,633.4822918,431.3721189
2198,Male,16,0,171.6005472,706.369388
2199,Male,18,60,-500,1127.603363
2200,Male,34,0,399.942051,482.287646
2201,Male,40,0,622.9744879,542.4139044
2202,Male,50,0,357.1283147,275.162886
2203,Male,33,45,314.9042315,1406.693422
2204,Female,48,0,113.1827703,448.1085116
2205,Female,35,0,355.1223036,793.9064369
2206,Male,24,15,523.5915564,703.6412558
2212,Male,20,0,1642.099673,829.7357423
2213,Female,36,45,854.4813344,866.3238946
2214,Female,41,0,692.5637632,763.0014862
2216,Male,19,0,208.7118515,632.7628131
2217,Female,30,0,268.663414,490.3565108
2221,Female,46,30,981.1274271,136.1485044
2222,Female,23,60,835.0963821,156.193109
2226,Male,32,60,940.1583618,128.0125361
2227,Female,31,15,311.0435549,1453.327077
2230,Female,22,0,119.9667763,358.4551391
2231,Male,22,0,772.6513976,366.5880034
2235,Female,44,30,672.0813247,88.9217603
2238,Male,20,0,148.0694663,94.97216985
2239,Female,29,45,469.6034832,690.6029553
2240,Male,20,0,380.3367269,643.591991
2243,Female,29,25,701.6339531,960.4915281
2247,Female,27,50,376.4257717,1096.222553
2250,Female,18,0,366.4687657,618.396343
2252,Female,18,0,900.1437647,399.3282795
2256,Female,26,0,258.5190812,442.9031195
2257,Female,18,0,402.9593785,593.8722816
2260,Male,26,0,217.3895913,739.0937446
2261,Female,23,0,694.1945563,558.5642877
2267,Female,27,10,611.0187085,845.7755122
2271,Female,24,5,198.4106721,546.9037527
2272,Female,36,0,905.6470817,775.522094
2274,Male,22,0,175.2651748,771.2411482
2276,Female,26,50,749.1910591,474.4979639
2279,Female,37,45,819.2180623,413.634381
2280,Female,17,0,288.3664236,472.3770411
2282,Female,43,45,258.6639114,106.3052358
2283,Male,46,0,246.1969143,852.5199591
2285,Male,20,60,287.9077977,109.0813679
2287,Female,16,20,613.9516752,156.2089886
2288,Female,44,60,1231.846305,434.0044713
2290,Female,47,55,228.5607524,807.0189866
2291,Female,21,0,192.8751353,477.8763583
2293,Female,28,0,148.9948645,449.2750263
2294,Female,35,10,682.5447573,139.8105671
2295,Male,29,0,491.3566882,799.7327455
2297,Male,26,55,415.6132035,566.9969347
2301,Male,41,0,106.9335647,534.3661361
2304,Female,45,5,199.9170568,786.6693104
2307,Female,27,35,504.491354,760.1330904
2311,Female,26,0,242.727999,816.8008397
2314,Male,39,55,-10.07325228,1243.187263
2316,Female,22,5,935.4086599,1405.880898
2318,Male,27,0,247.0705651,568.5563072
2319,Female,38,35,730.5141901,138.1907453
2322,Female,29,50,1667.465947,116.6279559
2327,Female,25,0,459.8227162,689.9809711
2330,Male,25,0,481.3711029,547.5452408
2331,Female,25,15,386.0758294,759.3717715
2333,Female,20,30,786.0307678,824.4083129
2334,Male,24,60,903.6694351,95.35878158
2335,Female,20,0,436.513722,641.2727566
2336,Male,19,50,420.7794137,94.72284868
2337,Male,27,40,897.5615508,1109.729008
2338,Male,35,0,415.5945955,412.5846834
2341,Female,16,0,106.0128069,855.037098
2343,Female,35,0,280.1157758,881.3748613
2344,Female,21,20,310.756465,442.4877173
2349,Male,19,0,500.7444429,330.0998512
2351,Male,21,35,466.868903,88.72191772
2353,Female,25,0,156.5482556,507.4100919
2354,Female,49,0,723.6158717,762.2184269
2357,Male,18,0,520.5804965,396.4187775
2360,Female,27,0,447.7472527,333.9856511
2364,Male,21,10,314.3890645,754.2740559
2365,NR,35,60,335.1834069,582.6236281
2369,Male,44,0,1678.194368,791.4560713
2371,Female,24,0,872.4408693,604.370034
2374,Female,34,55,-550.6683114,550.6683114
2376,Male,28,30,949.5312414,547.394062
2377,Female,29,15,363.2530052,564.07605
2378,Male,21,0,215.0472636,647.8602557
2379,Male,47,10,140.5014945,79.91884354
2381,Male,25,25,762.1074245,97.18618718
2383,Female,24,0,149.1103868,497.1885088
2384,Female,26,35,1238.342415,400.0105326
2385,NR,18,0,194.2672854,743.2885005
2386,Female,35,0,265.8962935,472.5417028
2389,Female,17,0,173.4940444,402.9593785
2390,Female,47,0,350.2316826,838.0027814
2393,Female,23,35,798.7259941,86.54278314
2394,Female,28,0,905.0473173,651.1611552
2395,Female,21,0,499.8796677,537.5184101
2396,Male,43,0,298.2490507,398.6756632
2397,Female,19,20,590.3396098,87.51162962
2398,Male,45,55,949.1102606,157.9933242
2399,Female,34,0,117.2745264,93.72775145
2400,Female,41,5,644.7025032,1452.770853
2403,Male,30,20,555.1268619,121.0686624
2406,Female,35,0,428.3792228,134.6828719
2407,Female,37,0,230.0468898,443.5474049
2408,Female,17,0,359.4771635,819.3322208
2409,Male,17,0,456.5796273,555.1654654
32,Male,18,0,227.8904318,618.9790407
119,Male,22,0,558.6955632,272.6121508
1981,Male,48,50,627.5548142,128.4855641
264,Female,16,0,257.5592933,476.7939079
1795,Male,37,0,843.7121072,382.0488671