,storeNum,Year,Week,product1sales,product2sales,product1price,product2price,product1promo,product2promo,country
1,101,1,1,127,106,2.29,2.29,0,0,US
2,101,1,2,137,105,2.49,2.49,0,0,US
3,101,1,3,156,97,2.99,2.99,1,0,US
4,101,1,4,117,106,2.99,3.19,0,0,US
5,101,1,5,138,100,2.49,2.59,0,1,US
6,101,1,6,115,127,2.79,2.49,0,0,US
7,101,1,7,116,90,2.99,3.19,0,0,US
8,101,1,8,106,126,2.99,2.29,0,0,US
9,101,1,9,116,94,2.29,2.29,0,0,US
10,101,1,10,145,91,2.49,2.99,0,0,US
11,101,1,11,123,104,2.79,2.99,0,0,US
12,101,1,12,169,73,2.49,3.19,0,0,US
13,101,1,13,107,79,2.49,2.59,0,0,US
14,101,1,14,113,102,2.29,2.29,0,0,US
15,101,1,15,103,99,2.79,2.59,0,0,US
16,101,1,16,101,121,2.99,2.29,0,0,US
17,101,1,17,97,130,2.99,2.59,0,1,US
18,101,1,18,157,72,2.29,2.99,0,0,US
19,101,1,19,104,106,2.79,2.59,0,0,US
20,101,1,20,145,77,2.29,2.99,0,0,US
21,101,1,21,100,115,2.49,2.49,0,0,US
22,101,1,22,135,90,2.19,2.59,0,0,US
23,101,1,23,103,121,2.99,2.49,0,0,US
24,101,1,24,115,131,2.79,2.29,0,0,US
25,101,1,25,121,91,2.19,2.49,0,0,US
26,101,1,26,93,113,2.79,2.59,0,0,US
27,101,1,27,135,99,2.29,2.49,0,0,US
28,101,1,28,128,97,2.49,2.59,0,0,US
29,101,1,29,121,113,2.99,2.99,0,0,US
30,101,1,30,111,133,2.99,2.29,1,0,US
31,101,1,31,122,87,2.79,3.19,0,0,US
32,101,1,32,160,74,2.19,2.59,0,0,US
33,101,1,33,120,77,2.79,2.99,0,0,US
34,101,1,34,174,122,2.29,2.49,1,1,US
35,101,1,35,113,123,2.79,2.29,0,0,US
36,101,1,36,173,77,2.79,3.19,1,0,US
37,101,1,37,117,94,2.99,3.19,0,0,US
38,101,1,38,122,95,2.79,2.99,0,0,US
39,101,1,39,133,102,2.99,3.19,0,0,US
40,101,1,40,183,57,2.29,3.19,0,0,US
41,101,1,41,95,124,2.99,2.29,0,0,US
42,101,1,42,128,132,2.79,2.29,1,0,US
43,101,1,43,142,90,2.19,2.29,0,0,US
44,101,1,44,89,131,2.79,2.29,0,0,US
45,101,1,45,121,87,2.49,2.59,0,0,US
46,101,1,46,129,110,2.49,2.59,0,0,US
47,101,1,47,185,84,2.29,2.99,0,0,US
48,101,1,48,143,72,2.19,2.99,0,0,US
49,101,1,49,129,104,2.29,2.29,0,0,US
50,101,1,50,121,105,2.29,2.29,0,0,US
51,101,1,51,140,86,2.19,2.59,0,0,US
52,101,1,52,152,77,2.29,2.99,0,0,US
53,101,2,1,134,86,2.79,3.19,0,0,US
54,101,2,2,121,87,2.19,2.29,0,0,US
55,101,2,3,131,144,2.49,2.59,0,1,US
56,101,2,4,140,85,2.29,2.49,0,0,US
57,101,2,5,170,74,2.29,2.49,1,0,US
58,101,2,6,118,97,2.99,2.99,0,0,US
59,101,2,7,99,95,2.99,2.99,0,0,US
60,101,2,8,119,101,2.29,2.29,0,0,US
61,101,2,9,133,111,2.79,2.49,0,0,US
62,101,2,10,112,92,2.19,2.29,0,0,US
63,101,2,11,123,103,2.49,2.59,0,0,US
64,101,2,12,146,111,2.19,2.49,0,1,US
65,101,2,13,104,111,2.79,2.59,0,0,US
66,101,2,14,133,124,2.99,3.19,0,1,US
67,101,2,15,157,63,2.49,3.19,0,0,US
68,101,2,16,169,80,2.29,2.99,0,0,US
69,101,2,17,116,129,2.79,2.59,0,0,US
70,101,2,18,120,119,2.79,2.49,0,0,US
71,101,2,19,158,93,2.19,2.49,0,0,US
72,101,2,20,152,89,2.49,2.99,0,0,US
73,101,2,21,112,91,2.29,2.29,0,0,US
74,101,2,22,175,70,2.29,2.99,0,0,US
75,101,2,23,131,124,2.99,2.99,0,1,US
76,101,2,24,125,103,2.79,2.99,0,0,US
77,101,2,25,136,87,2.29,2.59,0,0,US
78,101,2,26,172,91,2.19,2.49,1,0,US
79,101,2,27,78,138,2.99,2.29,0,0,US
80,101,2,28,102,107,2.99,2.99,0,0,US
81,101,2,29,170,72,2.19,3.19,0,0,US
82,101,2,30,166,69,2.19,2.99,0,0,US
83,101,2,31,124,130,2.29,2.49,0,1,US
84,101,2,32,108,174,2.49,2.29,0,1,US
85,101,2,33,99,109,2.99,2.49,0,0,US
86,101,2,34,110,110,2.99,2.99,0,0,US
87,101,2,35,131,109,2.99,2.99,0,0,US
88,101,2,36,134,68,2.19,2.59,0,0,US
89,101,2,37,107,82,2.79,2.99,0,0,US
90,101,2,38,157,72,2.29,2.99,0,0,US
91,101,2,39,127,109,2.49,2.49,0,0,US
92,101,2,40,138,103,2.29,2.59,0,0,US
93,101,2,41,142,81,2.49,2.99,0,0,US
94,101,2,42,176,65,2.19,2.99,0,0,US
95,101,2,43,100,181,2.99,2.49,0,1,US
96,101,2,44,115,114,2.79,2.49,0,0,US
97,101,2,45,119,95,2.79,3.19,0,0,US
98,101,2,46,136,105,2.19,2.99,0,1,US
99,101,2,47,124,109,2.49,2.59,0,0,US
100,101,2,48,157,103,2.49,2.99,0,1,US
101,101,2,49,103,97,2.49,2.29,0,0,US
102,101,2,50,183,71,2.19,2.99,0,0,US
103,101,2,51,159,101,2.79,2.59,1,0,US
104,101,2,52,160,81,2.79,3.19,0,0,US
105,102,1,1,103,133,2.79,2.29,0,0,US
106,102,1,2,91,147,2.99,2.49,0,0,US
107,102,1,3,136,63,2.29,2.99,0,0,US
108,102,1,4,184,65,2.19,3.19,0,0,US
109,102,1,5,119,75,2.29,2.59,0,0,US
110,102,1,6,156,74,2.29,2.59,0,0,US
111,102,1,7,94,112,2.99,2.49,0,0,US
112,102,1,8,128,89,2.99,3.19,0,0,US
113,102,1,9,225,69,2.19,2.99,1,0,US
114,102,1,10,89,128,2.99,2.49,0,0,US
115,102,1,11,115,134,2.79,2.49,0,0,US
116,102,1,12,160,71,2.19,2.59,0,0,US
117,102,1,13,144,87,2.79,3.19,0,0,US
118,102,1,14,121,105,2.19,2.29,0,0,US
119,102,1,15,216,77,2.29,2.99,1,0,US
120,102,1,16,136,83,2.29,2.49,0,0,US
121,102,1,17,84,138,2.79,2.29,0,1,US
122,102,1,18,110,110,2.99,2.59,0,0,US
123,102,1,19,92,107,2.99,2.59,0,0,US
124,102,1,20,100,191,2.99,2.49,0,1,US
125,102,1,21,156,58,2.19,3.19,0,0,US
126,102,1,22,86,141,2.99,2.29,0,0,US
127,102,1,23,95,113,2.49,2.29,0,0,US
128,102,1,24,162,73,2.49,3.19,0,0,US
129,102,1,25,173,80,2.29,2.49,1,0,US
130,102,1,26,120,130,2.99,3.19,0,1,US
131,102,1,27,150,81,2.19,2.59,0,0,US
132,102,1,28,150,87,2.29,2.59,0,0,US
133,102,1,29,177,66,2.19,3.19,0,0,US
134,102,1,30,157,73,2.29,2.99,0,0,US
135,102,1,31,108,148,2.49,2.49,0,1,US
136,102,1,32,124,85,2.99,3.19,0,0,US
137,102,1,33,107,107,2.49,2.29,0,0,US
138,102,1,34,102,97,2.49,2.49,0,0,US
139,102,1,35,84,119,2.99,2.59,0,0,US
140,102,1,36,167,61,2.19,3.19,0,0,US
141,102,1,37,166,69,2.29,3.19,0,0,US
142,102,1,38,96,150,2.99,2.29,0,0,US
143,102,1,39,99,126,2.49,2.29,0,0,US
144,102,1,40,123,113,2.79,2.59,0,0,US
145,102,1,41,128,85,2.19,2.49,0,0,US
146,102,1,42,141,107,2.99,3.19,0,0,US
147,102,1,43,130,78,2.79,3.19,0,0,US
148,102,1,44,110,98,2.99,2.59,0,0,US
149,102,1,45,111,94,2.49,2.49,0,0,US
150,102,1,46,128,98,2.79,3.19,0,0,US
151,102,1,47,105,79,2.29,2.49,0,0,US
152,102,1,48,96,124,2.99,2.29,0,0,US
153,102,1,49,106,92,2.99,2.59,0,0,US
154,102,1,50,136,101,2.49,2.59,0,0,US
155,102,1,51,166,75,2.29,2.99,0,0,US
156,102,1,52,183,83,2.49,3.19,0,0,US
157,102,2,1,98,90,2.29,2.29,0,0,US
158,102,2,2,238,71,2.29,3.19,1,0,US
159,102,2,3,136,93,2.29,2.59,0,0,US
160,102,2,4,123,97,2.99,3.19,0,0,US
161,102,2,5,135,107,2.19,2.59,0,1,US
162,102,2,6,131,91,2.79,3.19,0,0,US
163,102,2,7,183,117,2.29,3.19,0,1,US
164,102,2,8,107,79,2.79,2.99,0,0,US
165,102,2,9,146,94,2.19,2.29,0,0,US
166,102,2,10,134,108,2.99,3.19,0,1,US
167,102,2,11,105,122,2.49,2.29,0,0,US
168,102,2,12,131,85,2.19,2.29,0,0,US
169,102,2,13,123,105,2.19,2.29,0,0,US
170,102,2,14,115,121,2.79,2.59,0,0,US
171,102,2,15,132,134,2.29,2.59,0,1,US
172,102,2,16,166,70,2.29,2.99,0,0,US
173,102,2,17,136,101,2.79,2.99,0,0,US
174,102,2,18,124,99,2.29,2.59,0,0,US
175,102,2,19,193,70,2.19,3.19,0,0,US
176,102,2,20,125,138,2.79,2.49,0,0,US
177,102,2,21,145,88,2.29,2.49,0,0,US
178,102,2,22,163,72,2.19,2.99,0,0,US
179,102,2,23,143,95,2.19,2.59,0,0,US
180,102,2,24,147,94,2.79,2.99,0,0,US
181,102,2,25,109,112,2.49,2.29,0,0,US
182,102,2,26,116,135,2.99,2.49,0,0,US
183,102,2,27,127,99,2.79,3.19,0,0,US
184,102,2,28,89,122,2.99,2.49,0,0,US
185,102,2,29,119,111,2.79,2.59,0,0,US
186,102,2,30,174,99,2.49,2.49,1,0,US
187,102,2,31,121,89,2.19,2.49,0,0,US
188,102,2,32,132,93,2.29,2.59,0,0,US
189,102,2,33,142,86,2.19,2.59,0,0,US
190,102,2,34,104,136,2.79,2.29,0,0,US
191,102,2,35,122,85,2.79,3.19,0,0,US
192,102,2,36,169,84,2.49,3.19,0,0,US
193,102,2,37,163,67,2.29,3.19,0,0,US
194,102,2,38,186,77,2.29,2.99,0,0,US
195,102,2,39,95,142,2.79,2.29,0,0,US
196,102,2,40,116,131,2.19,2.29,0,1,US
197,102,2,41,129,84,2.49,3.19,0,0,US
198,102,2,42,137,90,2.19,2.29,0,0,US
199,102,2,43,127,111,2.49,2.49,0,0,US
200,102,2,44,201,93,2.49,3.19,1,0,US
201,102,2,45,175,80,2.29,3.19,0,0,US
202,102,2,46,167,69,2.29,2.99,0,0,US
203,102,2,47,174,105,2.19,2.29,1,0,US
204,102,2,48,130,86,2.79,3.19,0,0,US
205,102,2,49,138,86,2.29,2.49,0,0,US
206,102,2,50,157,81,2.29,2.99,0,0,US
207,102,2,51,141,111,2.29,2.29,0,0,US
208,102,2,52,129,92,2.79,2.99,0,0,US
209,103,1,1,109,107,2.99,2.99,0,0,US
210,103,1,2,117,107,2.99,2.99,0,0,US
211,103,1,3,158,135,2.49,2.99,0,1,US
212,103,1,4,133,76,2.19,2.49,0,0,US
213,103,1,5,159,119,2.29,2.59,0,1,US
214,103,1,6,106,101,2.49,2.59,0,0,US
215,103,1,7,154,57,2.29,2.99,0,0,US
216,103,1,8,142,133,2.29,2.49,0,1,US
217,103,1,9,125,112,2.49,2.29,1,0,US
218,103,1,10,122,102,2.49,2.29,0,0,US
219,103,1,11,154,79,2.19,2.59,0,0,US
220,103,1,12,88,133,2.99,2.29,0,0,US
221,103,1,13,120,96,2.19,2.29,0,0,US
222,103,1,14,160,117,2.29,2.59,0,1,US
223,103,1,15,153,90,2.29,2.49,1,0,US
224,103,1,16,111,87,2.29,2.49,0,0,US
225,103,1,17,131,98,2.79,2.99,0,0,US
226,103,1,18,145,74,2.19,2.59,0,0,US
227,103,1,19,154,90,2.49,2.59,1,0,US
228,103,1,20,87,155,2.79,2.49,0,1,US
229,103,1,21,122,95,2.49,2.49,0,0,US
230,103,1,22,122,97,2.29,2.59,0,0,US
231,103,1,23,126,112,2.19,2.29,0,0,US
232,103,1,24,187,120,2.19,2.49,1,1,US
233,103,1,25,147,100,2.49,2.99,0,1,US
234,103,1,26,148,65,2.29,2.99,0,0,US
235,103,1,27,110,118,2.99,3.19,0,0,US
236,103,1,28,156,87,2.29,2.59,0,0,US
237,103,1,29,118,101,2.99,3.19,0,0,US
238,103,1,30,214,91,2.19,2.49,1,0,US
239,103,1,31,124,91,2.29,2.29,0,0,US
240,103,1,32,126,100,2.29,2.29,0,0,US
241,103,1,33,165,95,2.49,2.99,0,0,US
242,103,1,34,100,168,2.79,2.29,0,1,US
243,103,1,35,132,76,2.29,2.59,0,0,US
244,103,1,36,111,111,2.79,2.59,0,0,US
245,103,1,37,141,110,2.79,3.19,0,1,US
246,103,1,38,177,87,2.29,2.59,1,0,US
247,103,1,39,122,132,2.79,3.19,0,1,US
248,103,1,40,99,130,2.99,2.49,0,0,US
249,103,1,41,85,127,2.79,2.29,0,0,US
250,103,1,42,98,169,2.79,2.29,0,1,US
251,103,1,43,134,98,2.19,2.29,0,0,US
252,103,1,44,106,113,2.79,2.59,0,0,US
253,103,1,45,173,123,2.19,2.59,0,1,US
254,103,1,46,138,72,2.49,2.99,0,0,US
255,103,1,47,146,76,2.79,3.19,0,0,US
256,103,1,48,120,92,2.99,3.19,0,0,US
257,103,1,49,119,102,2.29,2.29,0,0,US
258,103,1,50,129,118,2.29,2.49,0,1,US
259,103,1,51,193,75,2.19,3.19,0,0,US
260,103,1,52,112,123,2.29,2.49,0,1,US
261,103,2,1,115,88,2.49,2.49,0,0,US
262,103,2,2,162,84,2.49,2.99,0,0,US
263,103,2,3,110,148,2.79,2.49,0,1,US
264,103,2,4,154,64,2.29,2.99,0,0,US
265,103,2,5,156,139,2.29,2.49,0,1,US
266,103,2,6,101,93,2.99,2.59,0,0,US
267,103,2,7,124,98,2.79,2.59,0,0,US
268,103,2,8,120,94,2.29,2.59,0,0,US
269,103,2,9,154,81,2.19,2.49,0,0,US
270,103,2,10,125,161,2.79,2.29,1,1,US
271,103,2,11,119,98,2.79,3.19,0,0,US
272,103,2,12,81,136,2.99,2.29,0,0,US
273,103,2,13,142,74,2.29,2.99,0,0,US
274,103,2,14,142,77,2.49,2.99,0,0,US
275,103,2,15,177,98,2.79,3.19,1,0,US
276,103,2,16,118,93,2.79,3.19,0,0,US
277,103,2,17,148,62,2.49,3.19,0,0,US
278,103,2,18,135,76,2.49,2.59,0,0,US
279,103,2,19,99,159,2.99,2.49,0,1,US
280,103,2,20,103,118,2.79,2.29,0,0,US
281,103,2,21,194,94,2.29,3.19,0,1,US
282,103,2,22,108,104,2.49,2.29,0,0,US
283,103,2,23,133,83,2.79,3.19,0,0,US
284,103,2,24,169,64,2.19,2.99,0,0,US
285,103,2,25,168,61,2.19,3.19,0,0,US
286,103,2,26,119,114,2.29,2.29,0,0,US
287,103,2,27,194,110,2.19,2.59,1,1,US
288,103,2,28,137,78,2.19,2.59,0,0,US
289,103,2,29,182,91,2.99,2.99,1,0,US
290,103,2,30,119,87,2.99,3.19,0,0,US
291,103,2,31,170,68,2.19,2.99,0,0,US
292,103,2,32,112,120,2.79,2.49,0,0,US
293,103,2,33,112,106,2.99,3.19,0,0,US
294,103,2,34,148,78,2.49,2.99,0,0,US
295,103,2,35,90,125,2.99,2.29,0,0,US
296,103,2,36,188,98,2.19,2.59,0,0,US
297,103,2,37,161,100,2.79,2.59,1,0,US
298,103,2,38,150,111,2.79,3.19,0,1,US
299,103,2,39,145,110,2.29,2.29,0,0,US
300,103,2,40,131,85,2.49,2.59,0,0,US
301,103,2,41,162,113,2.49,2.59,0,0,US
302,103,2,42,164,87,2.19,3.19,0,1,US
303,103,2,43,117,101,2.49,2.29,0,0,US
304,103,2,44,164,83,2.19,3.19,0,0,US
305,103,2,45,101,151,2.79,2.49,0,1,US
306,103,2,46,143,121,2.99,3.19,1,1,US
307,103,2,47,127,105,2.99,3.19,0,0,US
308,103,2,48,139,98,2.79,3.19,0,0,US
309,103,2,49,151,80,2.79,3.19,0,0,US
310,103,2,50,108,111,2.79,2.59,0,0,US
311,103,2,51,167,79,2.29,2.59,0,0,US
312,103,2,52,162,70,2.29,2.99,0,0,US
313,104,1,1,152,78,2.19,2.99,0,0,DE
314,104,1,2,171,77,2.19,3.19,0,0,DE
315,104,1,3,119,139,2.79,3.19,0,1,DE
316,104,1,4,108,120,2.79,2.49,0,0,DE
317,104,1,5,102,138,2.99,2.29,0,0,DE
318,104,1,6,125,105,2.49,2.59,0,0,DE
319,104,1,7,123,109,2.79,3.19,0,0,DE
320,104,1,8,145,120,2.49,2.49,1,0,DE
321,104,1,9,134,95,2.19,2.29,0,0,DE
322,104,1,10,84,114,2.99,2.49,0,0,DE
323,104,1,11,125,96,2.49,2.59,0,0,DE
324,104,1,12,112,99,2.29,2.29,0,0,DE
325,104,1,13,114,102,2.29,2.29,0,0,DE
326,104,1,14,121,69,2.19,2.59,0,0,DE
327,104,1,15,156,86,2.49,3.19,0,0,DE
328,104,1,16,150,80,2.49,2.99,0,0,DE
329,104,1,17,125,125,2.19,2.49,0,1,DE
330,104,1,18,142,71,2.19,2.59,0,0,DE
331,104,1,19,93,136,2.79,2.29,0,0,DE
332,104,1,20,122,106,2.99,2.99,0,0,DE
333,104,1,21,120,116,2.99,2.59,0,0,DE
334,104,1,22,93,134,2.99,2.29,0,0,DE
335,104,1,23,181,60,2.19,2.99,0,0,DE
336,104,1,24,129,114,2.79,2.59,0,0,DE
337,104,1,25,142,89,2.19,2.59,0,0,DE
338,104,1,26,92,133,2.79,2.29,0,1,DE
339,104,1,27,115,91,2.79,2.99,0,0,DE
340,104,1,28,142,71,2.29,2.99,0,0,DE
341,104,1,29,153,88,2.99,3.19,0,0,DE
342,104,1,30,117,103,2.49,2.49,0,0,DE
343,104,1,31,127,90,2.29,2.49,0,0,DE
344,104,1,32,104,117,2.79,2.29,0,0,DE
345,104,1,33,144,100,2.79,3.19,0,0,DE
346,104,1,34,87,113,2.79,2.29,0,0,DE
347,104,1,35,92,124,2.99,2.29,0,0,DE
348,104,1,36,104,103,2.99,2.59,0,0,DE
349,104,1,37,130,98,2.99,2.99,0,0,DE
350,104,1,38,99,129,2.99,2.49,0,0,DE
351,104,1,39,111,97,2.49,2.49,0,0,DE
352,104,1,40,144,94,2.29,2.59,0,0,DE
353,104,1,41,120,133,2.79,2.99,0,1,DE
354,104,1,42,126,94,2.99,3.19,0,0,DE
355,104,1,43,183,63,2.19,3.19,0,0,DE
356,104,1,44,157,74,2.49,2.99,0,0,DE
357,104,1,45,100,97,2.79,2.59,0,0,DE
358,104,1,46,101,111,2.79,2.29,0,0,DE
359,104,1,47,182,60,2.19,3.19,0,0,DE
360,104,1,48,152,74,2.19,2.49,0,0,DE
361,104,1,49,138,81,2.49,2.99,0,0,DE
362,104,1,50,142,95,2.79,3.19,0,0,DE
363,104,1,51,149,136,2.29,2.59,0,1,DE
364,104,1,52,161,73,2.29,2.99,0,0,DE
365,104,2,1,109,99,2.99,3.19,0,0,DE
366,104,2,2,110,130,2.79,3.19,0,1,DE
367,104,2,3,153,94,2.29,2.59,0,0,DE
368,104,2,4,162,77,2.49,2.99,0,0,DE
369,104,2,5,129,101,2.99,3.19,0,0,DE
370,104,2,6,109,125,2.29,2.29,0,1,DE
371,104,2,7,108,116,2.99,2.49,0,0,DE
372,104,2,8,101,116,2.79,2.29,0,0,DE
373,104,2,9,145,76,2.79,3.19,0,0,DE
374,104,2,10,139,96,2.19,2.49,0,0,DE
375,104,2,11,140,96,2.99,3.19,0,0,DE
376,104,2,12,92,140,2.99,2.29,0,0,DE
377,104,2,13,115,130,2.99,2.59,0,0,DE
378,104,2,14,108,99,2.49,2.29,0,0,DE
379,104,2,15,193,67,2.29,3.19,0,0,DE
380,104,2,16,108,95,2.49,2.29,0,0,DE
381,104,2,17,140,72,2.29,2.99,0,0,DE
382,104,2,18,93,119,2.99,2.59,0,0,DE
383,104,2,19,120,102,2.49,2.49,0,0,DE
384,104,2,20,187,75,2.29,3.19,0,0,DE
385,104,2,21,106,115,2.99,2.59,0,0,DE
386,104,2,22,186,83,2.49,3.19,1,0,DE
387,104,2,23,150,87,2.19,2.59,0,0,DE
388,104,2,24,100,132,2.99,2.49,0,0,DE
389,104,2,25,203,79,2.19,2.99,0,0,DE
390,104,2,26,109,110,2.49,2.29,0,0,DE
391,104,2,27,133,85,2.29,2.59,0,0,DE
392,104,2,28,128,80,2.49,2.59,0,0,DE
393,104,2,29,143,109,2.19,2.49,0,0,DE
394,104,2,30,122,142,2.49,2.49,0,1,DE
395,104,2,31,108,97,2.99,3.19,0,0,DE
396,104,2,32,98,124,2.49,2.29,0,0,DE
397,104,2,33,145,73,2.79,3.19,0,0,DE
398,104,2,34,100,129,2.99,2.49,0,0,DE
399,104,2,35,198,100,2.29,3.19,1,1,DE
400,104,2,36,143,86,2.29,2.59,0,0,DE
401,104,2,37,115,120,2.79,2.59,0,0,DE
402,104,2,38,92,132,2.79,2.29,0,0,DE
403,104,2,39,189,67,2.19,3.19,0,0,DE
404,104,2,40,171,64,2.19,3.19,0,0,DE
405,104,2,41,125,95,2.29,2.29,0,0,DE
406,104,2,42,170,56,2.19,2.99,0,0,DE
407,104,2,43,138,76,2.49,2.59,0,0,DE
408,104,2,44,159,118,2.19,2.59,0,1,DE
409,104,2,45,138,83,2.29,2.59,0,0,DE
410,104,2,46,156,88,2.49,3.19,0,1,DE
411,104,2,47,174,81,2.29,2.99,0,0,DE
412,104,2,48,161,73,2.49,3.19,0,0,DE
413,104,2,49,76,133,2.99,2.29,0,0,DE
414,104,2,50,119,95,2.79,2.99,0,0,DE
415,104,2,51,159,79,2.19,3.19,0,0,DE
416,104,2,52,135,87,2.19,2.29,0,0,DE
417,105,1,1,96,110,2.79,2.29,0,0,DE
418,105,1,2,165,67,2.29,3.19,0,0,DE
419,105,1,3,120,74,2.49,2.99,0,0,DE
420,105,1,4,162,69,2.19,2.49,0,0,DE
421,105,1,5,140,117,2.29,2.29,1,0,DE
422,105,1,6,108,107,2.99,2.99,0,0,DE
423,105,1,7,126,105,2.79,2.59,0,0,DE
424,105,1,8,137,94,2.49,2.59,0,0,DE
425,105,1,9,135,78,2.19,2.59,0,0,DE
426,105,1,10,123,81,2.19,2.59,0,0,DE
427,105,1,11,109,144,2.19,2.29,0,1,DE
428,105,1,12,138,91,2.29,2.59,0,0,DE
429,105,1,13,118,85,2.19,2.49,0,0,DE
430,105,1,14,170,77,2.29,3.19,0,0,DE
431,105,1,15,117,130,2.79,2.49,0,0,DE
432,105,1,16,83,122,2.99,2.29,0,0,DE
433,105,1,17,162,73,2.29,3.19,0,0,DE
434,105,1,18,112,115,2.79,2.49,0,0,DE
435,105,1,19,187,74,2.29,2.99,0,0,DE
436,105,1,20,113,114,2.99,2.49,0,0,DE
437,105,1,21,157,74,2.19,2.99,0,0,DE
438,105,1,22,126,94,2.49,2.49,1,0,DE
439,105,1,23,125,77,2.49,2.59,0,0,DE
440,105,1,24,127,117,2.79,2.59,0,0,DE
441,105,1,25,120,104,2.99,2.59,1,0,DE
442,105,1,26,85,108,2.99,2.49,0,0,DE
443,105,1,27,114,170,2.79,2.49,0,1,DE
444,105,1,28,127,101,2.29,2.59,0,0,DE
445,105,1,29,173,101,2.79,2.59,1,0,DE
446,105,1,30,112,118,2.79,2.49,0,0,DE
447,105,1,31,158,126,2.99,3.19,1,1,DE
448,105,1,32,130,102,2.29,2.29,0,0,DE
449,105,1,33,95,104,2.49,2.49,0,0,DE
450,105,1,34,110,110,2.29,2.29,0,0,DE
451,105,1,35,137,88,2.99,2.99,1,0,DE
452,105,1,36,174,87,2.19,3.19,0,1,DE
453,105,1,37,127,91,2.99,3.19,0,0,DE
454,105,1,38,103,115,2.19,2.29,0,1,DE
455,105,1,39,103,116,2.49,2.29,0,0,DE
456,105,1,40,155,70,2.29,3.19,0,0,DE
457,105,1,41,97,89,2.29,2.29,0,0,DE
458,105,1,42,104,142,2.99,2.29,0,0,DE
459,105,1,43,129,77,2.29,2.59,0,0,DE
460,105,1,44,181,87,2.19,2.29,1,0,DE
461,105,1,45,119,195,2.79,2.29,0,1,DE
462,105,1,46,154,70,2.29,2.99,0,0,DE
463,105,1,47,108,113,2.79,2.59,0,0,DE
464,105,1,48,148,113,2.99,3.19,0,0,DE
465,105,1,49,130,84,2.49,2.29,0,0,DE
466,105,1,50,122,101,2.99,2.99,0,0,DE
467,105,1,51,137,95,2.19,2.29,0,0,DE
468,105,1,52,140,89,2.29,2.59,0,0,DE
469,105,2,1,216,69,2.49,2.99,1,0,DE
470,105,2,2,99,111,2.99,2.49,0,0,DE
471,105,2,3,111,102,2.49,2.49,0,0,DE
472,105,2,4,180,99,2.19,3.19,0,1,DE
473,105,2,5,127,96,2.99,3.19,0,0,DE
474,105,2,6,114,98,2.49,2.49,0,0,DE
475,105,2,7,151,89,2.19,2.49,0,0,DE
476,105,2,8,158,79,2.29,2.59,0,0,DE
477,105,2,9,151,80,2.29,2.59,0,0,DE
478,105,2,10,104,116,2.79,2.29,0,0,DE
479,105,2,11,144,106,2.79,2.99,0,0,DE
480,105,2,12,139,96,2.49,3.19,0,1,DE
481,105,2,13,173,144,2.79,2.99,0,1,DE
482,105,2,14,132,83,2.49,2.49,0,0,DE
483,105,2,15,109,82,2.99,3.19,0,0,DE
484,105,2,16,134,91,2.49,2.59,0,0,DE
485,105,2,17,113,108,2.29,2.29,0,0,DE
486,105,2,18,147,94,2.19,2.29,0,0,DE
487,105,2,19,127,93,2.99,2.99,1,0,DE
488,105,2,20,92,127,2.79,2.29,0,0,DE
489,105,2,21,138,91,2.49,2.59,0,0,DE
490,105,2,22,119,90,2.49,2.59,0,0,DE
491,105,2,23,105,170,2.99,2.59,0,1,DE
492,105,2,24,86,133,2.99,2.29,0,0,DE
493,105,2,25,96,198,2.99,2.29,0,1,DE
494,105,2,26,111,73,2.79,3.19,0,0,DE
495,105,2,27,123,108,2.49,2.59,0,1,DE
496,105,2,28,188,66,2.49,2.99,1,0,DE
497,105,2,29,154,71,2.29,2.99,0,0,DE
498,105,2,30,110,150,2.79,2.59,0,1,DE
499,105,2,31,115,98,2.29,2.29,0,0,DE
500,105,2,32,152,68,2.29,2.99,0,0,DE
501,105,2,33,170,100,2.99,2.99,1,0,DE
502,105,2,34,111,101,2.49,2.49,0,0,DE
503,105,2,35,113,162,2.99,2.59,0,1,DE
504,105,2,36,157,90,2.29,2.59,0,0,DE
505,105,2,37,111,87,2.49,2.49,0,0,DE
506,105,2,38,143,118,2.79,2.49,1,0,DE
507,105,2,39,113,95,2.19,2.29,0,0,DE
508,105,2,40,92,126,2.79,2.59,0,0,DE
509,105,2,41,136,102,2.19,2.29,0,0,DE
510,105,2,42,148,87,2.49,3.19,0,0,DE
511,105,2,43,120,84,2.49,2.49,0,0,DE
512,105,2,44,163,74,2.29,2.99,0,0,DE
513,105,2,45,113,97,2.79,3.19,0,0,DE
514,105,2,46,103,182,2.79,2.29,0,1,DE
515,105,2,47,121,114,2.79,2.59,0,0,DE
516,105,2,48,90,126,2.99,2.49,0,0,DE
517,105,2,49,159,75,2.29,2.99,0,0,DE
518,105,2,50,121,100,2.79,2.99,0,0,DE
519,105,2,51,115,112,2.49,2.49,0,0,DE
520,105,2,52,106,88,2.99,3.19,0,0,DE
521,106,1,1,117,87,2.49,2.49,0,0,DE
522,106,1,2,85,113,2.99,2.29,0,0,DE
523,106,1,3,136,157,2.79,2.29,1,1,DE
524,106,1,4,99,115,2.79,2.29,0,0,DE
525,106,1,5,136,80,2.49,2.99,0,0,DE
526,106,1,6,115,132,2.99,3.19,0,1,DE
527,106,1,7,138,87,2.29,2.59,0,0,DE
528,106,1,8,100,117,2.79,2.29,0,0,DE
529,106,1,9,113,90,2.29,2.29,0,0,DE
530,106,1,10,145,108,2.19,2.29,1,0,DE
531,106,1,11,91,104,2.99,2.29,0,0,DE
532,106,1,12,148,90,2.79,3.19,0,0,DE
533,106,1,13,117,106,2.29,2.29,0,0,DE
534,106,1,14,101,114,2.79,2.49,0,0,DE
535,106,1,15,263,87,2.19,3.19,1,1,DE
536,106,1,16,93,118,2.79,2.59,0,0,DE
537,106,1,17,132,98,2.49,2.49,0,0,DE
538,106,1,18,183,87,2.29,2.59,1,0,DE
539,106,1,19,141,76,2.19,2.29,0,0,DE
540,106,1,20,141,90,2.49,2.59,0,0,DE
541,106,1,21,132,82,2.79,2.99,0,0,DE
542,106,1,22,127,157,2.79,3.19,0,1,DE
543,106,1,23,103,101,2.49,2.29,0,0,DE
544,106,1,24,141,89,2.79,2.99,0,0,DE
545,106,1,25,158,106,2.49,2.99,0,1,DE
546,106,1,26,163,62,2.19,2.99,0,0,DE
547,106,1,27,112,157,2.49,2.59,0,1,DE
548,106,1,28,209,73,2.49,3.19,1,0,DE
549,106,1,29,108,166,2.49,2.29,0,1,DE
550,106,1,30,129,98,2.49,2.59,0,0,DE
551,106,1,31,119,97,2.99,3.19,0,0,DE
552,106,1,32,134,90,2.29,2.59,0,0,DE
553,106,1,33,149,51,2.29,3.19,0,0,DE
554,106,1,34,115,113,2.79,2.59,0,0,DE
555,106,1,35,168,75,2.19,3.19,0,0,DE
556,106,1,36,107,114,2.49,2.29,0,0,DE
557,106,1,37,160,65,2.19,2.99,0,0,DE
558,106,1,38,118,112,2.49,2.29,0,0,DE
559,106,1,39,101,174,2.79,2.49,0,1,DE
560,106,1,40,138,91,2.19,2.49,0,0,DE
561,106,1,41,164,104,2.49,3.19,0,1,DE
562,106,1,42,88,102,2.99,2.59,0,0,DE
563,106,1,43,100,113,2.79,2.59,0,0,DE
564,106,1,44,153,80,2.29,2.99,0,0,DE
565,106,1,45,119,111,2.79,2.59,0,0,DE
566,106,1,46,87,162,2.79,2.29,0,1,DE
567,106,1,47,199,57,2.19,3.19,0,0,DE
568,106,1,48,114,96,2.49,2.49,0,0,DE
569,106,1,49,129,69,2.19,2.59,0,0,DE
570,106,1,50,135,123,2.19,2.59,0,1,DE
571,106,1,51,134,82,2.19,2.59,0,0,DE
572,106,1,52,131,86,2.29,2.49,0,0,DE
573,106,2,1,181,70,2.49,3.19,0,0,DE
574,106,2,2,119,108,2.49,2.49,0,0,DE
575,106,2,3,140,148,2.99,3.19,0,1,DE
576,106,2,4,118,116,2.19,2.49,0,1,DE
577,106,2,5,103,100,2.79,2.49,0,0,DE
578,106,2,6,180,128,2.19,2.99,0,1,DE
579,106,2,7,190,68,2.19,3.19,0,0,DE
580,106,2,8,100,156,2.99,2.59,0,1,DE
581,106,2,9,111,96,2.49,2.29,0,0,DE
582,106,2,10,81,162,2.99,2.29,0,1,DE
583,106,2,11,104,136,2.19,2.29,0,1,DE
584,106,2,12,109,119,2.79,2.59,0,0,DE
585,106,2,13,114,121,2.49,2.29,0,0,DE
586,106,2,14,152,89,2.19,2.49,0,0,DE
587,106,2,15,151,88,2.19,2.59,0,0,DE
588,106,2,16,135,96,2.79,2.99,0,0,DE
589,106,2,17,163,75,2.29,2.99,0,0,DE
590,106,2,18,176,77,2.29,3.19,0,0,DE
591,106,2,19,171,60,2.19,3.19,0,0,DE
592,106,2,20,102,91,2.99,3.19,0,0,DE
593,106,2,21,164,72,2.19,3.19,0,0,DE
594,106,2,22,99,93,2.79,2.59,0,0,DE
595,106,2,23,134,125,2.29,2.59,0,1,DE
596,106,2,24,115,87,2.79,2.59,0,0,DE
597,106,2,25,168,77,2.29,3.19,0,0,DE
598,106,2,26,117,106,2.49,2.49,0,0,DE
599,106,2,27,124,87,2.29,2.59,0,0,DE
600,106,2,28,120,155,2.99,2.99,0,1,DE
601,106,2,29,111,94,2.99,3.19,0,0,DE
602,106,2,30,173,92,2.49,2.59,1,0,DE
603,106,2,31,136,81,2.49,3.19,0,0,DE
604,106,2,32,119,87,2.19,2.29,0,0,DE
605,106,2,33,148,91,2.79,3.19,0,0,DE
606,106,2,34,92,108,2.99,2.59,0,0,DE
607,106,2,35,186,74,2.19,3.19,0,0,DE
608,106,2,36,165,91,2.29,2.59,0,0,DE
609,106,2,37,132,146,2.79,2.29,1,0,DE
610,106,2,38,141,72,2.29,2.59,0,0,DE
611,106,2,39,128,84,2.19,2.59,0,0,DE
612,106,2,40,163,60,2.19,2.99,0,0,DE
613,106,2,41,101,112,2.49,2.29,0,0,DE
614,106,2,42,151,117,2.49,3.19,0,1,DE
615,106,2,43,127,116,2.99,2.59,1,0,DE
616,106,2,44,131,103,2.29,2.49,0,0,DE
617,106,2,45,120,92,2.29,2.49,0,1,DE
618,106,2,46,109,93,2.79,2.59,0,0,DE
619,106,2,47,137,113,2.79,2.59,1,0,DE
620,106,2,48,139,90,2.79,2.99,0,0,DE
621,106,2,49,170,74,2.49,2.99,0,0,DE
622,106,2,50,114,144,2.19,2.29,0,1,DE
623,106,2,51,161,80,2.49,3.19,0,0,DE
624,106,2,52,182,68,2.19,3.19,0,0,DE
625,107,1,1,131,126,2.79,2.29,1,0,DE
626,107,1,2,104,123,2.79,2.49,0,0,DE
627,107,1,3,126,113,2.99,3.19,0,1,DE
628,107,1,4,124,88,2.29,2.49,0,0,DE
629,107,1,5,143,142,2.29,2.59,0,1,DE
630,107,1,6,119,90,2.79,2.99,0,0,DE
631,107,1,7,108,192,2.99,2.29,1,1,DE
632,107,1,8,129,87,2.29,2.59,0,0,DE
633,107,1,9,124,89,2.29,2.49,0,0,DE
634,107,1,10,174,63,2.19,2.99,0,0,DE
635,107,1,11,112,158,2.49,2.49,0,1,DE
636,107,1,12,144,86,2.19,2.49,0,0,DE
637,107,1,13,101,97,2.79,2.49,0,0,DE
638,107,1,14,149,104,2.29,2.29,1,0,DE
639,107,1,15,116,118,2.29,2.29,0,1,DE
640,107,1,16,102,136,2.99,2.29,0,0,DE
641,107,1,17,144,69,2.49,3.19,0,0,DE
642,107,1,18,124,131,2.29,2.29,0,1,DE
643,107,1,19,140,90,2.29,2.49,0,0,DE
644,107,1,20,131,92,2.49,2.59,0,0,DE
645,107,1,21,154,80,2.49,2.99,0,0,DE
646,107,1,22,198,77,2.49,3.19,1,0,DE
647,107,1,23,114,100,2.29,2.49,0,0,DE
648,107,1,24,140,88,2.29,3.19,0,0,DE
649,107,1,25,146,98,2.19,2.49,0,0,DE
650,107,1,26,135,100,2.19,2.29,0,0,DE
651,107,1,27,143,78,2.19,2.59,0,0,DE
652,107,1,28,142,59,2.49,3.19,0,0,DE
653,107,1,29,127,124,2.99,2.59,1,0,DE
654,107,1,30,105,136,2.99,2.59,0,1,DE
655,107,1,31,124,131,2.49,2.59,0,1,DE
656,107,1,32,121,85,2.19,2.29,0,0,DE
657,107,1,33,101,109,2.99,2.59,0,0,DE
658,107,1,34,132,94,2.49,2.99,0,0,DE
659,107,1,35,170,94,2.29,2.59,1,0,DE
660,107,1,36,130,86,2.29,2.29,0,0,DE
661,107,1,37,107,118,2.99,2.59,0,0,DE
662,107,1,38,173,87,2.29,2.99,0,0,DE
663,107,1,39,133,100,2.29,2.59,0,0,DE
664,107,1,40,134,98,2.79,3.19,0,0,DE
665,107,1,41,92,136,2.99,2.29,0,0,DE
666,107,1,42,148,73,2.19,2.59,0,0,DE
667,107,1,43,106,127,2.99,2.59,0,0,DE
668,107,1,44,177,94,2.29,2.59,1,0,DE
669,107,1,45,117,118,2.19,2.59,0,1,DE
670,107,1,46,123,82,2.19,2.29,0,0,DE
671,107,1,47,177,108,2.29,2.99,0,1,DE
672,107,1,48,115,107,2.29,2.29,0,0,DE
673,107,1,49,105,74,2.79,2.99,0,0,DE
674,107,1,50,119,111,2.99,2.99,0,0,DE
675,107,1,51,126,102,2.79,2.59,0,0,DE
676,107,1,52,139,81,2.19,2.49,0,0,DE
677,107,2,1,88,100,2.79,2.59,0,0,DE
678,107,2,2,139,83,2.19,2.49,0,0,DE
679,107,2,3,127,110,2.79,3.19,0,1,DE
680,107,2,4,127,84,2.29,2.59,0,0,DE
681,107,2,5,105,114,2.49,2.29,0,0,DE
682,107,2,6,96,99,2.49,2.29,0,0,DE
683,107,2,7,135,88,2.99,3.19,0,0,DE
684,107,2,8,172,74,2.29,3.19,0,0,DE
685,107,2,9,99,136,2.79,2.29,0,0,DE
686,107,2,10,129,99,2.49,2.49,0,0,DE
687,107,2,11,145,72,2.49,2.99,0,0,DE
688,107,2,12,179,69,2.49,3.19,0,0,DE
689,107,2,13,127,137,2.99,2.99,0,1,DE
690,107,2,14,114,84,2.29,2.29,0,0,DE
691,107,2,15,148,85,2.19,2.49,0,0,DE
692,107,2,16,159,101,2.49,2.49,1,0,DE
693,107,2,17,127,127,2.99,2.59,0,0,DE
694,107,2,18,126,123,2.49,2.49,0,0,DE
695,107,2,19,147,77,2.49,2.99,0,0,DE
696,107,2,20,138,87,2.29,2.49,0,0,DE
697,107,2,21,159,91,2.29,2.99,0,0,DE
698,107,2,22,167,89,2.29,2.99,0,0,DE
699,107,2,23,138,81,2.99,2.99,0,0,DE
700,107,2,24,96,92,2.49,2.49,0,0,DE
701,107,2,25,132,81,2.19,2.49,0,0,DE
702,107,2,26,167,99,2.29,2.29,1,0,DE
703,107,2,27,126,88,2.79,3.19,0,0,DE
704,107,2,28,114,97,2.99,2.99,0,0,DE
705,107,2,29,153,65,2.19,2.99,0,0,DE
706,107,2,30,143,103,2.49,2.59,0,1,DE
707,107,2,31,153,81,2.19,2.99,0,0,DE
708,107,2,32,123,87,2.79,2.99,0,0,DE
709,107,2,33,110,86,2.99,2.99,0,0,DE
710,107,2,34,121,105,2.49,2.29,0,0,DE
711,107,2,35,104,127,2.99,2.49,0,0,DE
712,107,2,36,170,82,2.49,2.99,0,0,DE
713,107,2,37,138,105,2.19,2.29,0,0,DE
714,107,2,38,153,88,2.19,2.49,0,0,DE
715,107,2,39,107,115,2.79,2.59,0,0,DE
716,107,2,40,153,71,2.19,2.99,0,0,DE
717,107,2,41,138,78,2.19,2.29,0,0,DE
718,107,2,42,93,122,2.79,2.29,0,0,DE
719,107,2,43,119,105,2.29,2.29,0,0,DE
720,107,2,44,161,63,2.49,3.19,0,0,DE
721,107,2,45,176,72,2.19,3.19,0,0,DE
722,107,2,46,113,93,2.49,2.29,0,0,DE
723,107,2,47,216,63,2.19,3.19,0,0,DE
724,107,2,48,177,75,2.29,2.99,0,0,DE
725,107,2,49,148,68,2.29,2.99,0,0,DE
726,107,2,50,115,96,2.99,3.19,0,0,DE
727,107,2,51,133,98,2.99,2.99,0,0,DE
728,107,2,52,155,65,2.29,3.19,0,0,DE
729,108,1,1,123,92,2.49,2.59,0,0,DE
730,108,1,2,82,96,2.79,2.49,0,0,DE
731,108,1,3,137,80,2.49,3.19,0,0,DE
732,108,1,4,134,104,2.79,2.99,0,0,DE
733,108,1,5,167,92,2.29,2.49,1,0,DE
734,108,1,6,155,94,2.19,2.49,0,0,DE
735,108,1,7,161,66,2.29,3.19,0,0,DE
736,108,1,8,150,114,2.49,3.19,0,1,DE
737,108,1,9,128,121,2.49,2.59,0,0,DE
738,108,1,10,117,87,2.29,2.49,0,0,DE
739,108,1,11,163,92,2.29,2.99,0,0,DE
740,108,1,12,165,90,2.49,2.49,1,0,DE
741,108,1,13,152,102,2.29,2.29,1,0,DE
742,108,1,14,109,102,2.79,2.49,0,0,DE
743,108,1,15,160,125,2.29,2.29,0,0,DE
744,108,1,16,106,119,2.99,2.59,0,0,DE
745,108,1,17,189,82,2.29,2.59,1,0,DE
746,108,1,18,131,113,2.79,2.99,0,0,DE
747,108,1,19,112,96,2.49,2.59,0,0,DE
748,108,1,20,142,86,2.29,2.49,0,0,DE
749,108,1,21,150,119,2.19,2.49,0,1,DE
750,108,1,22,138,103,2.19,2.59,0,1,DE
751,108,1,23,124,95,2.49,2.59,0,0,DE
752,108,1,24,163,64,2.29,2.99,0,0,DE
753,108,1,25,138,83,2.49,3.19,0,0,DE
754,108,1,26,122,106,2.99,2.99,0,0,DE
755,108,1,27,145,90,2.19,2.49,0,0,DE
756,108,1,28,141,100,2.99,2.49,1,0,DE
757,108,1,29,173,86,2.29,2.49,1,0,DE
758,108,1,30,147,84,2.49,2.59,0,0,DE
759,108,1,31,97,140,2.99,2.49,0,0,DE
760,108,1,32,132,154,2.99,3.19,0,1,DE
761,108,1,33,123,80,2.19,2.59,0,0,DE
762,108,1,34,145,100,2.79,3.19,0,0,DE
763,108,1,35,93,116,2.79,2.29,0,0,DE
764,108,1,36,230,69,2.19,2.99,1,0,DE
765,108,1,37,101,102,2.79,2.99,0,1,DE
766,108,1,38,103,120,2.99,2.49,0,0,DE
767,108,1,39,89,103,2.79,2.59,0,0,DE
768,108,1,40,115,103,2.99,2.59,0,0,DE
769,108,1,41,122,79,2.79,3.19,0,0,DE
770,108,1,42,94,160,2.99,2.49,0,0,DE
771,108,1,43,108,92,2.49,2.49,0,0,DE
772,108,1,44,80,124,2.99,2.29,0,0,DE
773,108,1,45,156,85,2.19,2.59,0,0,DE
774,108,1,46,154,66,2.29,3.19,0,0,DE
775,108,1,47,132,154,2.49,2.29,1,1,DE
776,108,1,48,116,125,2.29,2.59,0,1,DE
777,108,1,49,168,63,2.19,2.59,1,0,DE
778,108,1,50,119,125,2.99,2.59,0,0,DE
779,108,1,51,152,126,2.49,3.19,0,1,DE
780,108,1,52,157,75,2.29,2.99,0,0,DE
781,108,2,1,162,92,2.29,2.99,0,1,DE
782,108,2,2,137,91,2.79,3.19,0,0,DE
783,108,2,3,113,105,2.19,2.29,0,0,DE
784,108,2,4,114,111,2.79,2.49,0,0,DE
785,108,2,5,135,129,2.79,2.59,1,0,DE
786,108,2,6,99,101,2.19,2.29,0,0,DE
787,108,2,7,133,90,2.29,2.59,0,0,DE
788,108,2,8,193,76,2.19,3.19,0,0,DE
789,108,2,9,105,197,2.79,2.29,0,1,DE
790,108,2,10,117,80,2.99,3.19,0,0,DE
791,108,2,11,164,80,2.79,3.19,1,0,DE
792,108,2,12,81,115,2.99,2.29,0,0,DE
793,108,2,13,80,182,2.79,2.49,0,1,DE
794,108,2,14,125,140,2.49,2.59,0,1,DE
795,108,2,15,109,91,2.49,2.49,0,0,DE
796,108,2,16,136,98,2.79,3.19,0,0,DE
797,108,2,17,114,92,2.19,2.29,0,0,DE
798,108,2,18,149,121,2.79,3.19,0,1,DE
799,108,2,19,112,97,2.29,2.29,0,0,DE
800,108,2,20,146,86,2.29,2.49,0,0,DE
801,108,2,21,143,131,2.49,2.59,0,1,DE
802,108,2,22,116,120,2.79,2.59,0,0,DE
803,108,2,23,162,86,2.19,2.29,0,0,DE
804,108,2,24,137,110,2.29,2.99,0,1,DE
805,108,2,25,236,59,2.29,3.19,1,0,DE
806,108,2,26,145,85,2.19,2.49,0,0,DE
807,108,2,27,120,85,2.49,2.99,0,0,DE
808,108,2,28,160,98,2.79,2.59,1,0,DE
809,108,2,29,106,128,2.99,2.59,1,0,DE
810,108,2,30,169,92,2.79,3.19,0,0,DE
811,108,2,31,130,82,2.79,2.99,0,0,DE
812,108,2,32,131,79,2.19,2.49,0,0,DE
813,108,2,33,117,106,2.79,2.49,0,0,DE
814,108,2,34,146,59,2.29,2.99,0,0,DE
815,108,2,35,97,109,2.99,2.49,0,0,DE
816,108,2,36,169,74,2.29,2.99,0,0,DE
817,108,2,37,126,122,2.49,2.29,0,0,DE
818,108,2,38,107,97,2.49,2.59,0,0,DE
819,108,2,39,121,100,2.99,2.99,0,0,DE
820,108,2,40,211,66,2.19,3.19,1,0,DE
821,108,2,41,99,146,2.99,2.29,0,0,DE
822,108,2,42,168,72,2.19,2.59,0,0,DE
823,108,2,43,106,114,2.49,2.29,0,0,DE
824,108,2,44,159,80,2.19,2.99,0,0,DE
825,108,2,45,144,159,2.99,2.49,1,1,DE
826,108,2,46,129,90,2.99,3.19,0,0,DE
827,108,2,47,104,108,2.79,2.59,0,0,DE
828,108,2,48,127,103,2.99,2.59,0,0,DE
829,108,2,49,113,140,2.19,2.29,0,1,DE
830,108,2,50,120,116,2.99,2.49,0,0,DE
831,108,2,51,131,102,2.79,2.59,1,0,DE
832,108,2,52,121,119,2.49,2.59,0,1,DE
833,109,1,1,123,87,2.19,2.49,0,0,GB
834,109,1,2,161,69,2.29,2.99,0,0,GB
835,109,1,3,124,116,2.99,2.59,0,0,GB
836,109,1,4,88,92,2.49,2.49,0,0,GB
837,109,1,5,149,80,2.29,2.59,0,0,GB
838,109,1,6,119,97,2.49,2.49,0,0,GB
839,109,1,7,149,67,2.29,3.19,0,0,GB
840,109,1,8,101,128,2.99,2.59,0,0,GB
841,109,1,9,164,86,2.29,2.49,0,0,GB
842,109,1,10,183,61,2.19,3.19,0,0,GB
843,109,1,11,168,76,2.29,3.19,0,0,GB
844,109,1,12,104,122,2.49,2.29,0,0,GB
845,109,1,13,118,124,2.99,2.59,0,0,GB
846,109,1,14,119,110,2.99,2.99,0,0,GB
847,109,1,15,125,81,2.19,2.59,0,0,GB
848,109,1,16,117,86,2.79,3.19,0,0,GB
849,109,1,17,132,89,2.49,2.99,0,0,GB
850,109,1,18,104,77,2.79,2.99,0,0,GB
851,109,1,19,83,201,2.79,2.29,0,1,GB
852,109,1,20,112,121,2.99,2.59,0,0,GB
853,109,1,21,91,138,2.99,2.29,0,0,GB
854,109,1,22,134,89,2.19,2.59,0,0,GB
855,109,1,23,98,84,2.99,3.19,0,0,GB
856,109,1,24,101,126,2.99,2.49,0,0,GB
857,109,1,25,128,117,2.79,2.29,1,0,GB
858,109,1,26,95,124,2.99,2.49,0,0,GB
859,109,1,27,138,92,2.99,2.99,0,0,GB
860,109,1,28,152,88,2.19,2.49,0,0,GB
861,109,1,29,96,106,2.79,2.59,0,0,GB
862,109,1,30,151,80,2.19,2.59,0,0,GB
863,109,1,31,95,136,2.99,2.49,0,0,GB
864,109,1,32,109,103,2.49,2.59,0,0,GB
865,109,1,33,162,75,2.19,2.99,0,0,GB
866,109,1,34,142,72,2.49,2.99,0,0,GB
867,109,1,35,124,100,2.49,2.59,0,0,GB
868,109,1,36,159,72,2.29,3.19,0,0,GB
869,109,1,37,136,118,2.29,2.59,0,1,GB
870,109,1,38,210,60,2.19,2.99,1,0,GB
871,109,1,39,175,72,2.29,3.19,0,0,GB
872,109,1,40,109,123,2.79,2.59,0,0,GB
873,109,1,41,165,149,2.49,2.99,0,1,GB
874,109,1,42,141,109,2.79,3.19,0,0,GB
875,109,1,43,106,96,2.49,2.29,0,0,GB
876,109,1,44,126,80,2.19,2.49,0,0,GB
877,109,1,45,159,99,2.79,2.59,1,0,GB
878,109,1,46,148,97,2.29,2.59,0,0,GB
879,109,1,47,108,185,2.99,2.59,0,1,GB
880,109,1,48,128,111,2.79,2.99,0,0,GB
881,109,1,49,118,93,2.19,2.29,0,0,GB
882,109,1,50,147,77,2.49,3.19,0,0,GB
883,109,1,51,100,123,2.79,2.29,0,0,GB
884,109,1,52,157,100,2.29,2.99,0,1,GB
885,109,2,1,135,97,2.79,2.99,0,0,GB
886,109,2,2,168,86,2.29,3.19,0,0,GB
887,109,2,3,124,95,2.99,2.99,0,0,GB
888,109,2,4,146,71,2.19,2.49,0,0,GB
889,109,2,5,134,109,2.19,2.29,0,0,GB
890,109,2,6,122,138,2.79,2.59,0,1,GB
891,109,2,7,173,74,2.19,2.59,1,0,GB
892,109,2,8,123,104,2.49,2.59,0,0,GB
893,109,2,9,108,134,2.79,2.59,0,1,GB
894,109,2,10,142,70,2.29,3.19,0,0,GB
895,109,2,11,116,85,2.19,2.29,0,0,GB
896,109,2,12,134,82,2.19,2.49,0,0,GB
897,109,2,13,123,88,2.49,2.99,0,0,GB
898,109,2,14,148,78,2.79,3.19,1,0,GB
899,109,2,15,168,93,2.19,3.19,0,1,GB
900,109,2,16,138,101,2.99,2.99,0,0,GB
901,109,2,17,133,84,2.29,2.49,0,0,GB
902,109,2,18,128,116,2.99,2.49,1,0,GB
903,109,2,19,109,133,2.49,2.29,0,0,GB
904,109,2,20,125,81,2.79,3.19,0,0,GB
905,109,2,21,92,125,2.79,2.29,0,0,GB
906,109,2,22,130,111,2.29,2.29,0,0,GB
907,109,2,23,130,131,2.29,2.29,0,1,GB
908,109,2,24,167,80,2.49,3.19,0,0,GB
909,109,2,25,138,92,2.99,3.19,0,0,GB
910,109,2,26,103,109,2.49,2.29,0,0,GB
911,109,2,27,115,208,2.99,2.49,0,1,GB
912,109,2,28,115,108,2.29,2.29,0,0,GB
913,109,2,29,101,133,2.99,2.49,0,0,GB
914,109,2,30,136,95,2.49,2.49,1,0,GB
915,109,2,31,119,87,2.19,2.49,0,0,GB
916,109,2,32,120,89,2.19,2.29,0,0,GB
917,109,2,33,173,64,2.19,3.19,0,0,GB
918,109,2,34,122,99,2.79,2.59,0,0,GB
919,109,2,35,131,77,2.19,2.59,0,0,GB
920,109,2,36,144,125,2.29,2.49,0,1,GB
921,109,2,37,116,103,2.79,2.99,0,0,GB
922,109,2,38,127,123,2.79,2.59,0,0,GB
923,109,2,39,93,140,2.99,2.29,0,0,GB
924,109,2,40,143,88,2.19,2.49,0,0,GB
925,109,2,41,170,59,2.19,3.19,0,0,GB
926,109,2,42,186,74,2.29,3.19,0,0,GB
927,109,2,43,178,85,2.49,3.19,0,0,GB
928,109,2,44,122,128,2.79,3.19,0,1,GB
929,109,2,45,147,91,2.49,2.59,0,0,GB
930,109,2,46,92,99,2.49,2.29,0,0,GB
931,109,2,47,128,97,2.29,2.29,0,0,GB
932,109,2,48,150,78,2.49,3.19,0,0,GB
933,109,2,49,137,133,2.79,2.59,1,0,GB
934,109,2,50,151,69,2.49,2.99,0,0,GB
935,109,2,51,124,88,2.79,2.99,0,0,GB
936,109,2,52,133,62,2.19,2.49,0,0,GB
937,110,1,1,120,115,2.99,2.49,0,0,GB
938,110,1,2,122,97,2.29,2.29,0,0,GB
939,110,1,3,125,104,2.79,2.59,0,0,GB
940,110,1,4,102,96,2.99,2.59,0,0,GB
941,110,1,5,117,92,2.79,2.99,0,0,GB
942,110,1,6,121,143,2.19,2.29,0,1,GB
943,110,1,7,134,62,2.49,3.19,0,0,GB
944,110,1,8,126,97,2.79,3.19,0,0,GB
945,110,1,9,216,79,2.29,2.99,1,0,GB
946,110,1,10,116,79,2.19,2.29,0,0,GB
947,110,1,11,160,98,2.29,2.59,0,0,GB
948,110,1,12,99,110,2.99,2.59,0,0,GB
949,110,1,13,129,75,2.19,2.49,0,0,GB
950,110,1,14,143,99,2.79,2.99,0,0,GB
951,110,1,15,132,73,2.79,3.19,0,0,GB
952,110,1,16,151,78,2.29,3.19,0,0,GB
953,110,1,17,162,77,2.29,2.99,0,0,GB
954,110,1,18,143,88,2.19,2.59,0,0,GB
955,110,1,19,162,77,2.29,3.19,0,0,GB
956,110,1,20,117,102,2.99,2.99,0,0,GB
957,110,1,21,157,79,2.29,2.99,0,0,GB
958,110,1,22,135,87,2.29,2.59,0,0,GB
959,110,1,23,120,105,2.79,2.99,0,0,GB
960,110,1,24,94,115,2.79,2.29,0,0,GB
961,110,1,25,141,95,2.49,3.19,0,0,GB
962,110,1,26,135,86,2.19,2.29,0,0,GB
963,110,1,27,132,96,2.19,2.29,0,0,GB
964,110,1,28,132,90,2.99,3.19,0,0,GB
965,110,1,29,139,84,2.49,2.59,0,0,GB
966,110,1,30,95,122,2.79,2.49,0,0,GB
967,110,1,31,140,93,2.79,2.99,0,0,GB
968,110,1,32,103,117,2.99,2.29,0,0,GB
969,110,1,33,104,133,2.99,2.49,0,0,GB
970,110,1,34,110,117,2.99,2.49,0,0,GB
971,110,1,35,150,67,2.19,2.49,0,0,GB
972,110,1,36,155,121,2.49,3.19,0,1,GB
973,110,1,37,164,67,2.19,2.99,0,0,GB
974,110,1,38,133,88,2.79,3.19,0,0,GB
975,110,1,39,97,96,2.99,2.59,0,0,GB
976,110,1,40,137,96,2.79,3.19,0,0,GB
977,110,1,41,159,67,2.29,2.99,0,0,GB
978,110,1,42,117,140,2.49,2.49,0,1,GB
979,110,1,43,180,85,2.49,3.19,0,0,GB
980,110,1,44,120,97,2.79,2.59,0,0,GB
981,110,1,45,123,135,2.79,2.99,0,1,GB
982,110,1,46,147,66,2.29,3.19,0,0,GB
983,110,1,47,110,113,2.79,2.29,1,0,GB
984,110,1,48,106,83,2.19,2.29,0,0,GB
985,110,1,49,148,73,2.29,2.49,0,0,GB
986,110,1,50,116,97,2.49,2.59,0,0,GB
987,110,1,51,167,88,2.19,2.29,1,0,GB
988,110,1,52,137,81,2.29,2.59,0,0,GB
989,110,2,1,202,73,2.19,3.19,0,0,GB
990,110,2,2,137,102,2.19,2.49,0,0,GB
991,110,2,3,96,98,2.79,2.49,0,0,GB
992,110,2,4,192,63,2.19,3.19,0,0,GB
993,110,2,5,91,178,2.99,2.49,0,1,GB
994,110,2,6,99,111,2.99,2.59,0,0,GB
995,110,2,7,100,111,2.49,2.29,0,0,GB
996,110,2,8,127,115,2.79,2.99,0,1,GB
997,110,2,9,122,111,2.49,2.49,0,0,GB
998,110,2,10,130,84,2.99,3.19,0,0,GB
999,110,2,11,104,151,2.49,2.29,0,1,GB
1000,110,2,12,152,68,2.29,2.99,0,0,GB
1001,110,2,13,127,77,2.29,2.59,0,0,GB
1002,110,2,14,116,98,2.79,2.49,0,0,GB
1003,110,2,15,157,88,2.79,3.19,0,0,GB
1004,110,2,16,115,128,2.79,2.59,0,0,GB
1005,110,2,17,132,91,2.29,2.29,0,0,GB
1006,110,2,18,149,69,2.19,3.19,0,0,GB
1007,110,2,19,150,90,2.29,2.59,0,0,GB
1008,110,2,20,114,78,2.49,2.29,0,0,GB
1009,110,2,21,117,121,2.79,2.49,0,0,GB
1010,110,2,22,101,135,2.99,2.49,0,0,GB
1011,110,2,23,146,101,2.49,3.19,0,1,GB
1012,110,2,24,123,123,2.49,2.59,0,1,GB
1013,110,2,25,181,67,2.19,2.99,0,0,GB
1014,110,2,26,136,102,2.79,2.99,0,0,GB
1015,110,2,27,114,92,2.99,2.59,1,0,GB
1016,110,2,28,133,91,2.99,2.99,0,0,GB
1017,110,2,29,122,80,2.19,2.59,0,0,GB
1018,110,2,30,122,88,2.29,2.29,0,0,GB
1019,110,2,31,144,71,2.29,2.99,0,0,GB
1020,110,2,32,147,101,2.99,3.19,0,0,GB
1021,110,2,33,150,92,2.19,2.59,0,0,GB
1022,110,2,34,137,119,2.29,2.49,0,1,GB
1023,110,2,35,155,70,2.29,2.99,0,0,GB
1024,110,2,36,98,126,2.99,2.59,0,0,GB
1025,110,2,37,132,155,2.79,2.49,1,1,GB
1026,110,2,38,138,99,2.19,2.49,0,1,GB
1027,110,2,39,106,94,2.99,2.99,0,0,GB
1028,110,2,40,179,94,2.79,3.19,1,0,GB
1029,110,2,41,117,100,2.49,2.29,0,0,GB
1030,110,2,42,162,88,2.49,2.99,0,0,GB
1031,110,2,43,106,109,2.49,2.49,0,0,GB
1032,110,2,44,211,70,2.19,3.19,0,1,GB
1033,110,2,45,96,111,2.79,2.49,0,0,GB
1034,110,2,46,117,73,2.19,2.49,0,0,GB
1035,110,2,47,125,100,2.49,2.59,0,0,GB
1036,110,2,48,134,109,2.99,2.29,1,0,GB
1037,110,2,49,107,121,2.99,2.99,0,0,GB
1038,110,2,50,105,89,2.49,2.59,0,0,GB
1039,110,2,51,147,119,2.29,2.59,0,1,GB
1040,110,2,52,118,89,2.49,2.59,0,0,GB
1041,111,1,1,141,91,2.19,2.49,0,0,GB
1042,111,1,2,129,95,2.49,2.59,0,0,GB
1043,111,1,3,138,78,2.19,2.59,0,0,GB
1044,111,1,4,123,84,2.79,3.19,0,0,GB
1045,111,1,5,123,128,2.49,2.49,0,1,GB
1046,111,1,6,170,106,2.19,2.29,1,0,GB
1047,111,1,7,126,109,2.99,2.49,1,0,GB
1048,111,1,8,194,59,2.29,3.19,0,0,GB
1049,111,1,9,119,112,2.99,2.99,0,0,GB
1050,111,1,10,128,89,2.19,2.59,0,0,GB
1051,111,1,11,148,87,2.29,2.49,0,0,GB
1052,111,1,12,128,80,2.29,2.59,0,0,GB
1053,111,1,13,105,150,2.19,2.29,0,1,GB
1054,111,1,14,161,67,2.29,3.19,0,0,GB
1055,111,1,15,110,86,2.49,2.59,0,0,GB
1056,111,1,16,134,74,2.29,2.49,0,0,GB
1057,111,1,17,179,72,2.19,3.19,0,0,GB
1058,111,1,18,101,135,2.99,2.49,0,0,GB
1059,111,1,19,85,130,2.79,2.29,0,0,GB
1060,111,1,20,144,86,2.49,2.99,0,0,GB
1061,111,1,21,115,156,2.79,2.59,0,1,GB
1062,111,1,22,144,93,2.49,2.99,0,0,GB
1063,111,1,23,121,106,2.29,2.49,0,0,GB
1064,111,1,24,87,130,2.99,2.29,0,0,GB
1065,111,1,25,94,116,2.99,2.49,0,0,GB
1066,111,1,26,97,183,2.79,2.29,0,1,GB
1067,111,1,27,131,81,2.79,3.19,0,0,GB
1068,111,1,28,169,79,2.49,2.99,0,0,GB
1069,111,1,29,107,187,2.79,2.29,0,1,GB
1070,111,1,30,114,99,2.49,2.29,0,0,GB
1071,111,1,31,150,75,2.29,2.59,0,0,GB
1072,111,1,32,85,134,2.99,2.29,0,0,GB
1073,111,1,33,125,101,2.99,2.99,0,0,GB
1074,111,1,34,121,100,2.79,2.59,0,0,GB
1075,111,1,35,142,125,2.29,2.59,0,1,GB
1076,111,1,36,124,113,2.99,3.19,0,0,GB
1077,111,1,37,110,98,2.99,2.49,0,0,GB
1078,111,1,38,156,84,2.49,3.19,0,0,GB
1079,111,1,39,119,92,2.79,2.99,0,0,GB
1080,111,1,40,122,102,2.99,2.99,0,0,GB
1081,111,1,41,152,98,2.49,3.19,0,0,GB
1082,111,1,42,174,62,2.19,3.19,0,0,GB
1083,111,1,43,161,71,2.29,2.59,1,0,GB
1084,111,1,44,174,107,2.79,3.19,1,0,GB
1085,111,1,45,127,126,2.49,2.29,0,0,GB
1086,111,1,46,157,88,2.19,2.59,0,0,GB
1087,111,1,47,125,79,2.29,2.29,0,0,GB
1088,111,1,48,115,104,2.79,2.99,0,0,GB
1089,111,1,49,157,75,2.49,3.19,0,0,GB
1090,111,1,50,99,156,2.99,2.49,0,1,GB
1091,111,1,51,121,109,2.79,2.59,0,0,GB
1092,111,1,52,124,122,2.49,2.29,0,0,GB
1093,111,2,1,149,94,2.19,2.59,0,0,GB
1094,111,2,2,141,81,2.19,2.49,0,0,GB
1095,111,2,3,107,128,2.79,2.49,0,0,GB
1096,111,2,4,133,108,2.29,2.59,0,0,GB
1097,111,2,5,136,96,2.29,2.99,0,1,GB
1098,111,2,6,155,83,2.19,2.49,0,0,GB
1099,111,2,7,144,79,2.19,2.49,0,0,GB
1100,111,2,8,122,101,2.29,2.29,0,0,GB
1101,111,2,9,109,106,2.79,2.49,0,0,GB
1102,111,2,10,103,114,2.49,2.29,0,0,GB
1103,111,2,11,95,108,2.99,2.49,0,0,GB
1104,111,2,12,100,91,2.79,2.49,0,0,GB
1105,111,2,13,101,118,2.99,2.59,0,0,GB
1106,111,2,14,106,120,2.99,2.59,0,0,GB
1107,111,2,15,173,80,2.19,2.99,0,0,GB
1108,111,2,16,129,112,2.29,2.29,0,0,GB
1109,111,2,17,144,86,2.99,3.19,1,0,GB
1110,111,2,18,82,103,2.99,2.29,0,0,GB
1111,111,2,19,107,106,2.79,2.59,0,0,GB
1112,111,2,20,113,142,2.79,2.29,0,0,GB
1113,111,2,21,154,83,2.19,2.49,0,0,GB
1114,111,2,22,162,73,2.19,3.19,0,0,GB
1115,111,2,23,170,77,2.29,2.99,0,0,GB
1116,111,2,24,118,152,2.19,2.29,0,1,GB
1117,111,2,25,105,113,2.79,2.59,0,0,GB
1118,111,2,26,144,146,2.79,2.59,1,1,GB
1119,111,2,27,159,131,2.19,2.99,0,1,GB
1120,111,2,28,159,85,2.19,2.59,0,0,GB
1121,111,2,29,105,115,2.99,2.99,0,0,GB
1122,111,2,30,174,65,2.19,2.99,0,0,GB
1123,111,2,31,159,83,2.29,2.59,0,0,GB
1124,111,2,32,103,102,2.79,2.49,0,0,GB
1125,111,2,33,120,121,2.49,2.29,0,0,GB
1126,111,2,34,98,203,2.99,2.29,0,1,GB
1127,111,2,35,115,96,2.79,3.19,0,0,GB
1128,111,2,36,157,77,2.19,2.99,0,0,GB
1129,111,2,37,150,82,2.29,2.99,0,0,GB
1130,111,2,38,201,117,2.79,3.19,1,1,GB
1131,111,2,39,153,67,2.49,3.19,0,0,GB
1132,111,2,40,91,142,2.79,2.29,0,0,GB
1133,111,2,41,106,116,2.99,2.59,0,0,GB
1134,111,2,42,130,94,2.29,2.29,0,0,GB
1135,111,2,43,93,126,2.99,2.29,0,0,GB
1136,111,2,44,150,90,2.19,2.59,0,0,GB
1137,111,2,45,125,116,2.79,2.49,0,0,GB
1138,111,2,46,109,89,2.99,2.99,0,0,GB
1139,111,2,47,115,101,2.19,2.29,0,0,GB
1140,111,2,48,161,79,2.19,2.59,0,0,GB
1141,111,2,49,177,60,2.19,3.19,0,0,GB
1142,111,2,50,130,99,2.19,2.29,0,0,GB
1143,111,2,51,99,136,2.79,2.49,0,1,GB
1144,111,2,52,121,67,2.29,2.99,0,0,GB
1145,112,1,1,145,86,2.29,2.59,0,0,BR
1146,112,1,2,143,84,2.29,2.49,0,0,BR
1147,112,1,3,117,177,2.79,2.49,0,1,BR
1148,112,1,4,106,85,2.49,2.49,0,0,BR
1149,112,1,5,231,64,2.29,2.99,1,0,BR
1150,112,1,6,150,143,2.19,2.49,0,1,BR
1151,112,1,7,133,84,2.49,2.99,0,0,BR
1152,112,1,8,151,96,2.19,2.49,0,0,BR
1153,112,1,9,137,86,2.29,2.49,0,0,BR
1154,112,1,10,118,108,2.99,3.19,0,0,BR
1155,112,1,11,243,76,2.19,2.99,1,0,BR
1156,112,1,12,104,176,2.79,2.29,0,1,BR
1157,112,1,13,122,142,2.29,2.29,0,1,BR
1158,112,1,14,136,101,2.49,2.49,0,0,BR
1159,112,1,15,131,94,2.19,2.29,0,0,BR
1160,112,1,16,136,93,2.99,2.99,1,0,BR
1161,112,1,17,133,112,2.99,2.99,0,0,BR
1162,112,1,18,112,108,2.29,2.29,0,0,BR
1163,112,1,19,126,97,2.49,2.49,0,0,BR
1164,112,1,20,128,100,2.79,2.99,0,0,BR
1165,112,1,21,136,84,2.49,3.19,0,0,BR
1166,112,1,22,153,76,2.29,2.99,0,0,BR
1167,112,1,23,152,80,2.29,2.99,0,0,BR
1168,112,1,24,119,85,2.19,2.49,0,0,BR
1169,112,1,25,127,158,2.49,2.29,0,1,BR
1170,112,1,26,147,81,2.49,3.19,0,0,BR
1171,112,1,27,99,100,2.49,2.29,0,0,BR
1172,112,1,28,165,66,2.19,3.19,0,0,BR
1173,112,1,29,96,109,2.79,2.59,0,0,BR
1174,112,1,30,116,84,2.49,2.99,0,0,BR
1175,112,1,31,94,134,2.99,2.49,0,0,BR
1176,112,1,32,132,102,2.49,2.49,0,0,BR
1177,112,1,33,147,98,2.29,2.59,0,0,BR
1178,112,1,34,92,144,2.79,2.49,0,1,BR
1179,112,1,35,116,84,2.49,2.59,0,0,BR
1180,112,1,36,108,190,2.99,2.29,0,1,BR
1181,112,1,37,147,66,2.29,3.19,0,0,BR
1182,112,1,38,160,61,2.19,2.99,0,0,BR
1183,112,1,39,155,80,2.29,2.59,1,0,BR
1184,112,1,40,83,122,2.99,2.29,0,0,BR
1185,112,1,41,208,73,2.49,3.19,1,0,BR
1186,112,1,42,145,124,2.49,2.29,1,0,BR
1187,112,1,43,158,74,2.29,3.19,0,0,BR
1188,112,1,44,100,89,2.49,2.29,0,0,BR
1189,112,1,45,139,93,2.79,2.99,0,0,BR
1190,112,1,46,138,72,2.29,2.49,0,0,BR
1191,112,1,47,105,128,2.79,2.29,0,0,BR
1192,112,1,48,121,92,2.49,2.59,0,0,BR
1193,112,1,49,155,120,2.99,2.49,1,0,BR
1194,112,1,50,111,106,2.29,2.29,0,0,BR
1195,112,1,51,123,96,2.49,2.59,0,0,BR
1196,112,1,52,145,70,2.19,3.19,0,0,BR
1197,112,2,1,131,84,2.19,2.49,0,0,BR
1198,112,2,2,127,85,2.99,2.99,0,0,BR
1199,112,2,3,123,106,2.19,2.29,0,0,BR
1200,112,2,4,104,113,2.49,2.29,0,0,BR
1201,112,2,5,145,99,2.29,2.59,0,0,BR
1202,112,2,6,135,95,2.79,3.19,0,0,BR
1203,112,2,7,152,91,2.19,3.19,0,1,BR
1204,112,2,8,153,122,2.79,3.19,0,1,BR
1205,112,2,9,132,90,2.79,2.99,0,0,BR
1206,112,2,10,125,96,2.19,2.29,0,0,BR
1207,112,2,11,93,137,2.79,2.29,0,0,BR
1208,112,2,12,133,90,2.79,2.99,0,0,BR
1209,112,2,13,192,97,2.19,3.19,0,1,BR
1210,112,2,14,109,132,2.79,2.29,0,0,BR
1211,112,2,15,138,169,2.79,2.29,1,1,BR
1212,112,2,16,93,133,2.99,2.29,0,0,BR
1213,112,2,17,131,101,2.79,3.19,0,0,BR
1214,112,2,18,148,69,2.19,2.99,0,0,BR
1215,112,2,19,133,91,2.79,3.19,0,0,BR
1216,112,2,20,117,116,2.99,2.59,0,0,BR
1217,112,2,21,108,116,2.29,2.29,0,1,BR
1218,112,2,22,106,158,2.79,2.59,0,1,BR
1219,112,2,23,137,81,2.49,3.19,0,0,BR
1220,112,2,24,102,110,2.99,2.49,0,0,BR
1221,112,2,25,127,82,2.29,2.49,0,0,BR
1222,112,2,26,151,93,2.29,2.59,0,0,BR
1223,112,2,27,118,116,2.49,2.29,0,0,BR
1224,112,2,28,109,83,2.49,2.59,0,0,BR
1225,112,2,29,103,113,2.79,2.49,0,0,BR
1226,112,2,30,120,96,2.99,2.59,0,0,BR
1227,112,2,31,132,151,2.29,2.49,0,1,BR
1228,112,2,32,89,120,2.99,2.59,0,0,BR
1229,112,2,33,138,96,2.29,2.49,0,0,BR
1230,112,2,34,86,141,2.79,2.29,0,0,BR
1231,112,2,35,150,91,2.99,3.19,1,0,BR
1232,112,2,36,120,107,2.79,3.19,0,0,BR
1233,112,2,37,136,97,2.79,3.19,0,0,BR
1234,112,2,38,111,114,2.79,2.59,0,0,BR
1235,112,2,39,102,103,2.79,2.49,0,0,BR
1236,112,2,40,118,146,2.79,2.49,0,1,BR
1237,112,2,41,118,150,2.49,2.59,0,1,BR
1238,112,2,42,174,65,2.29,2.99,0,0,BR
1239,112,2,43,126,103,2.19,2.29,0,0,BR
1240,112,2,44,128,118,2.49,2.49,0,0,BR
1241,112,2,45,132,117,2.49,2.49,0,0,BR
1242,112,2,46,131,92,2.79,3.19,0,0,BR
1243,112,2,47,106,132,2.99,2.59,0,0,BR
1244,112,2,48,116,124,2.99,2.49,1,0,BR
1245,112,2,49,134,116,2.29,2.29,0,0,BR
1246,112,2,50,130,96,2.19,2.49,0,0,BR
1247,112,2,51,126,85,2.79,3.19,0,0,BR
1248,112,2,52,116,91,2.99,2.99,0,0,BR
1249,113,1,1,106,90,2.29,2.29,0,0,BR
1250,113,1,2,135,142,2.99,2.99,0,1,BR
1251,113,1,3,156,65,2.29,3.19,0,0,BR
1252,113,1,4,198,60,2.19,3.19,0,0,BR
1253,113,1,5,180,74,2.29,3.19,0,0,BR
1254,113,1,6,125,91,2.79,2.99,0,0,BR
1255,113,1,7,150,71,2.29,2.99,0,0,BR
1256,113,1,8,168,80,2.29,2.49,1,0,BR
1257,113,1,9,176,72,2.19,2.99,0,0,BR
1258,113,1,10,104,169,2.99,2.49,0,1,BR
1259,113,1,11,107,105,2.29,2.49,0,0,BR
1260,113,1,12,166,154,2.79,2.99,1,1,BR
1261,113,1,13,129,110,2.49,2.29,0,0,BR
1262,113,1,14,116,84,2.19,2.59,0,0,BR
1263,113,1,15,141,96,2.79,3.19,0,0,BR
1264,113,1,16,191,74,2.29,3.19,0,0,BR
1265,113,1,17,112,103,2.79,2.49,0,0,BR
1266,113,1,18,129,95,2.49,2.59,0,0,BR
1267,113,1,19,158,90,2.29,2.59,0,0,BR
1268,113,1,20,122,95,2.79,2.59,0,0,BR
1269,113,1,21,135,87,2.79,2.99,0,0,BR
1270,113,1,22,178,74,2.49,3.19,0,0,BR
1271,113,1,23,152,70,2.19,3.19,0,0,BR
1272,113,1,24,136,121,2.99,2.49,1,0,BR
1273,113,1,25,154,87,2.29,3.19,0,1,BR
1274,113,1,26,121,117,2.29,2.29,0,0,BR
1275,113,1,27,201,67,2.19,3.19,0,0,BR
1276,113,1,28,109,128,2.99,2.59,0,0,BR
1277,113,1,29,124,91,2.29,2.49,0,0,BR
1278,113,1,30,118,102,2.19,2.29,0,0,BR
1279,113,1,31,154,66,2.29,2.99,0,0,BR
1280,113,1,32,163,94,2.29,2.29,1,0,BR
1281,113,1,33,136,102,2.99,3.19,0,0,BR
1282,113,1,34,104,137,2.99,2.29,0,0,BR
1283,113,1,35,170,76,2.19,2.99,0,0,BR
1284,113,1,36,127,93,2.29,2.29,0,0,BR
1285,113,1,37,204,79,2.79,3.19,1,0,BR
1286,113,1,38,149,143,2.49,2.59,1,1,BR
1287,113,1,39,136,105,2.19,2.29,1,0,BR
1288,113,1,40,123,88,2.49,2.59,0,0,BR
1289,113,1,41,96,84,2.99,2.99,0,0,BR
1290,113,1,42,96,157,2.79,2.49,0,1,BR
1291,113,1,43,160,83,2.29,2.49,1,0,BR
1292,113,1,44,110,133,2.79,2.29,0,0,BR
1293,113,1,45,175,75,2.29,3.19,0,0,BR
1294,113,1,46,125,85,2.79,2.99,0,0,BR
1295,113,1,47,147,95,2.19,2.29,0,0,BR
1296,113,1,48,119,100,2.49,2.59,0,0,BR
1297,113,1,49,120,87,2.79,2.99,0,0,BR
1298,113,1,50,160,121,2.49,3.19,0,1,BR
1299,113,1,51,203,84,2.49,3.19,1,0,BR
1300,113,1,52,187,74,2.29,3.19,0,0,BR
1301,113,2,1,80,134,2.99,2.29,0,0,BR
1302,113,2,2,126,88,2.19,2.29,0,0,BR
1303,113,2,3,138,69,2.49,3.19,0,0,BR
1304,113,2,4,176,132,2.49,2.59,1,1,BR
1305,113,2,5,140,89,2.19,2.49,0,0,BR
1306,113,2,6,127,91,2.19,2.59,0,0,BR
1307,113,2,7,91,151,2.99,2.29,0,1,BR
1308,113,2,8,170,147,2.49,2.49,1,1,BR
1309,113,2,9,146,92,2.49,2.99,0,0,BR
1310,113,2,10,124,125,2.99,3.19,0,1,BR
1311,113,2,11,129,84,2.29,2.59,0,0,BR
1312,113,2,12,103,108,2.79,2.29,0,0,BR
1313,113,2,13,107,152,2.79,2.49,0,1,BR
1314,113,2,14,131,95,2.49,2.59,0,0,BR
1315,113,2,15,127,90,2.79,2.99,0,0,BR
1316,113,2,16,125,119,2.49,2.49,0,0,BR
1317,113,2,17,107,119,2.99,2.59,0,0,BR
1318,113,2,18,121,109,2.79,2.59,0,0,BR
1319,113,2,19,126,106,2.49,2.49,0,0,BR
1320,113,2,20,124,92,2.99,3.19,0,0,BR
1321,113,2,21,168,94,2.29,2.59,0,0,BR
1322,113,2,22,204,64,2.19,3.19,0,0,BR
1323,113,2,23,116,155,2.49,2.49,0,1,BR
1324,113,2,24,127,87,2.29,2.49,0,0,BR
1325,113,2,25,192,60,2.19,3.19,0,0,BR
1326,113,2,26,140,92,2.29,2.49,0,0,BR
1327,113,2,27,120,113,2.19,2.59,0,1,BR
1328,113,2,28,145,106,2.29,2.49,0,1,BR
1329,113,2,29,140,90,2.19,2.49,0,0,BR
1330,113,2,30,148,115,2.49,2.29,1,0,BR
1331,113,2,31,153,83,2.49,3.19,0,0,BR
1332,113,2,32,213,64,2.19,3.19,0,0,BR
1333,113,2,33,134,85,2.19,2.29,0,0,BR
1334,113,2,34,117,138,2.49,2.49,0,1,BR
1335,113,2,35,119,134,2.49,2.59,0,1,BR
1336,113,2,36,121,104,2.99,3.19,0,0,BR
1337,113,2,37,125,122,2.79,2.49,1,0,BR
1338,113,2,38,100,102,2.79,2.29,0,0,BR
1339,113,2,39,105,130,2.79,2.29,0,0,BR
1340,113,2,40,118,122,2.99,2.29,1,0,BR
1341,113,2,41,121,147,2.49,2.59,0,1,BR
1342,113,2,42,120,106,2.79,3.19,0,1,BR
1343,113,2,43,85,150,2.99,2.29,0,0,BR
1344,113,2,44,122,80,2.49,2.99,0,0,BR
1345,113,2,45,148,90,2.49,3.19,0,0,BR
1346,113,2,46,135,115,2.29,2.29,0,0,BR
1347,113,2,47,80,116,2.99,2.29,0,0,BR
1348,113,2,48,170,70,2.19,3.19,0,0,BR
1349,113,2,49,137,89,2.29,2.59,0,0,BR
1350,113,2,50,174,89,2.49,2.59,1,0,BR
1351,113,2,51,134,78,2.29,2.49,0,0,BR
1352,113,2,52,118,83,2.19,2.29,0,0,BR
1353,114,1,1,105,100,2.29,2.29,0,0,JP
1354,114,1,2,150,98,2.49,2.59,0,0,JP
1355,114,1,3,114,103,2.49,2.29,0,0,JP
1356,114,1,4,119,92,2.99,3.19,0,0,JP
1357,114,1,5,117,102,2.99,2.99,0,0,JP
1358,114,1,6,108,145,2.99,2.59,0,0,JP
1359,114,1,7,123,89,2.49,2.49,0,0,JP
1360,114,1,8,179,85,2.19,3.19,0,1,JP
1361,114,1,9,129,98,2.29,2.49,0,0,JP
1362,114,1,10,121,86,2.99,3.19,0,0,JP
1363,114,1,11,122,92,2.49,2.59,0,0,JP
1364,114,1,12,117,136,2.79,2.49,0,1,JP
1365,114,1,13,100,136,2.79,2.29,0,0,JP
1366,114,1,14,112,125,2.49,2.29,0,0,JP
1367,114,1,15,130,69,2.19,3.19,0,0,JP
1368,114,1,16,138,120,2.49,3.19,0,1,JP
1369,114,1,17,125,85,2.79,2.99,0,0,JP
1370,114,1,18,112,119,2.79,2.49,0,0,JP
1371,114,1,19,112,117,2.79,2.29,0,0,JP
1372,114,1,20,141,97,2.79,2.99,0,0,JP
1373,114,1,21,110,97,2.99,2.59,0,0,JP
1374,114,1,22,151,67,2.29,3.19,0,0,JP
1375,114,1,23,130,133,2.99,2.99,0,1,JP
1376,114,1,24,171,89,2.19,3.19,0,1,JP
1377,114,1,25,135,94,2.79,3.19,0,0,JP
1378,114,1,26,150,86,2.19,2.29,0,0,JP
1379,114,1,27,98,142,2.99,2.29,0,0,JP
1380,114,1,28,181,61,2.29,2.99,0,0,JP
1381,114,1,29,117,157,2.49,2.29,0,1,JP
1382,114,1,30,155,77,2.29,3.19,0,0,JP
1383,114,1,31,134,100,2.49,2.99,0,1,JP
1384,114,1,32,131,91,2.29,2.49,0,0,JP
1385,114,1,33,182,75,2.19,3.19,0,0,JP
1386,114,1,34,119,83,2.29,2.29,0,0,JP
1387,114,1,35,95,131,2.79,2.29,0,0,JP
1388,114,1,36,133,104,2.29,2.59,0,0,JP
1389,114,1,37,127,110,2.79,3.19,0,1,JP
1390,114,1,38,113,96,2.29,2.29,0,0,JP
1391,114,1,39,162,99,2.49,2.49,1,0,JP
1392,114,1,40,94,97,2.99,2.49,0,0,JP
1393,114,1,41,138,90,2.49,3.19,0,0,JP
1394,114,1,42,112,115,2.79,2.49,0,0,JP
1395,114,1,43,129,74,2.29,2.59,0,0,JP
1396,114,1,44,114,125,2.29,2.49,0,1,JP
1397,114,1,45,123,102,2.19,2.29,0,0,JP
1398,114,1,46,165,91,2.19,2.49,0,0,JP
1399,114,1,47,180,89,2.49,3.19,0,0,JP
1400,114,1,48,128,92,2.49,2.59,0,0,JP
1401,114,1,49,125,87,2.49,2.59,0,0,JP
1402,114,1,50,96,106,2.79,2.59,0,0,JP
1403,114,1,51,130,85,2.29,2.59,0,0,JP
1404,114,1,52,143,120,2.19,2.49,0,1,JP
1405,114,2,1,159,65,2.29,3.19,0,0,JP
1406,114,2,2,125,101,2.49,2.59,0,0,JP
1407,114,2,3,128,108,2.99,2.59,1,0,JP
1408,114,2,4,83,139,2.79,2.29,0,0,JP
1409,114,2,5,128,82,2.79,2.99,0,0,JP
1410,114,2,6,169,75,2.29,3.19,0,0,JP
1411,114,2,7,124,105,2.49,2.49,0,0,JP
1412,114,2,8,168,60,2.19,3.19,0,0,JP
1413,114,2,9,133,95,2.79,2.99,0,0,JP
1414,114,2,10,131,107,2.49,2.59,0,0,JP
1415,114,2,11,145,101,2.19,2.49,0,0,JP
1416,114,2,12,122,103,2.29,2.49,0,0,JP
1417,114,2,13,141,112,2.49,3.19,0,1,JP
1418,114,2,14,122,147,2.99,2.99,0,1,JP
1419,114,2,15,105,115,2.49,2.59,0,0,JP
1420,114,2,16,192,87,2.19,3.19,0,1,JP
1421,114,2,17,108,99,2.79,2.59,0,0,JP
1422,114,2,18,111,85,2.29,2.59,0,0,JP
1423,114,2,19,169,92,2.99,3.19,1,0,JP
1424,114,2,20,136,85,2.29,2.59,0,0,JP
1425,114,2,21,96,108,2.99,2.49,0,0,JP
1426,114,2,22,134,80,2.29,2.49,0,0,JP
1427,114,2,23,159,110,2.19,2.59,0,1,JP
1428,114,2,24,177,97,2.49,2.99,1,0,JP
1429,114,2,25,206,71,2.19,2.99,0,0,JP
1430,114,2,26,99,152,2.79,2.29,0,0,JP
1431,114,2,27,96,107,2.79,2.59,0,0,JP
1432,114,2,28,135,128,2.79,2.99,0,1,JP
1433,114,2,29,84,115,2.99,2.29,0,0,JP
1434,114,2,30,114,157,2.49,2.29,0,1,JP
1435,114,2,31,182,70,2.29,2.59,1,0,JP
1436,114,2,32,120,121,2.99,2.99,0,1,JP
1437,114,2,33,133,71,2.49,3.19,0,0,JP
1438,114,2,34,77,125,2.99,2.29,0,0,JP
1439,114,2,35,105,106,2.49,2.29,0,0,JP
1440,114,2,36,157,75,2.29,2.59,0,0,JP
1441,114,2,37,87,96,2.49,2.29,0,0,JP
1442,114,2,38,122,105,2.99,2.99,0,0,JP
1443,114,2,39,162,81,2.29,2.99,0,0,JP
1444,114,2,40,152,73,2.19,2.59,0,0,JP
1445,114,2,41,130,96,2.99,2.99,0,0,JP
1446,114,2,42,148,80,2.29,2.99,0,0,JP
1447,114,2,43,132,76,2.19,2.29,0,0,JP
1448,114,2,44,150,74,2.19,2.49,0,0,JP
1449,114,2,45,124,113,2.49,2.49,0,0,JP
1450,114,2,46,154,104,2.79,2.59,1,0,JP
1451,114,2,47,202,86,2.19,2.49,1,0,JP
1452,114,2,48,83,225,2.99,2.29,0,1,JP
1453,114,2,49,141,84,2.29,3.19,0,0,JP
1454,114,2,50,100,127,2.99,2.59,0,0,JP
1455,114,2,51,138,88,2.79,2.99,0,0,JP
1456,114,2,52,205,98,2.79,3.19,1,0,JP
1457,115,1,1,128,104,2.19,2.29,0,0,JP
1458,115,1,2,154,109,2.49,2.29,1,0,JP
1459,115,1,3,152,104,2.49,2.29,1,0,JP
1460,115,1,4,126,81,2.19,2.49,0,0,JP
1461,115,1,5,179,89,2.29,2.59,1,0,JP
1462,115,1,6,197,88,2.29,3.19,0,1,JP
1463,115,1,7,139,70,2.49,3.19,0,0,JP
1464,115,1,8,118,105,2.49,2.49,0,0,JP
1465,115,1,9,96,111,2.79,2.59,0,0,JP
1466,115,1,10,140,80,2.29,2.59,0,0,JP
1467,115,1,11,156,83,2.49,2.99,0,0,JP
1468,115,1,12,93,118,2.99,2.29,0,0,JP
1469,115,1,13,94,121,2.99,2.49,0,0,JP
1470,115,1,14,124,100,2.19,2.29,0,0,JP
1471,115,1,15,145,67,2.29,2.99,0,0,JP
1472,115,1,16,102,133,2.79,2.29,0,0,JP
1473,115,1,17,145,76,2.79,3.19,0,0,JP
1474,115,1,18,118,111,2.99,3.19,0,0,JP
1475,115,1,19,117,94,2.79,2.59,0,0,JP
1476,115,1,20,170,92,2.29,2.99,0,1,JP
1477,115,1,21,126,83,2.79,3.19,0,0,JP
1478,115,1,22,183,71,2.19,3.19,0,0,JP
1479,115,1,23,125,108,2.79,2.59,1,0,JP
1480,115,1,24,91,125,2.99,2.29,0,0,JP
1481,115,1,25,98,123,2.99,2.49,0,0,JP
1482,115,1,26,152,64,2.19,3.19,0,0,JP
1483,115,1,27,117,82,2.49,2.99,0,0,JP
1484,115,1,28,111,124,2.99,2.59,0,0,JP
1485,115,1,29,144,84,2.29,2.59,1,0,JP
1486,115,1,30,98,91,2.49,2.29,0,0,JP
1487,115,1,31,177,66,2.29,3.19,0,0,JP
1488,115,1,32,142,69,2.29,2.99,0,0,JP
1489,115,1,33,171,60,2.19,2.99,0,0,JP
1490,115,1,34,122,91,2.79,3.19,0,0,JP
1491,115,1,35,114,101,2.49,2.59,0,0,JP
1492,115,1,36,123,89,2.49,2.99,0,0,JP
1493,115,1,37,91,92,2.79,2.59,0,0,JP
1494,115,1,38,160,127,2.79,2.59,1,0,JP
1495,115,1,39,148,94,2.79,3.19,0,0,JP
1496,115,1,40,127,109,2.49,2.29,0,0,JP
1497,115,1,41,133,92,2.19,2.29,0,0,JP
1498,115,1,42,163,137,2.29,2.29,1,1,JP
1499,115,1,43,111,101,2.79,3.19,0,0,JP
1500,115,1,44,98,123,2.29,2.29,0,0,JP
1501,115,1,45,125,100,2.29,2.29,0,0,JP
1502,115,1,46,146,69,2.49,3.19,0,0,JP
1503,115,1,47,117,107,2.19,2.29,0,0,JP
1504,115,1,48,130,99,2.79,2.99,0,0,JP
1505,115,1,49,146,85,2.19,2.49,0,0,JP
1506,115,1,50,132,95,2.49,2.49,0,0,JP
1507,115,1,51,115,121,2.99,2.49,0,0,JP
1508,115,1,52,92,123,2.99,2.59,0,0,JP
1509,115,2,1,125,104,2.49,2.49,0,0,JP
1510,115,2,2,148,90,2.29,2.59,0,0,JP
1511,115,2,3,103,109,2.79,2.49,0,0,JP
1512,115,2,4,147,92,2.29,2.49,0,0,JP
1513,115,2,5,165,62,2.19,3.19,0,0,JP
1514,115,2,6,167,109,2.29,2.49,1,1,JP
1515,115,2,7,111,97,2.99,2.99,0,0,JP
1516,115,2,8,90,194,2.99,2.29,0,1,JP
1517,115,2,9,124,92,2.99,3.19,0,0,JP
1518,115,2,10,157,82,2.49,3.19,0,0,JP
1519,115,2,11,119,112,2.19,2.29,0,0,JP
1520,115,2,12,126,90,2.29,2.29,0,0,JP
1521,115,2,13,96,100,2.99,2.59,0,0,JP
1522,115,2,14,223,107,2.19,2.99,1,1,JP
1523,115,2,15,170,91,2.79,3.19,0,0,JP
1524,115,2,16,122,102,2.79,2.59,0,0,JP
1525,115,2,17,167,72,2.49,3.19,0,0,JP
1526,115,2,18,123,113,2.29,2.29,0,0,JP
1527,115,2,19,95,142,2.79,2.29,0,0,JP
1528,115,2,20,116,90,2.79,2.59,0,0,JP
1529,115,2,21,106,113,2.99,2.59,0,0,JP
1530,115,2,22,106,88,2.49,2.29,0,0,JP
1531,115,2,23,105,105,2.79,2.49,0,0,JP
1532,115,2,24,127,104,2.49,2.49,0,0,JP
1533,115,2,25,131,147,2.19,2.29,0,1,JP
1534,115,2,26,219,69,2.19,2.99,1,0,JP
1535,115,2,27,92,102,2.79,2.49,0,0,JP
1536,115,2,28,131,85,2.99,2.99,0,0,JP
1537,115,2,29,148,91,2.29,3.19,0,1,JP
1538,115,2,30,131,141,2.79,2.59,1,1,JP
1539,115,2,31,99,101,2.79,2.29,0,0,JP
1540,115,2,32,116,184,2.79,2.59,0,1,JP
1541,115,2,33,112,90,2.19,2.29,0,0,JP
1542,115,2,34,152,69,2.29,2.99,0,0,JP
1543,115,2,35,127,171,2.49,2.29,0,1,JP
1544,115,2,36,149,76,2.49,2.59,1,0,JP
1545,115,2,37,117,104,2.79,2.59,0,0,JP
1546,115,2,38,114,95,2.29,2.29,0,0,JP
1547,115,2,39,110,115,2.79,2.59,0,0,JP
1548,115,2,40,107,97,2.29,2.29,0,0,JP
1549,115,2,41,118,105,2.49,2.29,0,0,JP
1550,115,2,42,145,93,2.79,2.99,0,0,JP
1551,115,2,43,105,118,2.49,2.49,0,1,JP
1552,115,2,44,120,89,2.79,3.19,0,0,JP
1553,115,2,45,138,72,2.49,2.99,0,0,JP
1554,115,2,46,142,87,2.29,2.59,0,0,JP
1555,115,2,47,127,82,2.29,2.49,0,0,JP
1556,115,2,48,110,89,2.19,2.29,0,0,JP
1557,115,2,49,126,91,2.49,2.49,0,0,JP
1558,115,2,50,125,106,2.29,2.29,0,0,JP
1559,115,2,51,93,131,2.79,2.59,0,1,JP
1560,115,2,52,108,88,2.79,2.99,0,0,JP
1561,116,1,1,138,103,2.79,2.99,0,0,JP
1562,116,1,2,182,99,2.19,2.29,1,0,JP
1563,116,1,3,127,103,2.29,2.59,0,0,JP
1564,116,1,4,124,93,2.19,2.49,0,0,JP
1565,116,1,5,186,63,2.19,3.19,0,0,JP
1566,116,1,6,121,135,2.29,2.59,0,1,JP
1567,116,1,7,111,107,2.99,2.59,0,0,JP
1568,116,1,8,180,98,2.19,3.19,0,1,JP
1569,116,1,9,139,74,2.19,2.99,0,0,JP
1570,116,1,10,153,91,2.29,2.29,0,0,JP
1571,116,1,11,98,98,2.79,2.59,0,0,JP
1572,116,1,12,126,82,2.49,2.49,0,0,JP
1573,116,1,13,94,179,2.99,2.49,0,1,JP
1574,116,1,14,156,77,2.79,3.19,0,0,JP
1575,116,1,15,129,92,2.29,2.49,0,0,JP
1576,116,1,16,202,93,2.79,3.19,1,0,JP
1577,116,1,17,124,84,2.19,2.49,0,0,JP
1578,116,1,18,82,129,2.99,2.29,0,0,JP
1579,116,1,19,116,145,2.29,2.29,0,1,JP
1580,116,1,20,105,101,2.79,2.49,0,0,JP
1581,116,1,21,111,128,2.49,2.29,0,0,JP
1582,116,1,22,160,71,2.49,3.19,0,0,JP
1583,116,1,23,79,190,2.99,2.29,0,1,JP
1584,116,1,24,148,71,2.49,3.19,0,0,JP
1585,116,1,25,121,124,2.49,2.29,0,0,JP
1586,116,1,26,126,94,2.49,2.59,0,0,JP
1587,116,1,27,178,81,2.19,2.99,0,0,JP
1588,116,1,28,136,79,2.79,3.19,0,0,JP
1589,116,1,29,128,103,2.99,2.99,0,0,JP
1590,116,1,30,124,97,2.49,2.59,0,0,JP
1591,116,1,31,201,65,2.29,2.99,1,0,JP
1592,116,1,32,112,110,2.79,2.49,0,0,JP
1593,116,1,33,146,73,2.29,2.99,0,0,JP
1594,116,1,34,167,80,2.19,2.99,0,0,JP
1595,116,1,35,178,68,2.29,2.99,0,0,JP
1596,116,1,36,150,74,2.49,3.19,0,0,JP
1597,116,1,37,122,100,2.29,2.49,0,0,JP
1598,116,1,38,158,77,2.29,3.19,0,0,JP
1599,116,1,39,115,140,2.29,2.29,0,1,JP
1600,116,1,40,100,96,2.99,2.99,0,0,JP
1601,116,1,41,166,130,2.19,2.59,0,1,JP
1602,116,1,42,149,106,2.29,2.59,0,1,JP
1603,116,1,43,106,117,2.99,2.59,0,0,JP
1604,116,1,44,100,125,2.19,2.29,0,1,JP
1605,116,1,45,182,78,2.29,3.19,0,0,JP
1606,116,1,46,154,84,2.49,2.99,0,0,JP
1607,116,1,47,132,70,2.19,2.99,0,0,JP
1608,116,1,48,144,92,2.29,2.59,0,0,JP
1609,116,1,49,125,94,2.29,2.59,0,0,JP
1610,116,1,50,105,123,2.49,2.29,0,0,JP
1611,116,1,51,126,81,2.99,3.19,0,0,JP
1612,116,1,52,149,58,2.19,3.19,0,0,JP
1613,116,2,1,143,94,2.29,2.29,0,0,JP
1614,116,2,2,115,109,2.99,3.19,0,0,JP
1615,116,2,3,143,96,2.29,2.59,0,0,JP
1616,116,2,4,223,76,2.19,3.19,1,0,JP
1617,116,2,5,90,149,2.99,2.29,0,0,JP
1618,116,2,6,129,73,2.49,2.99,0,0,JP
1619,116,2,7,111,111,2.49,2.29,0,0,JP
1620,116,2,8,111,109,2.49,2.29,0,0,JP
1621,116,2,9,147,85,2.49,2.99,0,0,JP
1622,116,2,10,102,122,2.79,2.59,0,0,JP
1623,116,2,11,134,132,2.29,2.49,0,1,JP
1624,116,2,12,137,101,2.79,2.99,0,0,JP
1625,116,2,13,150,80,2.19,2.99,0,0,JP
1626,116,2,14,142,74,2.19,2.59,0,0,JP
1627,116,2,15,119,85,2.29,2.59,0,0,JP
1628,116,2,16,125,89,2.49,2.49,0,0,JP
1629,116,2,17,200,70,2.49,3.19,1,0,JP
1630,116,2,18,153,102,2.99,2.49,1,0,JP
1631,116,2,19,139,93,2.19,2.59,0,0,JP
1632,116,2,20,98,110,2.49,2.29,0,0,JP
1633,116,2,21,151,108,2.49,2.99,0,1,JP
1634,116,2,22,199,82,2.79,3.19,1,0,JP
1635,116,2,23,122,83,2.19,2.29,0,0,JP
1636,116,2,24,93,134,2.79,2.29,0,0,JP
1637,116,2,25,81,113,2.99,2.29,0,0,JP
1638,116,2,26,109,115,2.79,2.49,0,0,JP
1639,116,2,27,115,79,2.49,2.49,0,0,JP
1640,116,2,28,86,146,2.99,2.29,0,0,JP
1641,116,2,29,144,95,2.29,2.49,0,0,JP
1642,116,2,30,121,87,2.19,2.29,0,0,JP
1643,116,2,31,135,62,2.29,3.19,0,0,JP
1644,116,2,32,167,71,2.29,2.99,0,0,JP
1645,116,2,33,159,82,2.29,2.59,0,0,JP
1646,116,2,34,151,90,2.79,3.19,0,0,JP
1647,116,2,35,193,87,2.29,2.49,1,0,JP
1648,116,2,36,247,84,2.19,2.99,1,0,JP
1649,116,2,37,114,133,2.49,2.49,0,1,JP
1650,116,2,38,113,85,2.99,2.99,0,0,JP
1651,116,2,39,142,92,2.49,3.19,0,0,JP
1652,116,2,40,118,91,2.99,2.99,0,0,JP
1653,116,2,41,103,112,2.79,2.49,0,0,JP
1654,116,2,42,121,88,2.79,2.99,0,0,JP
1655,116,2,43,174,75,2.19,2.99,0,0,JP
1656,116,2,44,106,95,2.29,2.29,0,0,JP
1657,116,2,45,171,66,2.19,3.19,0,0,JP
1658,116,2,46,201,74,2.19,2.99,1,0,JP
1659,116,2,47,102,88,2.79,2.59,0,0,JP
1660,116,2,48,111,98,2.79,2.59,0,0,JP
1661,116,2,49,94,153,2.99,2.29,0,0,JP
1662,116,2,50,143,110,2.49,3.19,0,1,JP
1663,116,2,51,119,113,2.49,2.29,0,0,JP
1664,116,2,52,111,114,2.49,2.29,0,0,JP
1665,117,1,1,110,121,2.99,2.49,0,0,JP
1666,117,1,2,117,128,2.79,2.49,0,0,JP
1667,117,1,3,192,80,2.19,2.59,1,0,JP
1668,117,1,4,187,72,2.29,3.19,0,0,JP
1669,117,1,5,100,151,2.99,2.49,0,1,JP
1670,117,1,6,168,102,2.49,2.59,1,0,JP
1671,117,1,7,89,146,2.99,2.29,0,0,JP
1672,117,1,8,85,118,2.79,2.29,0,0,JP
1673,117,1,9,118,97,2.49,2.29,0,0,JP
1674,117,1,10,140,99,2.19,2.29,0,0,JP
1675,117,1,11,121,85,2.29,2.29,0,0,JP
1676,117,1,12,147,113,2.19,2.29,0,0,JP
1677,117,1,13,125,80,2.29,2.29,0,0,JP
1678,117,1,14,124,76,2.49,3.19,0,0,JP
1679,117,1,15,184,102,2.79,2.99,1,1,JP
1680,117,1,16,124,84,2.29,2.49,0,0,JP
1681,117,1,17,130,92,2.49,2.59,0,0,JP
1682,117,1,18,124,129,2.29,2.49,0,1,JP
1683,117,1,19,119,109,2.49,2.59,0,0,JP
1684,117,1,20,100,92,2.29,2.49,0,0,JP
1685,117,1,21,132,89,2.29,2.49,0,0,JP
1686,117,1,22,188,71,2.29,2.59,1,0,JP
1687,117,1,23,135,82,2.79,3.19,0,0,JP
1688,117,1,24,112,103,2.49,2.49,0,0,JP
1689,117,1,25,185,103,2.79,2.99,1,0,JP
1690,117,1,26,163,85,2.19,2.99,0,0,JP
1691,117,1,27,116,104,2.49,2.59,0,0,JP
1692,117,1,28,158,52,2.29,3.19,0,0,JP
1693,117,1,29,135,95,2.19,2.29,0,0,JP
1694,117,1,30,148,150,2.99,3.19,0,1,JP
1695,117,1,31,154,84,2.49,2.99,0,0,JP
1696,117,1,32,201,92,2.19,3.19,0,1,JP
1697,117,1,33,146,84,2.19,2.49,0,0,JP
1698,117,1,34,96,96,2.79,2.49,0,0,JP
1699,117,1,35,146,73,2.79,3.19,0,0,JP
1700,117,1,36,120,88,2.29,2.49,0,0,JP
1701,117,1,37,127,89,2.29,2.49,0,0,JP
1702,117,1,38,122,79,2.19,2.29,0,0,JP
1703,117,1,39,128,91,2.19,2.49,0,0,JP
1704,117,1,40,134,79,2.49,2.59,0,0,JP
1705,117,1,41,114,92,2.99,2.59,0,0,JP
1706,117,1,42,103,145,2.99,2.49,0,0,JP
1707,117,1,43,170,66,2.49,3.19,0,0,JP
1708,117,1,44,97,127,2.79,2.29,0,0,JP
1709,117,1,45,134,110,2.79,3.19,0,1,JP
1710,117,1,46,112,97,2.79,2.49,0,0,JP
1711,117,1,47,157,80,2.19,2.99,0,0,JP
1712,117,1,48,146,95,2.79,3.19,0,0,JP
1713,117,1,49,101,119,2.79,2.49,0,0,JP
1714,117,1,50,136,103,2.79,2.99,0,0,JP
1715,117,1,51,162,79,2.49,2.99,0,0,JP
1716,117,1,52,170,86,2.19,2.99,0,0,JP
1717,117,2,1,162,91,2.49,3.19,0,0,JP
1718,117,2,2,129,95,2.99,3.19,0,0,JP
1719,117,2,3,170,107,2.29,3.19,0,1,JP
1720,117,2,4,107,92,2.99,2.99,0,0,JP
1721,117,2,5,102,129,2.99,2.49,0,0,JP
1722,117,2,6,125,105,2.29,2.29,0,0,JP
1723,117,2,7,120,93,2.19,2.29,0,0,JP
1724,117,2,8,112,164,2.49,2.29,0,1,JP
1725,117,2,9,214,75,2.29,2.99,1,0,JP
1726,117,2,10,123,116,2.19,2.29,0,1,JP
1727,117,2,11,136,81,2.19,2.49,0,0,JP
1728,117,2,12,136,96,2.49,2.59,0,0,JP
1729,117,2,13,140,85,2.49,2.99,0,0,JP
1730,117,2,14,86,111,2.99,2.59,0,0,JP
1731,117,2,15,101,122,2.79,2.29,0,0,JP
1732,117,2,16,132,94,2.79,2.99,0,0,JP
1733,117,2,17,112,108,2.79,2.59,0,0,JP
1734,117,2,18,98,143,2.79,2.29,0,0,JP
1735,117,2,19,109,104,2.99,2.99,0,0,JP
1736,117,2,20,122,113,2.19,2.59,0,1,JP
1737,117,2,21,94,144,2.79,2.49,0,1,JP
1738,117,2,22,88,111,2.99,2.49,0,0,JP
1739,117,2,23,180,62,2.19,2.99,0,0,JP
1740,117,2,24,119,93,2.49,2.59,0,0,JP
1741,117,2,25,162,69,2.29,3.19,0,0,JP
1742,117,2,26,188,68,2.19,3.19,1,0,JP
1743,117,2,27,142,73,2.29,2.99,0,0,JP
1744,117,2,28,119,127,2.79,2.49,0,0,JP
1745,117,2,29,90,103,2.79,2.49,0,0,JP
1746,117,2,30,149,79,2.29,2.59,0,0,JP
1747,117,2,31,136,137,2.99,3.19,0,1,JP
1748,117,2,32,153,85,2.29,2.59,1,0,JP
1749,117,2,33,113,116,2.99,2.59,0,0,JP
1750,117,2,34,167,67,2.19,2.99,0,0,JP
1751,117,2,35,120,106,2.49,2.29,0,0,JP
1752,117,2,36,125,86,2.29,2.49,0,0,JP
1753,117,2,37,118,75,2.49,2.49,0,0,JP
1754,117,2,38,83,115,2.79,2.29,0,0,JP
1755,117,2,39,94,130,2.79,2.29,0,0,JP
1756,117,2,40,236,70,2.19,2.99,1,0,JP
1757,117,2,41,140,80,2.19,2.59,0,0,JP
1758,117,2,42,108,149,2.99,2.59,0,1,JP
1759,117,2,43,93,123,2.99,2.49,0,0,JP
1760,117,2,44,171,84,2.49,2.99,0,0,JP
1761,117,2,45,189,76,2.29,2.59,1,0,JP
1762,117,2,46,143,91,2.99,2.99,0,0,JP
1763,117,2,47,162,85,2.29,3.19,0,0,JP
1764,117,2,48,108,109,2.49,2.49,0,0,JP
1765,117,2,49,158,91,2.29,2.59,0,0,JP
1766,117,2,50,138,91,2.19,2.29,0,0,JP
1767,117,2,51,193,75,2.19,3.19,0,0,JP
1768,117,2,52,177,86,2.19,2.49,1,0,JP
1769,118,1,1,125,430,2.19,2.59,0,0,AU
1770,118,1,2,136,425,2.79,2.99,0,0,AU
1771,118,1,3,148,345,2.49,2.99,0,0,AU
1772,118,1,4,151,455,2.19,2.29,1,0,AU
1773,118,1,5,127,570,2.29,2.59,0,1,AU
1774,118,1,6,122,445,2.49,2.59,0,0,AU
1775,118,1,7,119,640,2.29,2.29,0,1,AU
1776,118,1,8,138,355,2.49,2.99,0,0,AU
1777,118,1,9,102,540,2.79,2.59,0,0,AU
1778,118,1,10,150,535,2.29,2.29,0,0,AU
1779,118,1,11,88,655,2.79,2.29,0,0,AU
1780,118,1,12,130,615,2.79,2.59,1,1,AU
1781,118,1,13,203,385,2.49,3.19,1,0,AU
1782,118,1,14,173,320,2.29,3.19,0,0,AU
1783,118,1,15,132,520,2.49,2.59,0,0,AU
1784,118,1,16,142,400,2.49,3.19,0,0,AU
1785,118,1,17,174,330,2.19,3.19,0,0,AU
1786,118,1,18,116,470,2.29,2.49,0,0,AU
1787,118,1,19,132,745,2.79,2.99,0,1,AU
1788,118,1,20,136,470,2.79,2.99,0,0,AU
1789,118,1,21,83,830,2.99,2.29,0,1,AU
1790,118,1,22,141,555,2.99,2.99,0,0,AU
1791,118,1,23,88,860,2.99,2.29,0,1,AU
1792,118,1,24,85,745,2.99,2.29,0,0,AU
1793,118,1,25,201,330,2.19,3.19,0,0,AU
1794,118,1,26,190,300,2.19,3.19,0,0,AU
1795,118,1,27,134,425,2.29,2.59,0,0,AU
1796,118,1,28,134,545,2.19,2.59,0,1,AU
1797,118,1,29,167,400,2.49,2.99,1,0,AU
1798,118,1,30,111,685,2.99,2.49,0,1,AU
1799,118,1,31,143,500,2.79,2.49,1,0,AU
1800,118,1,32,123,480,2.49,2.49,0,0,AU
1801,118,1,33,221,520,2.19,2.99,1,1,AU
1802,118,1,34,133,375,2.49,2.99,0,0,AU
1803,118,1,35,152,485,2.49,2.99,1,0,AU
1804,118,1,36,138,460,2.29,2.59,0,0,AU
1805,118,1,37,141,510,2.79,2.99,0,0,AU
1806,118,1,38,139,770,2.79,2.99,0,1,AU
1807,118,1,39,126,500,2.19,2.29,0,0,AU
1808,118,1,40,105,470,2.79,2.49,0,0,AU
1809,118,1,41,117,535,2.29,2.49,0,0,AU
1810,118,1,42,97,525,2.79,2.49,0,0,AU
1811,118,1,43,232,295,2.19,2.99,1,0,AU
1812,118,1,44,115,445,2.29,2.49,0,0,AU
1813,118,1,45,156,360,2.49,3.19,0,0,AU
1814,118,1,46,113,560,2.29,2.29,0,0,AU
1815,118,1,47,140,455,2.19,2.49,0,0,AU
1816,118,1,48,118,545,2.49,2.59,0,0,AU
1817,118,1,49,110,400,2.49,2.29,0,0,AU
1818,118,1,50,139,440,2.29,2.49,0,0,AU
1819,118,1,51,156,505,2.49,2.99,1,0,AU
1820,118,1,52,142,430,2.49,2.99,0,0,AU
1821,118,2,1,152,345,2.49,3.19,0,0,AU
1822,118,2,2,146,495,2.19,2.59,0,0,AU
1823,118,2,3,156,375,2.19,2.99,0,0,AU
1824,118,2,4,104,475,2.79,2.49,0,0,AU
1825,118,2,5,136,475,2.99,3.19,0,0,AU
1826,118,2,6,202,395,2.19,2.49,1,0,AU
1827,118,2,7,150,470,2.19,2.59,0,0,AU
1828,118,2,8,133,430,2.49,2.99,0,0,AU
1829,118,2,9,104,565,2.49,2.29,0,0,AU
1830,118,2,10,106,595,2.99,2.59,0,0,AU
1831,118,2,11,107,445,2.49,2.59,0,0,AU
1832,118,2,12,73,525,2.99,2.49,0,0,AU
1833,118,2,13,115,465,2.99,2.99,0,0,AU
1834,118,2,14,135,865,2.79,2.59,1,1,AU
1835,118,2,15,87,570,2.99,2.49,0,0,AU
1836,118,2,16,167,350,2.29,2.99,0,0,AU
1837,118,2,17,149,420,2.79,3.19,0,0,AU
1838,118,2,18,154,440,2.19,2.49,0,0,AU
1839,118,2,19,183,300,2.19,2.99,0,0,AU
1840,118,2,20,124,450,2.29,2.59,0,0,AU
1841,118,2,21,159,400,2.79,3.19,0,0,AU
1842,118,2,22,108,445,2.49,2.99,0,0,AU
1843,118,2,23,144,350,2.49,3.19,0,0,AU
1844,118,2,24,124,445,2.79,2.99,0,0,AU
1845,118,2,25,159,510,2.99,3.19,0,0,AU
1846,118,2,26,108,490,2.79,2.59,0,0,AU
1847,118,2,27,150,480,2.19,2.59,0,0,AU
1848,118,2,28,142,335,2.29,3.19,0,0,AU
1849,118,2,29,163,370,2.29,2.99,0,0,AU
1850,118,2,30,222,400,2.29,3.19,1,0,AU
1851,118,2,31,136,445,2.99,2.99,0,0,AU
1852,118,2,32,142,390,2.49,2.99,0,0,AU
1853,118,2,33,190,350,2.19,2.99,0,0,AU
1854,118,2,34,140,440,2.99,3.19,0,0,AU
1855,118,2,35,112,525,2.29,2.29,0,0,AU
1856,118,2,36,170,315,2.49,3.19,0,0,AU
1857,118,2,37,125,385,2.29,2.49,0,0,AU
1858,118,2,38,161,435,2.29,2.29,1,0,AU
1859,118,2,39,198,365,2.49,2.99,1,0,AU
1860,118,2,40,151,400,2.19,2.29,1,0,AU
1861,118,2,41,132,535,2.49,2.59,0,0,AU
1862,118,2,42,160,310,2.19,2.99,0,0,AU
1863,118,2,43,126,615,2.49,2.29,0,0,AU
1864,118,2,44,117,550,2.79,2.29,0,0,AU
1865,118,2,45,100,530,2.79,2.59,0,0,AU
1866,118,2,46,116,520,2.29,2.29,0,0,AU
1867,118,2,47,153,460,2.49,2.59,1,0,AU
1868,118,2,48,144,680,2.79,2.99,0,1,AU
1869,118,2,49,174,385,2.49,3.19,0,0,AU
1870,118,2,50,125,525,2.99,2.99,0,0,AU
1871,118,2,51,193,535,2.29,2.49,1,0,AU
1872,118,2,52,183,410,2.29,2.49,1,0,AU
1873,119,1,1,120,131,2.99,2.59,0,0,CN
1874,119,1,2,136,76,2.19,2.49,0,0,CN
1875,119,1,3,109,120,2.79,2.59,0,0,CN
1876,119,1,4,127,86,2.29,2.49,0,0,CN
1877,119,1,5,103,154,2.99,2.99,0,1,CN
1878,119,1,6,135,83,2.79,2.99,0,0,CN
1879,119,1,7,114,115,2.49,2.49,0,0,CN
1880,119,1,8,156,57,2.19,2.99,0,0,CN
1881,119,1,9,110,121,2.49,2.29,0,0,CN
1882,119,1,10,151,99,2.49,2.59,1,0,CN
1883,119,1,11,95,121,2.99,2.29,0,0,CN
1884,119,1,12,96,129,2.99,2.29,0,0,CN
1885,119,1,13,133,100,2.29,2.59,0,0,CN
1886,119,1,14,93,121,2.99,2.59,0,0,CN
1887,119,1,15,167,80,2.29,2.99,0,0,CN
1888,119,1,16,149,86,2.19,2.59,0,0,CN
1889,119,1,17,110,97,2.99,2.99,0,0,CN
1890,119,1,18,120,105,2.19,2.29,0,0,CN
1891,119,1,19,113,102,2.49,2.29,0,0,CN
1892,119,1,20,123,108,2.29,2.29,0,0,CN
1893,119,1,21,125,109,2.29,2.29,0,0,CN
1894,119,1,22,174,67,2.19,3.19,0,0,CN
1895,119,1,23,114,90,2.99,3.19,0,0,CN
1896,119,1,24,169,66,2.49,3.19,0,0,CN
1897,119,1,25,195,63,2.29,2.99,1,0,CN
1898,119,1,26,110,105,2.49,2.49,0,0,CN
1899,119,1,27,196,72,2.29,3.19,0,0,CN
1900,119,1,28,163,74,2.29,3.19,0,0,CN
1901,119,1,29,201,112,2.29,2.99,1,1,CN
1902,119,1,30,176,87,2.29,3.19,0,0,CN
1903,119,1,31,154,79,2.29,2.99,0,0,CN
1904,119,1,32,97,116,2.99,2.29,0,0,CN
1905,119,1,33,108,90,2.29,2.29,0,0,CN
1906,119,1,34,127,93,2.29,2.49,0,0,CN
1907,119,1,35,119,131,2.49,2.49,0,1,CN
1908,119,1,36,131,132,2.99,3.19,0,1,CN
1909,119,1,37,171,84,2.49,3.19,0,0,CN
1910,119,1,38,105,99,2.99,2.49,0,0,CN
1911,119,1,39,103,86,2.99,2.59,0,0,CN
1912,119,1,40,130,84,2.79,3.19,0,0,CN
1913,119,1,41,96,97,2.49,2.29,0,0,CN
1914,119,1,42,116,81,2.19,2.29,0,0,CN
1915,119,1,43,198,81,2.49,3.19,1,0,CN
1916,119,1,44,133,92,2.49,2.49,1,0,CN
1917,119,1,45,94,137,2.99,2.29,0,0,CN
1918,119,1,46,112,104,2.19,2.29,0,0,CN
1919,119,1,47,136,134,2.29,2.29,0,1,CN
1920,119,1,48,77,134,2.99,2.29,0,0,CN
1921,119,1,49,147,162,2.79,2.49,1,1,CN
1922,119,1,50,143,117,2.29,2.59,0,1,CN
1923,119,1,51,115,173,2.99,2.49,0,1,CN
1924,119,1,52,204,86,2.29,2.99,1,0,CN
1925,119,2,1,149,64,2.29,3.19,0,0,CN
1926,119,2,2,136,97,2.29,2.49,0,0,CN
1927,119,2,3,115,89,2.79,2.59,0,0,CN
1928,119,2,4,144,77,2.49,2.99,0,0,CN
1929,119,2,5,99,161,2.99,2.59,0,1,CN
1930,119,2,6,135,83,2.29,2.59,0,0,CN
1931,119,2,7,99,135,2.99,2.49,0,0,CN
1932,119,2,8,139,95,2.79,3.19,0,0,CN
1933,119,2,9,88,129,2.99,2.49,0,0,CN
1934,119,2,10,111,96,2.79,2.49,0,0,CN
1935,119,2,11,131,90,2.99,3.19,0,0,CN
1936,119,2,12,234,80,2.29,3.19,1,0,CN
1937,119,2,13,144,111,2.29,2.29,0,0,CN
1938,119,2,14,117,112,2.79,2.29,0,0,CN
1939,119,2,15,117,124,2.79,2.49,0,0,CN
1940,119,2,16,149,74,2.29,3.19,0,0,CN
1941,119,2,17,118,104,2.99,2.99,0,0,CN
1942,119,2,18,185,95,2.49,2.99,1,0,CN
1943,119,2,19,161,93,2.29,2.99,0,1,CN
1944,119,2,20,150,90,2.19,2.29,0,0,CN
1945,119,2,21,127,113,2.29,2.29,0,0,CN
1946,119,2,22,155,67,2.49,3.19,0,0,CN
1947,119,2,23,162,80,2.19,2.99,0,0,CN
1948,119,2,24,118,169,2.99,2.59,0,1,CN
1949,119,2,25,172,86,2.79,2.99,1,0,CN
1950,119,2,26,109,129,2.49,2.29,0,0,CN
1951,119,2,27,120,109,2.49,2.49,0,0,CN
1952,119,2,28,227,73,2.19,2.99,1,0,CN
1953,119,2,29,96,105,2.79,2.29,0,0,CN
1954,119,2,30,113,86,2.79,2.99,0,0,CN
1955,119,2,31,128,111,2.99,2.49,1,0,CN
1956,119,2,32,162,73,2.19,2.99,0,0,CN
1957,119,2,33,162,127,2.19,2.29,1,1,CN
1958,119,2,34,118,88,2.79,3.19,0,0,CN
1959,119,2,35,119,128,2.79,2.59,0,0,CN
1960,119,2,36,127,117,2.79,2.59,0,0,CN
1961,119,2,37,122,93,2.99,2.99,0,0,CN
1962,119,2,38,146,86,2.49,2.99,0,0,CN
1963,119,2,39,104,111,2.79,2.49,0,0,CN
1964,119,2,40,113,71,2.29,2.59,0,0,CN
1965,119,2,41,112,109,2.19,2.29,0,0,CN
1966,119,2,42,167,80,2.19,2.49,0,0,CN
1967,119,2,43,173,91,2.19,2.99,0,0,CN
1968,119,2,44,110,126,2.99,2.59,0,0,CN
1969,119,2,45,138,108,2.79,2.99,1,0,CN
1970,119,2,46,118,92,2.49,2.49,0,0,CN
1971,119,2,47,122,88,2.29,2.59,0,0,CN
1972,119,2,48,117,78,2.79,3.19,0,0,CN
1973,119,2,49,163,83,2.29,2.99,0,0,CN
1974,119,2,50,144,111,2.99,3.19,0,0,CN
1975,119,2,51,116,80,2.19,2.29,0,0,CN
1976,119,2,52,108,114,2.49,2.29,0,0,CN
1977,120,1,1,97,113,2.79,2.29,0,0,CN
1978,120,1,2,196,77,2.19,2.99,1,0,CN
1979,120,1,3,103,109,2.49,2.29,0,0,CN
1980,120,1,4,122,168,2.79,2.49,0,1,CN
1981,120,1,5,169,69,2.19,2.99,0,0,CN
1982,120,1,6,105,110,2.99,2.59,0,0,CN
1983,120,1,7,96,130,2.79,2.29,0,0,CN
1984,120,1,8,180,52,2.19,3.19,0,0,CN
1985,120,1,9,93,105,2.99,2.49,0,0,CN
1986,120,1,10,163,129,2.19,2.59,0,1,CN
1987,120,1,11,132,87,2.79,3.19,0,0,CN
1988,120,1,12,104,113,2.99,2.59,0,0,CN
1989,120,1,13,131,89,2.29,2.29,0,0,CN
1990,120,1,14,133,100,2.29,2.59,0,0,CN
1991,120,1,15,151,92,2.79,3.19,0,0,CN
1992,120,1,16,91,137,2.99,2.49,0,1,CN
1993,120,1,17,150,86,2.49,3.19,0,0,CN
1994,120,1,18,105,118,2.79,2.49,0,0,CN
1995,120,1,19,99,124,2.99,2.59,0,0,CN
1996,120,1,20,138,84,2.49,2.99,0,0,CN
1997,120,1,21,91,132,2.99,2.29,0,0,CN
1998,120,1,22,116,125,2.79,2.59,0,0,CN
1999,120,1,23,125,92,2.19,2.29,0,0,CN
2000,120,1,24,110,110,2.29,2.29,0,0,CN
2001,120,1,25,176,65,2.19,2.99,0,0,CN
2002,120,1,26,109,113,2.79,2.59,0,0,CN
2003,120,1,27,127,143,2.79,2.29,1,0,CN
2004,120,1,28,191,83,2.79,2.99,1,0,CN
2005,120,1,29,127,108,2.79,2.59,0,0,CN
2006,120,1,30,126,101,2.79,2.49,0,0,CN
2007,120,1,31,143,91,2.19,2.59,0,0,CN
2008,120,1,32,105,109,2.29,2.29,0,0,CN
2009,120,1,33,102,119,2.99,2.59,0,0,CN
2010,120,1,34,111,111,2.99,2.49,0,0,CN
2011,120,1,35,124,126,2.99,2.29,1,0,CN
2012,120,1,36,135,96,2.99,2.99,1,0,CN
2013,120,1,37,91,169,2.79,2.59,0,1,CN
2014,120,1,38,132,86,2.29,2.59,0,0,CN
2015,120,1,39,171,69,2.19,2.99,0,0,CN
2016,120,1,40,133,79,2.29,2.49,0,0,CN
2017,120,1,41,168,103,2.19,3.19,0,1,CN
2018,120,1,42,105,96,2.99,3.19,0,0,CN
2019,120,1,43,221,103,2.19,2.99,1,1,CN
2020,120,1,44,157,109,2.49,2.99,0,1,CN
2021,120,1,45,166,59,2.19,2.99,0,0,CN
2022,120,1,46,124,115,2.99,2.59,0,0,CN
2023,120,1,47,108,105,2.79,2.59,0,0,CN
2024,120,1,48,97,89,2.49,2.29,0,0,CN
2025,120,1,49,173,67,2.29,3.19,0,0,CN
2026,120,1,50,133,81,2.79,3.19,0,0,CN
2027,120,1,51,137,139,2.79,2.99,0,1,CN
2028,120,1,52,106,110,2.99,2.59,0,0,CN
2029,120,2,1,145,80,2.29,2.49,0,0,CN
2030,120,2,2,103,95,2.49,2.49,0,0,CN
2031,120,2,3,101,127,2.99,2.59,0,0,CN
2032,120,2,4,176,73,2.19,2.99,1,0,CN
2033,120,2,5,144,90,2.29,2.49,0,0,CN
2034,120,2,6,122,88,2.49,2.49,0,0,CN
2035,120,2,7,180,72,2.19,3.19,0,0,CN
2036,120,2,8,125,103,2.79,2.99,0,0,CN
2037,120,2,9,107,112,2.79,2.49,0,0,CN
2038,120,2,10,90,112,2.79,2.29,0,0,CN
2039,120,2,11,128,88,2.99,2.99,0,0,CN
2040,120,2,12,112,120,2.99,2.49,0,0,CN
2041,120,2,13,114,109,2.29,2.49,0,0,CN
2042,120,2,14,132,95,2.79,2.99,0,0,CN
2043,120,2,15,167,93,2.19,2.59,0,0,CN
2044,120,2,16,133,80,2.49,3.19,0,0,CN
2045,120,2,17,164,86,2.19,2.49,1,0,CN
2046,120,2,18,158,80,2.49,3.19,0,0,CN
2047,120,2,19,123,97,2.49,2.59,0,0,CN
2048,120,2,20,123,91,2.99,3.19,0,0,CN
2049,120,2,21,161,74,2.19,2.49,0,0,CN
2050,120,2,22,179,85,2.29,2.59,1,0,CN
2051,120,2,23,97,117,2.79,2.29,0,0,CN
2052,120,2,24,107,109,2.79,2.49,0,0,CN
2053,120,2,25,110,97,2.79,2.59,0,0,CN
2054,120,2,26,105,91,2.29,2.29,0,0,CN
2055,120,2,27,196,97,2.19,2.49,1,0,CN
2056,120,2,28,116,101,2.29,2.29,0,0,CN
2057,120,2,29,99,108,2.79,2.59,0,0,CN
2058,120,2,30,113,103,2.49,2.59,0,0,CN
2059,120,2,31,111,106,2.79,2.99,0,0,CN
2060,120,2,32,136,71,2.99,3.19,0,0,CN
2061,120,2,33,126,87,2.29,2.49,0,0,CN
2062,120,2,34,105,106,2.99,2.49,0,0,CN
2063,120,2,35,169,92,2.49,2.49,1,0,CN
2064,120,2,36,117,68,2.29,2.59,0,0,CN
2065,120,2,37,108,106,2.79,2.49,0,0,CN
2066,120,2,38,111,113,2.49,2.49,0,0,CN
2067,120,2,39,136,106,2.49,2.49,0,0,CN
2068,120,2,40,112,112,2.99,2.59,0,0,CN
2069,120,2,41,129,98,2.99,3.19,0,0,CN
2070,120,2,42,155,62,2.19,3.19,0,0,CN
2071,120,2,43,119,106,2.79,2.59,0,0,CN
2072,120,2,44,122,91,2.79,3.19,0,0,CN
2073,120,2,45,124,98,2.49,2.49,0,0,CN
2074,120,2,46,144,85,2.19,2.49,0,0,CN
2075,120,2,47,140,104,2.49,2.59,0,0,CN
2076,120,2,48,150,88,2.49,2.99,0,0,CN
2077,120,2,49,121,97,2.49,2.59,0,0,CN
2078,120,2,50,91,124,2.99,2.29,0,0,CN
2079,120,2,51,83,115,2.99,2.29,0,0,CN
2080,120,2,52,136,99,2.49,2.49,0,0,CN