,ID,Gender,Marital Status,Work Status,Education,Annual Income (x1000 $),Age,Location,Purchasing Decision-maker,Purchasing Location,Monthly Electronics Spend,Monthly Household Spend,Purchasing Frequency (every x months),Technology Adoption,TV Viewing (hours/day),Favorite feature
0,1.0,1,0,1,3,49.0,30.0,8,0,1,35.0,150.0,13.0,1,2.0,2
1,2.0,1,1,0,3,46.0,36.0,0,1,1,35.0,163.0,26.0,1,10.0,2
2,3.0,1,0,1,0,58.0,66.0,20,0,3,64.0,103.0,13.0,0,0.0,4
3,4.0,1,0,0,2,51.0,78.0,31,0,1,33.0,154.0,22.0,1,5.0,2
4,5.0,0,1,0,3,46.0,52.0,25,1,1,45.0,161.0,47.0,1,2.0,2
5,6.0,0,0,0,0,31.0,72.0,29,1,2,14.0,21.0,32.0,0,1.0,4
6,7.0,1,0,1,3,33.0,62.0,4,1,0,18.0,40.0,41.0,0,0.0,0
7,8.0,1,0,0,3,29.0,30.0,28,1,2,23.0,75.0,9.0,0,1.0,3
8,9.0,1,0,1,3,57.0,60.0,20,0,3,74.0,358.0,1.0,0,0.0,3
9,10.0,0,0,1,3,30.0,59.0,11,0,0,16.0,78.0,25.0,0,0.0,3
10,11.0,0,1,1,2,29.0,25.0,8,1,0,38.0,66.0,2.0,0,6.0,1
11,12.0,0,0,0,3,49.0,57.0,8,0,1,46.0,225.0,20.0,1,5.0,2
12,13.0,1,0,1,0,64.0,80.0,29,0,3,53.0,257.0,10.0,0,1.0,0
13,14.0,0,0,0,3,27.0,36.0,27,1,0,16.0,48.0,8.0,0,2.0,3
14,15.0,1,1,1,3,27.0,61.0,4,0,2,14.0,60.0,39.0,0,1.0,0
15,16.0,0,0,1,3,33.0,54.0,12,0,2,14.0,24.0,16.0,0,0.0,0
16,17.0,1,0,1,0,31.0,58.0,11,1,0,16.0,44.0,14.0,0,1.0,0
17,18.0,0,0,1,3,28.0,30.0,18,0,0,14.0,66.0,8.0,0,2.0,0
18,19.0,0,1,1,2,29.0,25.0,1,1,2,24.0,101.0,11.0,0,5.0,1
19,20.0,0,0,1,3,28.0,58.0,40,0,2,17.0,83.0,16.0,0,0.0,4
20,21.0,0,0,0,1,50.0,75.0,5,0,1,47.0,172.0,17.0,1,8.0,2
21,22.0,1,1,1,3,31.0,47.0,28,1,0,16.0,20.0,15.0,0,1.0,0
22,23.0,0,0,0,3,49.0,52.0,10,0,1,38.0,168.0,37.0,1,5.0,2
23,24.0,1,0,0,3,48.0,35.0,46,0,1,51.0,242.0,43.0,1,8.0,2
24,25.0,1,1,1,0,26.0,25.0,11,1,2,31.0,117.0,16.0,0,6.0,1
25,26.0,1,1,0,3,28.0,74.0,1,0,0,18.0,73.0,29.0,0,2.0,3
26,27.0,1,1,0,3,35.0,75.0,25,0,2,14.0,56.0,32.0,0,2.0,0
27,28.0,1,0,1,3,28.0,33.0,11,0,0,17.0,45.0,44.0,0,1.0,3
28,29.0,0,0,1,3,46.0,31.0,4,0,1,42.0,154.0,43.0,1,2.0,2
29,30.0,0,0,0,3,25.0,35.0,7,0,2,15.0,27.0,8.0,0,1.0,4
30,31.0,0,1,1,0,56.0,46.0,49,1,3,67.0,259.0,1.0,0,1.0,0
31,32.0,0,0,0,3,32.0,67.0,38,1,2,19.0,24.0,17.0,0,0.0,0
32,33.0,1,1,1,0,33.0,69.0,37,0,2,18.0,40.0,5.0,0,1.0,0
33,34.0,0,0,1,3,30.0,44.0,41,0,2,12.0,16.0,47.0,0,1.0,0
34,35.0,1,0,1,3,42.0,60.0,10,0,1,43.0,64.0,22.0,1,4.0,2
35,36.0,0,1,1,2,46.0,64.0,24,1,1,41.0,177.0,34.0,1,11.0,2
36,37.0,1,0,0,3,24.0,61.0,7,1,2,13.0,50.0,38.0,0,1.0,0
37,38.0,0,0,1,3,28.0,24.0,8,1,2,17.0,40.0,31.0,0,0.0,4
38,39.0,1,1,1,2,29.0,20.0,10,1,4,30.0,145.0,45.0,0,5.0,1
39,40.0,1,0,0,3,35.0,66.0,10,0,2,20.0,25.0,34.0,0,1.0,3
40,41.0,0,1,1,1,30.0,20.0,31,1,4,32.0,90.0,43.0,0,2.0,1
41,42.0,0,0,1,0,54.0,43.0,44,0,3,44.0,114.0,12.0,0,0.0,3
42,43.0,0,0,0,3,24.0,46.0,11,1,2,19.0,78.0,34.0,0,1.0,4
43,44.0,0,1,0,3,32.0,69.0,29,1,0,13.0,55.0,26.0,0,0.0,3
44,45.0,0,0,1,3,26.0,38.0,31,1,2,12.0,22.0,21.0,0,0.0,3
45,46.0,1,1,0,3,33.0,40.0,18,0,0,20.0,61.0,25.0,0,1.0,4
46,47.0,0,0,1,0,59.0,63.0,44,0,3,26.0,74.0,15.0,0,2.0,0
47,48.0,1,0,1,0,48.0,22.0,31,0,3,51.0,185.0,1.0,0,1.0,0
48,49.0,0,1,1,0,28.0,29.0,36,1,4,35.0,136.0,9.0,0,2.0,1
49,50.0,1,0,0,3,28.0,61.0,20,1,2,19.0,77.0,4.0,0,0.0,0
50,51.0,1,0,0,3,26.0,36.0,44,0,2,14.0,31.0,11.0,0,1.0,3
51,52.0,1,0,0,3,28.0,58.0,6,0,0,19.0,72.0,15.0,0,1.0,3
52,53.0,1,0,0,3,31.0,70.0,29,1,2,16.0,59.0,36.0,0,1.0,0
53,54.0,1,1,1,3,33.0,20.0,32,1,0,32.0,56.0,5.0,0,4.0,1
54,55.0,0,0,0,0,31.0,45.0,4,1,0,19.0,30.0,39.0,0,2.0,3
55,56.0,0,1,0,1,36.0,56.0,38,1,2,15.0,46.0,22.0,0,1.0,3
56,57.0,1,1,0,3,29.0,29.0,12,1,0,19.0,93.0,2.0,0,1.0,0
57,58.0,0,0,0,0,27.0,33.0,27,0,2,20.0,49.0,40.0,0,1.0,4
58,59.0,1,0,1,0,49.0,43.0,10,0,1,45.0,153.0,46.0,1,4.0,2
59,60.0,1,0,1,1,45.0,22.0,19,0,3,60.0,119.0,9.0,0,2.0,4
60,61.0,0,1,1,3,29.0,51.0,11,0,0,13.0,53.0,16.0,0,2.0,0
61,62.0,1,0,0,2,46.0,52.0,12,0,1,44.0,93.0,33.0,1,2.0,2
62,63.0,1,0,1,2,53.0,50.0,38,0,1,35.0,108.0,15.0,1,4.0,2
63,64.0,0,0,0,3,26.0,25.0,12,0,2,13.0,50.0,44.0,0,2.0,0
64,65.0,1,1,1,0,27.0,25.0,26,1,4,27.0,124.0,16.0,0,1.0,1
65,66.0,1,1,1,1,34.0,23.0,9,1,4,34.0,165.0,3.0,0,0.0,1
66,67.0,0,1,1,3,28.0,28.0,3,1,4,36.0,117.0,40.0,0,2.0,1
67,68.0,1,0,1,2,32.0,74.0,37,1,0,12.0,20.0,35.0,0,1.0,4
68,69.0,0,0,1,3,28.0,48.0,19,0,0,10.0,17.0,20.0,0,1.0,3
69,70.0,1,0,1,3,28.0,61.0,32,0,2,21.0,45.0,37.0,0,1.0,3
70,71.0,1,0,0,0,29.0,63.0,10,1,0,18.0,79.0,21.0,0,2.0,3
71,72.0,0,0,0,3,31.0,30.0,6,0,2,19.0,40.0,15.0,0,2.0,0
72,73.0,0,0,1,3,53.0,65.0,41,0,3,78.0,334.0,14.0,0,2.0,4
73,74.0,1,0,1,3,30.0,64.0,31,0,0,22.0,46.0,8.0,0,0.0,4
74,75.0,0,0,0,3,55.0,73.0,7,0,1,44.0,208.0,40.0,1,7.0,2
75,76.0,0,0,1,1,45.0,40.0,8,0,1,46.0,114.0,29.0,1,6.0,2
76,77.0,1,1,1,0,55.0,68.0,5,1,3,50.0,94.0,4.0,0,2.0,4
77,78.0,1,1,0,3,25.0,41.0,18,0,2,18.0,38.0,14.0,0,0.0,0
78,79.0,1,0,1,0,64.0,80.0,29,0,3,60.0,211.0,7.0,0,1.0,0
79,80.0,0,1,1,0,32.0,19.0,27,1,2,34.0,101.0,1.0,0,3.0,1
80,81.0,1,1,1,3,31.0,64.0,44,0,2,13.0,33.0,44.0,0,1.0,0
81,82.0,1,0,0,3,28.0,80.0,18,1,0,21.0,92.0,28.0,0,1.0,4
82,83.0,1,0,1,3,33.0,40.0,12,1,2,17.0,58.0,41.0,0,2.0,3
83,84.0,0,0,1,0,49.0,33.0,5,0,3,60.0,195.0,7.0,0,1.0,0
84,85.0,0,0,0,3,30.0,31.0,11,1,2,16.0,75.0,11.0,0,1.0,4
85,86.0,0,0,1,1,31.0,35.0,2,1,0,16.0,36.0,7.0,0,2.0,0
86,87.0,1,0,1,1,51.0,29.0,9,0,1,47.0,191.0,36.0,1,13.0,2
87,88.0,1,0,0,3,28.0,32.0,12,1,2,16.0,65.0,18.0,0,1.0,3
88,89.0,0,1,1,3,30.0,41.0,20,1,0,21.0,55.0,22.0,0,1.0,0
89,90.0,0,1,0,3,27.0,66.0,37,0,2,18.0,60.0,30.0,0,1.0,3
90,91.0,0,0,0,0,49.0,55.0,28,0,1,37.0,52.0,43.0,1,13.0,2
91,92.0,1,1,0,3,26.0,50.0,20,1,0,19.0,25.0,8.0,0,1.0,4
92,93.0,1,1,1,3,32.0,56.0,46,0,2,17.0,54.0,21.0,0,1.0,0
93,94.0,0,1,1,2,35.0,26.0,5,1,2,34.0,141.0,38.0,0,3.0,1
94,95.0,1,0,1,2,54.0,43.0,46,0,3,75.0,356.0,7.0,0,1.0,4
95,96.0,1,0,0,0,47.0,54.0,37,0,1,45.0,73.0,33.0,1,6.0,2
96,97.0,0,1,0,1,49.0,57.0,49,1,1,47.0,156.0,28.0,1,12.0,2
97,98.0,1,1,1,3,29.0,26.0,14,1,0,30.0,88.0,47.0,0,1.0,1
98,99.0,1,0,1,3,30.0,58.0,2,0,2,20.0,23.0,8.0,0,1.0,3
99,100.0,1,0,0,0,55.0,57.0,10,0,1,39.0,95.0,18.0,1,0.0,2
100,101.0,1,1,1,0,56.0,62.0,4,1,3,53.0,92.0,3.0,0,1.0,4
101,102.0,0,1,1,1,46.0,79.0,24,1,1,41.0,173.0,43.0,1,13.0,2
102,103.0,1,0,1,3,55.0,47.0,18,0,3,65.0,151.0,6.0,0,2.0,3
103,104.0,0,0,1,3,27.0,58.0,12,0,0,22.0,70.0,30.0,0,1.0,3
104,105.0,1,0,0,3,30.0,57.0,27,0,0,20.0,35.0,48.0,0,1.0,3
105,106.0,1,1,0,3,28.0,52.0,19,1,0,18.0,63.0,30.0,0,0.0,0
106,107.0,0,0,1,0,30.0,28.0,29,1,2,12.0,26.0,34.0,0,1.0,0
107,108.0,1,0,0,3,32.0,55.0,41,0,0,13.0,48.0,18.0,0,0.0,4
108,109.0,1,0,1,0,54.0,45.0,18,0,3,57.0,216.0,7.0,0,2.0,3
109,110.0,0,1,0,3,27.0,63.0,11,1,0,18.0,73.0,4.0,0,2.0,3
110,111.0,1,0,0,3,31.0,25.0,25,1,2,17.0,49.0,17.0,0,1.0,3
111,112.0,1,1,1,0,54.0,23.0,9,1,3,67.0,96.0,8.0,0,2.0,4
112,113.0,0,0,0,3,27.0,63.0,8,0,2,20.0,40.0,16.0,0,0.0,3
113,114.0,1,0,1,0,33.0,32.0,11,1,0,15.0,70.0,45.0,0,1.0,0
114,115.0,1,0,0,3,32.0,73.0,44,1,2,18.0,31.0,37.0,0,0.0,3
115,116.0,0,0,0,3,54.0,73.0,41,0,1,51.0,221.0,37.0,1,11.0,2
116,117.0,1,0,0,1,47.0,48.0,18,0,1,34.0,109.0,27.0,1,8.0,2
117,118.0,0,0,1,2,55.0,67.0,10,0,3,41.0,205.0,9.0,0,1.0,3
118,119.0,1,0,0,3,29.0,44.0,46,1,0,18.0,26.0,6.0,0,2.0,4
119,120.0,0,0,0,3,28.0,42.0,8,0,2,16.0,46.0,16.0,0,1.0,3
120,121.0,0,0,1,1,31.0,24.0,18,1,2,24.0,37.0,38.0,0,1.0,3
121,122.0,1,0,0,3,32.0,48.0,6,0,2,18.0,88.0,28.0,0,0.0,4
122,123.0,0,1,1,2,33.0,29.0,37,1,2,30.0,34.0,41.0,0,5.0,1
123,124.0,0,0,0,3,49.0,47.0,4,0,1,35.0,145.0,35.0,1,13.0,2
124,125.0,0,0,1,3,32.0,70.0,9,1,0,17.0,73.0,45.0,0,1.0,0
125,126.0,1,0,1,0,55.0,46.0,10,0,3,50.0,225.0,13.0,0,2.0,3
126,127.0,1,0,0,1,46.0,49.0,5,0,1,43.0,62.0,36.0,1,5.0,2
127,128.0,1,0,0,3,34.0,67.0,7,0,0,16.0,43.0,29.0,0,1.0,4
128,129.0,0,1,0,3,26.0,72.0,46,0,0,16.0,34.0,21.0,0,2.0,0
129,130.0,1,0,1,3,30.0,78.0,15,0,2,20.0,85.0,32.0,0,1.0,4
130,131.0,0,1,0,3,32.0,62.0,5,0,0,12.0,34.0,9.0,0,2.0,3
131,132.0,0,1,1,3,33.0,25.0,11,1,4,31.0,145.0,1.0,0,0.0,1
132,133.0,1,0,0,3,29.0,58.0,46,1,2,16.0,29.0,14.0,0,1.0,0
133,134.0,1,0,1,0,53.0,39.0,4,0,3,67.0,143.0,3.0,0,1.0,3
134,135.0,1,0,0,3,26.0,80.0,4,0,0,19.0,32.0,4.0,0,1.0,3
135,136.0,0,0,0,1,45.0,66.0,19,0,1,34.0,56.0,34.0,1,1.0,2
136,137.0,0,0,0,3,24.0,41.0,11,1,0,14.0,63.0,38.0,0,0.0,0
137,138.0,1,0,1,1,48.0,51.0,6,0,1,43.0,145.0,37.0,1,3.0,2
138,139.0,1,0,1,3,49.0,22.0,46,0,3,51.0,166.0,13.0,0,2.0,4
139,140.0,1,0,1,0,51.0,72.0,4,0,1,44.0,74.0,40.0,1,6.0,2
140,141.0,1,0,0,1,54.0,60.0,12,0,1,41.0,182.0,31.0,1,10.0,2
141,142.0,0,0,1,3,30.0,33.0,6,0,0,16.0,57.0,29.0,0,2.0,3
142,143.0,0,0,1,3,31.0,64.0,34,0,0,16.0,40.0,46.0,0,1.0,0
143,144.0,1,1,1,0,46.0,30.0,17,1,1,36.0,112.0,28.0,1,10.0,2
144,145.0,1,0,1,3,34.0,65.0,44,1,0,22.0,59.0,10.0,0,2.0,0
145,146.0,1,1,1,2,32.0,28.0,19,1,2,38.0,54.0,9.0,0,5.0,1
146,147.0,0,0,1,0,52.0,37.0,37,0,3,65.0,133.0,6.0,0,1.0,4
147,148.0,1,0,1,0,54.0,43.0,44,0,3,52.0,83.0,2.0,0,2.0,3
148,149.0,0,1,0,3,27.0,77.0,10,1,0,17.0,31.0,10.0,0,2.0,0
149,150.0,0,0,1,3,31.0,47.0,12,0,0,13.0,27.0,21.0,0,2.0,4
150,151.0,1,1,0,3,34.0,67.0,38,1,0,18.0,50.0,42.0,0,1.0,0
151,152.0,1,0,1,0,56.0,55.0,31,0,3,55.0,72.0,2.0,0,1.0,3
152,153.0,0,0,1,3,44.0,75.0,29,0,1,45.0,208.0,36.0,1,1.0,2
153,154.0,0,0,0,2,46.0,59.0,18,0,1,42.0,201.0,42.0,1,5.0,2
154,155.0,1,0,1,0,55.0,49.0,20,0,3,47.0,142.0,8.0,0,1.0,3
155,156.0,0,1,1,2,29.0,19.0,28,1,2,34.0,103.0,11.0,0,5.0,1
156,157.0,0,1,1,3,29.0,18.0,41,1,0,36.0,88.0,22.0,0,6.0,1
157,158.0,0,0,1,2,51.0,78.0,2,0,1,35.0,162.0,13.0,1,12.0,2
158,159.0,1,0,1,0,48.0,22.0,20,0,3,54.0,138.0,6.0,0,2.0,0
159,160.0,0,0,1,3,29.0,72.0,33,0,0,20.0,31.0,38.0,0,1.0,0
160,161.0,0,1,1,3,55.0,77.0,32,1,3,72.0,299.0,5.0,0,0.0,3
161,162.0,0,0,0,3,29.0,78.0,11,0,2,14.0,37.0,18.0,0,2.0,4
162,163.0,0,0,0,3,32.0,23.0,37,1,0,17.0,35.0,29.0,0,2.0,4
163,164.0,1,0,0,3,31.0,66.0,4,1,2,14.0,38.0,22.0,0,0.0,3
164,165.0,1,1,0,3,27.0,62.0,2,0,0,16.0,24.0,41.0,0,0.0,4
165,166.0,0,0,1,3,57.0,45.0,7,0,3,79.0,128.0,11.0,0,0.0,0
166,167.0,0,0,0,3,55.0,31.0,37,0,1,43.0,206.0,36.0,1,5.0,2
167,168.0,1,0,0,0,49.0,54.0,5,0,1,48.0,232.0,28.0,1,11.0,2
168,169.0,1,0,0,3,29.0,71.0,37,1,0,15.0,51.0,30.0,0,0.0,0
169,170.0,1,0,0,1,43.0,69.0,19,0,1,47.0,63.0,37.0,1,5.0,2
170,171.0,1,0,1,1,47.0,48.0,11,0,1,39.0,79.0,20.0,1,10.0,2
171,172.0,1,0,1,3,54.0,45.0,7,0,3,58.0,144.0,5.0,0,1.0,0
172,173.0,1,0,1,0,55.0,50.0,41,0,3,55.0,237.0,11.0,0,2.0,3
173,174.0,1,0,1,0,29.0,21.0,16,1,4,38.0,45.0,24.0,0,2.0,1
174,175.0,0,0,1,0,29.0,37.0,27,0,2,12.0,16.0,39.0,0,1.0,0
175,176.0,1,0,0,3,31.0,61.0,18,0,0,13.0,23.0,3.0,0,1.0,4
176,177.0,0,0,0,3,51.0,37.0,6,0,1,40.0,146.0,33.0,1,13.0,2
177,178.0,1,0,0,3,28.0,50.0,20,1,2,19.0,76.0,11.0,0,0.0,0
178,179.0,1,0,0,0,50.0,64.0,44,0,1,48.0,175.0,46.0,1,13.0,2
179,180.0,1,1,1,2,30.0,29.0,30,1,2,35.0,101.0,10.0,0,5.0,1
180,181.0,0,0,0,3,32.0,67.0,19,0,2,20.0,65.0,43.0,0,1.0,0
181,182.0,0,0,1,1,26.0,47.0,33,0,0,20.0,46.0,7.0,0,2.0,3
182,183.0,0,0,1,3,50.0,78.0,7,0,1,40.0,161.0,43.0,1,11.0,2
183,184.0,0,0,1,3,36.0,54.0,12,1,0,12.0,23.0,3.0,0,2.0,3
184,185.0,1,1,1,3,36.0,27.0,44,1,0,30.0,114.0,30.0,0,0.0,1
185,186.0,0,1,0,3,31.0,70.0,31,1,2,14.0,26.0,11.0,0,0.0,4
186,187.0,1,0,0,0,37.0,49.0,8,1,2,16.0,41.0,19.0,0,1.0,0
187,188.0,1,0,1,0,50.0,30.0,31,0,3,48.0,170.0,2.0,0,1.0,4
188,189.0,1,0,1,0,57.0,61.0,44,0,3,67.0,278.0,3.0,0,1.0,0
189,190.0,0,0,0,0,32.0,62.0,41,0,0,23.0,33.0,19.0,0,1.0,0
190,191.0,0,1,1,1,29.0,25.0,17,1,2,33.0,156.0,2.0,0,4.0,1
191,192.0,0,0,0,3,47.0,79.0,37,0,1,44.0,182.0,14.0,1,13.0,2
192,193.0,0,1,1,2,30.0,24.0,44,1,2,32.0,96.0,16.0,0,2.0,1
193,194.0,0,1,1,1,27.0,19.0,42,1,2,27.0,76.0,22.0,0,3.0,1
194,195.0,0,0,0,3,27.0,70.0,20,0,2,17.0,49.0,43.0,0,2.0,0
195,196.0,1,1,0,3,32.0,66.0,7,0,0,15.0,35.0,33.0,0,1.0,3
196,197.0,0,0,1,3,25.0,52.0,10,0,2,20.0,62.0,26.0,0,0.0,3
197,198.0,1,0,1,1,58.0,65.0,37,0,3,55.0,171.0,3.0,0,2.0,3
198,199.0,0,0,0,1,45.0,43.0,44,0,1,41.0,176.0,41.0,1,11.0,2
199,200.0,0,0,1,3,34.0,67.0,44,0,0,13.0,55.0,40.0,0,1.0,3
200,201.0,1,0,1,1,51.0,76.0,5,0,1,37.0,134.0,22.0,1,3.0,2
201,202.0,1,0,0,3,32.0,50.0,4,0,2,19.0,49.0,12.0,0,1.0,3
202,203.0,0,0,1,3,25.0,63.0,42,1,2,21.0,90.0,9.0,0,0.0,4
203,204.0,1,0,1,1,55.0,50.0,41,0,3,57.0,182.0,15.0,0,1.0,4
204,205.0,0,0,1,0,52.0,37.0,6,0,3,33.0,82.0,8.0,0,0.0,3
205,206.0,0,0,1,3,28.0,67.0,5,1,2,18.0,86.0,31.0,0,2.0,0
206,207.0,1,0,1,3,29.0,64.0,31,1,2,14.0,64.0,39.0,0,1.0,4
207,208.0,1,0,1,1,45.0,24.0,44,0,3,65.0,211.0,15.0,0,1.0,0
208,209.0,1,0,0,3,27.0,74.0,6,0,0,22.0,78.0,39.0,0,1.0,4
209,210.0,1,0,0,3,26.0,74.0,19,1,2,16.0,55.0,41.0,0,1.0,0
210,211.0,1,1,1,2,28.0,19.0,7,1,4,39.0,75.0,9.0,0,3.0,1
211,212.0,0,0,1,3,27.0,38.0,46,1,0,16.0,37.0,30.0,0,2.0,0
212,213.0,1,1,1,3,31.0,67.0,28,0,0,15.0,45.0,34.0,0,1.0,0
213,214.0,1,0,0,0,25.0,33.0,11,0,2,19.0,38.0,29.0,0,2.0,0
214,215.0,1,1,1,3,28.0,75.0,24,0,0,22.0,97.0,9.0,0,1.0,3
215,216.0,0,0,0,0,49.0,39.0,27,0,1,45.0,84.0,43.0,1,2.0,2
216,217.0,0,0,0,3,28.0,27.0,39,1,2,16.0,32.0,14.0,0,2.0,3
217,218.0,0,0,1,0,51.0,57.0,5,0,3,43.0,76.0,7.0,0,2.0,4
218,219.0,0,1,1,3,32.0,70.0,0,1,0,13.0,26.0,29.0,0,0.0,0
219,220.0,1,1,1,2,35.0,26.0,6,1,2,33.0,93.0,45.0,0,5.0,1
220,221.0,0,0,1,0,55.0,40.0,37,0,3,47.0,109.0,3.0,0,0.0,3
221,222.0,1,0,1,3,27.0,69.0,29,1,2,18.0,85.0,18.0,0,1.0,4
222,223.0,0,0,0,3,28.0,44.0,46,1,2,20.0,56.0,9.0,0,1.0,4
223,224.0,0,0,1,3,33.0,53.0,19,1,0,15.0,28.0,37.0,0,1.0,0
224,225.0,1,0,1,1,58.0,67.0,10,0,3,74.0,343.0,12.0,0,2.0,0
225,226.0,0,0,0,0,34.0,34.0,46,1,0,14.0,69.0,34.0,0,1.0,4
226,227.0,0,0,0,3,47.0,58.0,37,0,1,45.0,127.0,30.0,1,2.0,2
227,228.0,0,1,1,3,33.0,18.0,43,1,4,29.0,45.0,12.0,0,3.0,1
228,229.0,0,1,1,0,47.0,29.0,21,1,1,44.0,93.0,24.0,1,13.0,2
229,230.0,1,0,1,0,44.0,47.0,12,0,1,44.0,119.0,23.0,1,12.0,2
230,231.0,1,1,1,0,26.0,22.0,30,1,4,32.0,110.0,21.0,0,5.0,1
231,232.0,1,0,1,3,33.0,76.0,31,0,0,13.0,28.0,47.0,0,0.0,4
232,233.0,0,0,1,0,47.0,61.0,2,0,1,35.0,121.0,16.0,1,10.0,2
233,234.0,0,0,1,0,54.0,74.0,37,0,1,41.0,159.0,34.0,1,7.0,2
234,235.0,0,0,0,3,29.0,23.0,8,0,2,21.0,42.0,29.0,0,1.0,3
235,236.0,1,0,1,0,44.0,44.0,12,0,1,35.0,55.0,17.0,1,5.0,2
236,237.0,0,0,0,3,49.0,61.0,19,0,1,38.0,86.0,33.0,1,5.0,2
237,238.0,0,1,1,1,34.0,30.0,16,1,2,32.0,75.0,4.0,0,1.0,1
238,239.0,1,0,1,3,33.0,50.0,8,0,0,17.0,47.0,27.0,0,0.0,3
239,240.0,0,0,0,1,49.0,28.0,19,0,1,40.0,124.0,15.0,1,9.0,2
240,241.0,1,0,0,3,35.0,32.0,3,0,0,16.0,23.0,12.0,0,1.0,4
241,242.0,0,1,0,3,29.0,51.0,28,1,2,21.0,45.0,32.0,0,1.0,3
242,243.0,0,0,1,0,55.0,23.0,28,0,3,61.0,258.0,16.0,0,1.0,4
243,244.0,1,0,1,0,56.0,56.0,44,0,3,71.0,87.0,10.0,0,1.0,3
244,245.0,1,1,1,0,57.0,68.0,31,1,3,66.0,312.0,14.0,0,1.0,4
245,246.0,0,0,0,3,24.0,51.0,47,0,0,18.0,72.0,46.0,0,0.0,3
246,247.0,0,0,1,1,55.0,38.0,11,0,3,38.0,115.0,16.0,0,1.0,3
247,248.0,0,0,0,3,26.0,38.0,4,1,2,17.0,58.0,11.0,0,1.0,0
248,249.0,1,0,0,0,51.0,36.0,5,0,1,50.0,102.0,42.0,1,5.0,2
249,250.0,0,0,0,3,26.0,31.0,19,1,2,18.0,53.0,11.0,0,0.0,3
250,251.0,0,1,1,0,34.0,29.0,10,1,0,34.0,166.0,36.0,0,2.0,1
251,252.0,1,0,1,3,46.0,77.0,44,0,1,45.0,146.0,43.0,1,0.0,2
252,253.0,0,0,1,3,29.0,51.0,5,1,0,14.0,44.0,9.0,0,1.0,3
253,254.0,0,1,1,1,55.0,33.0,33,1,3,82.0,165.0,15.0,0,1.0,4
254,255.0,0,0,0,3,26.0,59.0,48,0,0,12.0,37.0,44.0,0,2.0,4
255,256.0,1,1,1,3,33.0,24.0,24,1,4,37.0,131.0,23.0,0,4.0,1
256,257.0,1,0,1,0,50.0,26.0,38,0,3,71.0,267.0,11.0,0,2.0,4
257,258.0,0,0,1,3,28.0,72.0,2,0,2,20.0,53.0,27.0,0,1.0,4
258,259.0,1,0,0,0,49.0,60.0,27,0,1,38.0,97.0,23.0,1,11.0,2
259,260.0,1,0,1,3,51.0,30.0,28,0,3,76.0,377.0,9.0,0,1.0,3
260,261.0,0,1,1,2,54.0,50.0,33,1,3,46.0,58.0,11.0,0,0.0,0
261,262.0,1,1,1,0,59.0,69.0,7,1,3,84.0,383.0,7.0,0,0.0,3
262,263.0,1,0,1,3,30.0,57.0,13,1,2,19.0,89.0,40.0,0,2.0,3
263,264.0,0,0,0,3,46.0,77.0,38,0,1,33.0,139.0,26.0,1,1.0,2
264,265.0,0,0,0,3,34.0,49.0,31,1,2,14.0,21.0,17.0,0,1.0,4
265,266.0,1,0,1,3,36.0,33.0,20,1,0,16.0,34.0,2.0,0,2.0,4
266,267.0,0,0,1,3,53.0,64.0,7,0,1,35.0,85.0,21.0,1,12.0,2
267,268.0,0,0,1,0,23.0,45.0,19,0,0,18.0,68.0,3.0,0,1.0,4
268,269.0,0,1,1,1,30.0,21.0,27,1,4,28.0,46.0,37.0,0,3.0,1
269,270.0,1,0,1,3,28.0,42.0,38,1,0,17.0,67.0,47.0,0,1.0,0
270,271.0,1,0,1,0,55.0,49.0,10,0,3,49.0,75.0,7.0,0,1.0,0
271,272.0,0,0,0,0,28.0,54.0,7,0,0,20.0,73.0,8.0,0,0.0,4
272,273.0,0,0,1,3,29.0,60.0,20,1,2,15.0,46.0,12.0,0,1.0,0
273,274.0,0,0,1,3,30.0,34.0,5,0,2,9.0,38.0,19.0,0,2.0,3
274,275.0,1,1,1,0,51.0,40.0,3,1,1,37.0,144.0,18.0,1,7.0,2
275,276.0,0,0,1,2,44.0,47.0,31,0,1,43.0,199.0,30.0,1,4.0,2
276,277.0,0,0,1,3,36.0,74.0,9,1,0,19.0,87.0,6.0,0,0.0,4
277,278.0,0,0,1,3,25.0,35.0,4,0,2,21.0,51.0,47.0,0,0.0,3
278,279.0,0,1,0,0,29.0,76.0,12,0,2,24.0,92.0,40.0,0,0.0,3
279,280.0,1,0,1,0,56.0,56.0,7,0,3,71.0,133.0,11.0,0,2.0,4
280,281.0,0,1,0,3,30.0,42.0,19,1,2,14.0,18.0,19.0,0,1.0,3
281,282.0,0,0,0,3,30.0,67.0,33,0,2,15.0,61.0,16.0,0,0.0,3
282,283.0,0,0,1,3,56.0,75.0,20,0,1,31.0,95.0,21.0,1,2.0,2
283,284.0,1,0,0,3,28.0,33.0,28,0,2,20.0,60.0,35.0,0,1.0,4
284,285.0,1,0,0,3,49.0,60.0,41,0,1,40.0,186.0,30.0,1,2.0,2
285,286.0,1,1,1,1,48.0,41.0,36,1,1,43.0,150.0,21.0,1,9.0,2
286,287.0,1,0,1,3,33.0,76.0,46,0,0,14.0,50.0,26.0,0,1.0,4
287,288.0,0,0,0,0,34.0,43.0,37,0,0,18.0,81.0,40.0,0,2.0,3
288,289.0,0,0,0,1,50.0,47.0,8,0,1,47.0,200.0,45.0,1,8.0,2
289,290.0,1,0,1,0,34.0,65.0,6,0,2,19.0,64.0,28.0,0,2.0,0
290,291.0,1,0,1,2,45.0,48.0,38,0,1,29.0,53.0,35.0,1,2.0,2
291,292.0,1,0,1,3,28.0,76.0,38,1,0,19.0,39.0,40.0,0,1.0,0
292,293.0,1,0,1,2,52.0,34.0,46,0,3,67.0,306.0,4.0,0,1.0,0
293,294.0,0,1,1,2,52.0,25.0,45,1,3,25.0,31.0,14.0,0,1.0,3
294,295.0,0,1,0,3,33.0,69.0,29,1,2,20.0,61.0,48.0,0,1.0,0
295,296.0,1,1,1,3,29.0,27.0,28,1,0,33.0,58.0,12.0,0,5.0,1
296,297.0,0,1,1,3,24.0,27.0,41,1,2,32.0,158.0,17.0,0,3.0,1
297,298.0,1,0,1,3,28.0,38.0,19,1,2,19.0,74.0,28.0,0,2.0,3
298,299.0,1,0,1,2,29.0,65.0,2,1,0,16.0,49.0,25.0,0,1.0,0
299,300.0,0,1,1,0,31.0,19.0,6,1,0,26.0,77.0,23.0,0,2.0,1
300,301.0,1,1,1,3,30.0,77.0,42,0,2,19.0,26.0,44.0,0,2.0,4
301,302.0,0,0,0,2,44.0,37.0,19,0,1,47.0,177.0,16.0,1,9.0,2
302,303.0,0,0,0,3,27.0,56.0,20,0,0,10.0,13.0,24.0,0,1.0,0
303,304.0,0,0,1,1,50.0,48.0,29,0,1,34.0,47.0,46.0,1,2.0,2
304,305.0,1,1,1,1,54.0,41.0,18,1,3,88.0,276.0,8.0,0,0.0,0
305,306.0,0,0,1,1,55.0,61.0,28,0,3,52.0,77.0,12.0,0,2.0,4
306,307.0,1,0,0,3,21.0,67.0,33,0,2,19.0,82.0,32.0,0,1.0,3
307,308.0,0,0,1,3,31.0,58.0,5,1,0,23.0,99.0,23.0,0,1.0,0
308,309.0,0,1,1,0,55.0,71.0,42,1,3,51.0,200.0,10.0,0,0.0,3
309,310.0,0,1,1,0,27.0,26.0,28,1,2,35.0,59.0,46.0,0,6.0,1
310,311.0,1,0,1,3,35.0,49.0,28,1,2,16.0,59.0,36.0,0,0.0,3
311,312.0,0,0,0,0,46.0,65.0,31,0,1,43.0,135.0,36.0,1,2.0,2
312,313.0,0,0,1,3,37.0,47.0,46,1,2,20.0,98.0,27.0,0,0.0,4
313,314.0,0,0,1,3,34.0,27.0,6,1,0,26.0,95.0,31.0,0,1.0,0
314,315.0,0,0,0,3,28.0,26.0,31,0,0,11.0,47.0,10.0,0,1.0,4
315,316.0,1,0,1,2,26.0,72.0,19,1,0,16.0,46.0,33.0,0,2.0,3
316,317.0,0,0,0,3,28.0,38.0,31,1,0,19.0,53.0,20.0,0,2.0,3
317,318.0,0,1,1,3,29.0,51.0,28,0,2,14.0,61.0,5.0,0,0.0,3
318,319.0,1,1,1,1,30.0,22.0,4,1,2,38.0,55.0,34.0,0,4.0,1
319,320.0,0,1,1,0,29.0,76.0,11,0,2,13.0,22.0,29.0,0,1.0,4
320,321.0,0,0,0,3,50.0,50.0,10,0,1,36.0,64.0,41.0,1,0.0,2
321,322.0,1,0,0,3,26.0,36.0,37,0,2,17.0,45.0,11.0,0,1.0,4
322,323.0,0,1,1,0,53.0,44.0,16,1,3,83.0,361.0,3.0,0,1.0,0
323,324.0,0,0,1,1,34.0,44.0,20,0,0,17.0,72.0,1.0,0,0.0,4
324,325.0,1,0,0,0,49.0,76.0,46,0,1,35.0,47.0,21.0,1,1.0,2
325,326.0,1,1,1,1,48.0,27.0,36,1,1,37.0,99.0,19.0,1,5.0,2
326,327.0,1,1,0,3,28.0,79.0,41,1,2,14.0,45.0,17.0,0,2.0,3
327,328.0,1,0,0,3,35.0,45.0,2,0,0,13.0,36.0,26.0,0,2.0,3
328,329.0,1,0,1,1,48.0,22.0,27,0,3,55.0,202.0,3.0,0,0.0,0
329,330.0,0,0,1,3,24.0,53.0,9,1,2,20.0,71.0,42.0,0,2.0,0
330,331.0,1,1,1,3,31.0,28.0,36,1,0,34.0,77.0,39.0,0,3.0,1
331,332.0,0,0,1,3,26.0,60.0,5,1,2,16.0,45.0,25.0,0,1.0,0
332,333.0,1,1,1,3,27.0,54.0,29,1,2,19.0,23.0,7.0,0,1.0,3
333,334.0,1,1,0,3,34.0,63.0,29,1,0,15.0,75.0,40.0,0,1.0,4
334,335.0,0,1,1,0,53.0,39.0,23,1,3,39.0,69.0,14.0,0,1.0,0
335,336.0,1,1,1,0,32.0,25.0,7,1,0,31.0,47.0,6.0,0,2.0,1
336,337.0,0,1,1,0,56.0,37.0,36,1,3,46.0,118.0,6.0,0,1.0,4
337,338.0,1,0,1,3,58.0,64.0,7,0,3,54.0,102.0,5.0,0,2.0,4
338,339.0,0,0,0,3,36.0,51.0,37,1,0,21.0,64.0,31.0,0,1.0,4
339,340.0,0,0,0,3,45.0,57.0,18,0,1,50.0,122.0,13.0,1,11.0,2
340,341.0,0,0,1,3,35.0,26.0,12,0,2,15.0,73.0,23.0,0,1.0,0
341,342.0,1,1,1,0,30.0,25.0,46,1,0,35.0,165.0,48.0,0,0.0,1
342,343.0,1,0,1,3,60.0,80.0,31,0,3,72.0,94.0,14.0,0,1.0,3
343,344.0,0,1,1,0,34.0,32.0,44,0,0,19.0,76.0,46.0,0,2.0,3
344,345.0,1,0,0,3,25.0,34.0,28,1,2,15.0,33.0,39.0,0,2.0,0
345,346.0,1,0,1,0,46.0,61.0,37,0,1,47.0,130.0,46.0,1,2.0,2
346,347.0,1,1,1,3,30.0,32.0,5,1,2,12.0,39.0,43.0,0,1.0,4
347,348.0,1,0,0,3,30.0,55.0,2,1,2,18.0,86.0,5.0,0,1.0,0
348,349.0,1,1,1,3,54.0,71.0,28,1,3,60.0,164.0,13.0,0,1.0,4
349,350.0,0,1,1,3,34.0,23.0,13,1,2,37.0,183.0,30.0,0,2.0,1
350,351.0,1,0,1,0,26.0,60.0,10,1,0,18.0,41.0,40.0,0,1.0,0
351,352.0,1,0,1,3,58.0,63.0,31,0,3,58.0,223.0,8.0,0,1.0,0
352,353.0,1,1,1,0,30.0,21.0,43,1,0,32.0,119.0,5.0,0,2.0,1
353,354.0,0,0,0,2,55.0,64.0,44,0,1,40.0,129.0,37.0,1,3.0,2
354,355.0,0,0,1,3,42.0,51.0,4,0,1,38.0,146.0,28.0,1,2.0,2
355,356.0,1,1,1,3,30.0,52.0,0,1,0,14.0,52.0,44.0,0,1.0,3
356,357.0,0,0,1,0,60.0,48.0,44,0,3,42.0,76.0,10.0,0,1.0,4
357,358.0,1,0,1,3,28.0,67.0,11,1,0,18.0,29.0,12.0,0,1.0,0
358,359.0,1,0,1,0,28.0,59.0,9,0,2,17.0,85.0,10.0,0,0.0,0
359,360.0,1,0,1,0,62.0,80.0,18,0,3,67.0,119.0,11.0,0,2.0,3
360,361.0,0,0,1,3,27.0,69.0,31,1,0,20.0,25.0,13.0,0,2.0,0
361,362.0,1,0,1,1,45.0,66.0,11,0,3,55.0,181.0,14.0,0,2.0,4
362,363.0,1,1,1,3,29.0,20.0,17,1,4,34.0,155.0,13.0,0,5.0,1
363,364.0,0,0,1,3,29.0,67.0,2,0,0,17.0,64.0,14.0,0,1.0,4
364,365.0,0,1,1,3,35.0,54.0,41,1,2,19.0,36.0,18.0,0,1.0,0
365,366.0,1,1,1,3,31.0,73.0,6,1,2,17.0,44.0,4.0,0,1.0,3
366,367.0,1,0,1,0,28.0,49.0,5,0,2,20.0,58.0,34.0,0,2.0,4
367,368.0,0,0,1,1,61.0,48.0,6,0,3,45.0,222.0,12.0,0,2.0,4
368,369.0,1,0,1,2,51.0,72.0,4,0,1,34.0,59.0,24.0,1,11.0,2
369,370.0,1,0,1,0,53.0,38.0,44,0,3,54.0,240.0,4.0,0,1.0,3
370,371.0,0,0,1,3,31.0,63.0,18,0,0,15.0,55.0,20.0,0,1.0,0
371,372.0,0,0,0,3,31.0,25.0,38,1,0,15.0,39.0,48.0,0,2.0,4
372,373.0,0,1,0,3,33.0,40.0,48,0,2,19.0,36.0,33.0,0,0.0,4
373,374.0,1,0,0,3,40.0,72.0,19,0,1,46.0,128.0,46.0,1,1.0,2
374,375.0,0,1,1,3,27.0,24.0,31,0,0,16.0,48.0,29.0,0,0.0,0
375,376.0,0,1,1,1,30.0,21.0,27,1,4,33.0,52.0,13.0,0,5.0,1
376,377.0,1,1,1,0,30.0,21.0,39,1,2,35.0,119.0,33.0,0,6.0,1
377,378.0,1,0,1,0,25.0,29.0,4,1,2,15.0,30.0,17.0,0,1.0,3
378,379.0,0,1,1,0,55.0,48.0,9,1,3,71.0,185.0,9.0,0,0.0,0
379,380.0,1,1,1,1,32.0,26.0,37,1,2,28.0,95.0,14.0,0,1.0,1
380,381.0,0,0,1,0,26.0,41.0,5,1,2,15.0,32.0,17.0,0,2.0,4
381,382.0,1,0,0,0,29.0,53.0,7,1,0,15.0,34.0,28.0,0,1.0,4
382,383.0,0,1,1,0,31.0,25.0,33,1,2,39.0,137.0,10.0,0,6.0,1
383,384.0,1,0,0,3,34.0,33.0,41,1,0,17.0,37.0,5.0,0,0.0,0
384,385.0,0,1,1,3,52.0,59.0,25,1,3,69.0,298.0,6.0,0,0.0,4
385,386.0,1,0,1,0,54.0,43.0,12,0,3,71.0,351.0,12.0,0,2.0,3
386,387.0,1,0,0,3,36.0,60.0,41,1,2,18.0,72.0,5.0,0,1.0,3
387,388.0,1,1,0,0,45.0,57.0,24,1,1,51.0,125.0,32.0,1,11.0,2
388,389.0,0,0,1,3,27.0,26.0,29,1,2,18.0,61.0,40.0,0,0.0,4
389,390.0,1,0,1,0,55.0,47.0,12,0,3,58.0,89.0,11.0,0,1.0,4
390,391.0,1,0,1,1,28.0,25.0,25,1,0,27.0,126.0,29.0,0,2.0,1
391,392.0,0,0,1,0,33.0,44.0,12,1,2,20.0,91.0,29.0,0,2.0,0
392,393.0,0,1,0,2,35.0,63.0,10,0,2,18.0,78.0,41.0,0,2.0,0
393,394.0,1,0,1,0,57.0,62.0,4,0,3,60.0,128.0,15.0,0,1.0,0
394,395.0,1,1,1,0,28.0,24.0,33,1,2,36.0,124.0,23.0,0,5.0,1
395,396.0,1,0,0,0,27.0,35.0,27,1,2,18.0,22.0,32.0,0,1.0,0
396,397.0,0,0,1,0,49.0,28.0,7,0,1,40.0,111.0,44.0,1,11.0,2
397,398.0,0,0,1,3,29.0,68.0,4,0,0,18.0,42.0,9.0,0,1.0,3
398,399.0,0,0,1,3,26.0,55.0,18,1,2,16.0,28.0,2.0,0,2.0,0
399,400.0,1,0,1,1,58.0,64.0,37,0,3,76.0,137.0,12.0,0,0.0,0
400,401.0,0,0,1,3,36.0,74.0,30,1,2,16.0,44.0,41.0,0,0.0,3
401,402.0,0,1,1,2,28.0,27.0,27,1,4,28.0,42.0,24.0,0,3.0,1
402,403.0,1,0,0,3,24.0,35.0,7,0,2,22.0,76.0,43.0,0,1.0,0
403,404.0,0,1,0,3,49.0,41.0,23,1,1,36.0,106.0,38.0,1,2.0,2
404,405.0,1,0,1,2,47.0,50.0,41,0,1,43.0,165.0,24.0,1,11.0,2
405,406.0,1,1,1,0,28.0,24.0,0,1,2,32.0,123.0,32.0,0,1.0,1
406,407.0,0,1,1,1,27.0,20.0,22,1,0,31.0,112.0,25.0,0,5.0,1
407,408.0,1,0,1,2,28.0,36.0,9,0,2,22.0,28.0,5.0,0,1.0,4
408,409.0,1,0,1,2,48.0,76.0,19,0,1,44.0,61.0,15.0,1,11.0,2
409,410.0,0,1,0,0,33.0,48.0,5,1,0,17.0,40.0,7.0,0,2.0,3
410,411.0,0,1,1,0,60.0,50.0,47,1,3,65.0,207.0,12.0,0,2.0,4
411,412.0,1,1,0,3,30.0,47.0,20,1,2,17.0,63.0,46.0,0,0.0,0
412,413.0,1,0,0,3,34.0,39.0,4,0,2,19.0,52.0,27.0,0,0.0,3
413,414.0,1,0,1,0,58.0,64.0,2,0,3,60.0,258.0,2.0,0,2.0,3
414,415.0,0,0,0,3,23.0,54.0,31,1,0,16.0,63.0,18.0,0,0.0,3
415,416.0,0,0,1,3,46.0,80.0,46,0,1,35.0,171.0,42.0,1,4.0,2
416,417.0,0,1,1,0,60.0,43.0,45,1,3,39.0,124.0,7.0,0,1.0,4
417,418.0,0,0,1,3,29.0,77.0,9,0,0,17.0,41.0,39.0,0,1.0,0
418,419.0,1,0,1,0,35.0,33.0,31,0,0,16.0,25.0,35.0,0,1.0,3
419,420.0,1,0,1,2,46.0,22.0,31,0,3,73.0,255.0,3.0,0,1.0,4
420,421.0,0,0,1,3,33.0,56.0,38,1,0,14.0,58.0,24.0,0,2.0,3
421,422.0,1,0,1,3,28.0,56.0,15,0,2,17.0,47.0,14.0,0,1.0,0
422,423.0,0,0,1,3,31.0,50.0,7,0,2,18.0,27.0,34.0,0,0.0,4
423,424.0,1,0,1,2,58.0,65.0,18,0,3,85.0,182.0,9.0,0,1.0,3
424,425.0,1,0,1,3,31.0,65.0,37,1,2,13.0,23.0,16.0,0,1.0,3
425,426.0,0,1,1,2,29.0,19.0,29,1,4,33.0,73.0,42.0,0,3.0,1
426,427.0,0,1,1,1,31.0,22.0,11,1,0,35.0,99.0,24.0,0,1.0,1
427,428.0,1,0,1,0,50.0,24.0,28,0,3,54.0,171.0,7.0,0,1.0,3
428,429.0,0,1,1,1,28.0,23.0,29,1,0,33.0,96.0,38.0,0,6.0,1
429,430.0,0,0,0,1,51.0,53.0,2,0,1,44.0,199.0,27.0,1,1.0,2
430,431.0,1,0,1,3,28.0,55.0,6,1,0,17.0,54.0,3.0,0,1.0,4
431,432.0,1,0,0,3,33.0,59.0,37,0,0,16.0,77.0,34.0,0,2.0,4
432,433.0,0,1,1,0,34.0,26.0,2,1,4,34.0,122.0,2.0,0,4.0,1
433,434.0,0,0,0,3,28.0,55.0,27,1,2,12.0,59.0,41.0,0,0.0,3
434,435.0,1,0,1,3,50.0,33.0,2,0,1,47.0,96.0,34.0,1,1.0,2
435,436.0,0,0,0,3,32.0,28.0,20,0,2,21.0,79.0,33.0,0,1.0,0
436,437.0,1,0,1,1,55.0,53.0,37,0,1,37.0,83.0,30.0,1,8.0,2
437,438.0,1,0,1,3,39.0,79.0,41,0,2,14.0,53.0,1.0,0,1.0,4
438,439.0,0,0,0,3,43.0,75.0,4,0,1,42.0,161.0,13.0,1,1.0,2
439,440.0,0,0,0,0,43.0,72.0,20,0,1,39.0,54.0,14.0,1,13.0,2
440,441.0,1,0,1,0,730.0,80.0,27,0,3,65.0,137.0,14.0,0,1.0,3
441,442.0,1,0,1,3,59.0,70.0,31,0,3,50.0,99.0,5.0,0,1.0,4
442,443.0,1,0,1,3,32.0,50.0,8,0,0,16.0,60.0,19.0,0,1.0,0
443,444.0,0,0,1,1,49.0,71.0,10,0,1,46.0,203.0,41.0,1,4.0,2
444,445.0,1,0,1,0,56.0,52.0,31,0,3,63.0,154.0,2.0,0,2.0,0
445,446.0,0,0,1,3,32.0,42.0,11,0,0,18.0,75.0,16.0,0,2.0,0
446,447.0,1,0,1,0,54.0,45.0,28,0,3,59.0,221.0,12.0,0,1.0,3
447,448.0,0,1,1,1,29.0,20.0,21,1,4,31.0,35.0,44.0,0,2.0,1
448,449.0,1,1,1,2,33.0,27.0,31,1,0,34.0,118.0,24.0,0,3.0,1
449,450.0,0,1,1,3,32.0,23.0,5,0,0,18.0,47.0,4.0,0,2.0,3
450,451.0,0,0,1,0,53.0,28.0,4,0,1,40.0,187.0,18.0,1,6.0,2
451,452.0,1,1,1,0,27.0,63.0,6,0,2,19.0,21.0,31.0,0,2.0,3
452,453.0,1,1,1,1,30.0,39.0,4,1,2,19.0,56.0,27.0,0,1.0,0
453,454.0,0,0,0,0,29.0,26.0,6,1,2,17.0,47.0,11.0,0,0.0,3
454,455.0,1,0,1,2,51.0,38.0,37,0,1,40.0,116.0,33.0,1,0.0,2
455,456.0,1,0,1,0,52.0,32.0,2,0,3,52.0,214.0,4.0,0,1.0,4
456,457.0,0,1,1,0,29.0,22.0,16,1,2,35.0,83.0,8.0,0,4.0,1
457,458.0,0,0,1,1,47.0,35.0,38,0,1,50.0,209.0,46.0,1,7.0,2
458,459.0,1,0,0,3,32.0,49.0,7,1,2,15.0,45.0,26.0,0,0.0,3
459,460.0,1,0,1,3,24.0,53.0,46,1,0,14.0,18.0,45.0,0,1.0,0
460,461.0,1,1,0,3,29.0,56.0,44,1,0,23.0,42.0,21.0,0,2.0,3
461,462.0,1,1,1,0,24.0,27.0,32,1,4,32.0,126.0,17.0,0,3.0,1
462,463.0,0,0,0,1,49.0,47.0,2,0,1,47.0,139.0,14.0,1,4.0,2
463,464.0,1,0,0,2,48.0,64.0,28,0,1,39.0,67.0,40.0,1,10.0,2
464,465.0,0,0,1,3,61.0,32.0,29,0,3,48.0,117.0,3.0,0,1.0,3
465,466.0,0,0,1,0,46.0,62.0,28,0,1,38.0,132.0,24.0,1,0.0,2
466,467.0,1,0,1,1,52.0,36.0,7,0,3,60.0,111.0,7.0,0,1.0,3
467,468.0,1,1,1,3,29.0,80.0,41,1,2,14.0,56.0,17.0,0,1.0,4
468,469.0,1,1,0,3,26.0,67.0,22,0,0,22.0,46.0,21.0,0,2.0,0
469,470.0,1,0,1,0,59.0,69.0,41,0,3,61.0,286.0,14.0,0,2.0,0
470,471.0,1,1,1,3,29.0,30.0,46,1,0,18.0,39.0,46.0,0,1.0,4
471,472.0,1,0,1,2,29.0,67.0,35,1,2,18.0,74.0,25.0,0,1.0,0
472,473.0,1,0,1,0,30.0,55.0,10,1,2,19.0,35.0,17.0,0,2.0,4
473,474.0,0,0,0,2,49.0,75.0,38,0,1,36.0,80.0,35.0,1,6.0,2
474,475.0,1,0,1,3,32.0,48.0,19,0,2,19.0,28.0,44.0,0,1.0,4
475,476.0,1,0,0,3,26.0,75.0,41,0,0,14.0,47.0,24.0,0,1.0,0
476,477.0,0,0,1,3,29.0,23.0,46,0,2,21.0,80.0,31.0,0,0.0,0
477,478.0,1,1,1,3,23.0,29.0,25,1,4,35.0,114.0,17.0,0,3.0,1
478,479.0,1,0,1,0,53.0,40.0,4,0,3,65.0,180.0,14.0,0,2.0,0
479,480.0,0,1,1,3,30.0,55.0,18,0,2,15.0,55.0,46.0,0,2.0,0
480,481.0,1,0,1,0,33.0,78.0,11,1,2,18.0,66.0,41.0,0,2.0,0
481,482.0,0,0,1,0,51.0,28.0,38,0,3,75.0,282.0,5.0,0,1.0,0
482,483.0,1,0,1,2,46.0,56.0,37,0,1,54.0,194.0,17.0,1,5.0,2
483,484.0,0,0,0,0,44.0,57.0,19,0,1,36.0,173.0,26.0,1,9.0,2
484,485.0,0,0,0,0,49.0,57.0,37,0,1,42.0,81.0,47.0,1,5.0,2
485,486.0,1,0,1,3,29.0,24.0,5,1,2,13.0,51.0,37.0,0,0.0,0
486,487.0,0,0,1,3,31.0,62.0,37,0,2,19.0,39.0,10.0,0,0.0,3
487,488.0,1,0,0,0,52.0,48.0,46,0,1,39.0,62.0,27.0,1,1.0,2
488,489.0,1,1,1,2,34.0,22.0,47,1,0,34.0,118.0,27.0,0,2.0,1
489,490.0,0,1,1,2,49.0,62.0,32,1,1,43.0,123.0,37.0,1,2.0,2
490,491.0,0,0,1,3,30.0,31.0,7,0,2,24.0,70.0,38.0,0,1.0,0
491,492.0,0,0,1,2,45.0,67.0,8,0,1,39.0,144.0,21.0,1,7.0,2
492,493.0,0,0,0,0,28.0,65.0,30,1,2,15.0,62.0,39.0,0,1.0,0
493,494.0,0,0,0,2,33.0,34.0,7,0,2,18.0,45.0,44.0,0,1.0,4
494,495.0,1,0,1,0,46.0,39.0,37,0,1,45.0,166.0,37.0,1,11.0,2
495,496.0,1,0,1,2,29.0,19.0,39,1,2,40.0,109.0,21.0,0,1.0,1
496,497.0,0,0,1,0,52.0,42.0,6,0,3,57.0,250.0,15.0,0,1.0,0
497,498.0,0,0,1,3,29.0,68.0,20,0,0,17.0,74.0,8.0,0,2.0,3
498,499.0,1,0,1,0,54.0,44.0,29,0,3,66.0,139.0,10.0,0,2.0,0
499,500.0,1,0,1,1,55.0,46.0,2,0,3,72.0,252.0,14.0,0,1.0,3
500,501.0,0,1,0,3,30.0,58.0,9,1,0,21.0,71.0,2.0,0,1.0,4
501,502.0,1,1,1,3,24.0,56.0,18,0,2,18.0,58.0,20.0,0,2.0,4
502,503.0,1,0,0,1,29.0,73.0,5,0,0,19.0,86.0,30.0,0,2.0,0
503,504.0,0,0,0,3,35.0,42.0,11,0,0,20.0,43.0,40.0,0,0.0,3
504,505.0,0,0,1,0,31.0,56.0,28,0,0,18.0,43.0,18.0,0,0.0,0
505,506.0,0,0,1,3,32.0,35.0,20,1,2,18.0,29.0,29.0,0,2.0,0
506,507.0,1,1,1,3,35.0,66.0,42,1,0,15.0,72.0,43.0,0,1.0,4
507,508.0,1,0,1,3,57.0,59.0,28,0,3,61.0,221.0,14.0,0,1.0,3
508,509.0,0,0,0,1,50.0,54.0,37,0,1,46.0,137.0,17.0,1,10.0,2
509,510.0,1,0,1,3,24.0,50.0,2,1,0,12.0,44.0,36.0,0,2.0,4
510,511.0,1,1,1,3,30.0,27.0,12,1,0,29.0,94.0,46.0,0,4.0,1
511,512.0,1,0,0,0,25.0,66.0,14,1,0,20.0,73.0,46.0,0,0.0,0
512,513.0,1,0,1,3,49.0,24.0,41,0,3,49.0,158.0,16.0,0,2.0,0
513,514.0,1,0,0,3,27.0,31.0,11,1,0,22.0,87.0,3.0,0,0.0,0
514,515.0,0,1,1,3,32.0,18.0,0,1,0,29.0,91.0,43.0,0,1.0,1
515,516.0,1,0,0,3,28.0,30.0,9,0,0,17.0,85.0,10.0,0,2.0,3
516,517.0,0,0,0,3,47.0,60.0,37,0,1,34.0,67.0,32.0,1,1.0,2
517,518.0,1,1,1,0,54.0,51.0,5,1,3,54.0,82.0,9.0,0,1.0,4
518,519.0,1,0,1,3,27.0,76.0,12,0,0,18.0,28.0,17.0,0,0.0,0
519,520.0,1,0,0,3,29.0,61.0,18,0,0,21.0,29.0,11.0,0,1.0,4
520,521.0,1,0,1,3,34.0,38.0,27,0,2,22.0,59.0,34.0,0,1.0,0
521,522.0,0,0,0,1,46.0,74.0,31,0,1,46.0,132.0,23.0,1,9.0,2
522,523.0,1,0,0,3,34.0,72.0,18,0,2,17.0,43.0,17.0,0,2.0,4
523,524.0,0,1,1,0,55.0,26.0,45,1,3,75.0,306.0,5.0,0,0.0,3
524,525.0,1,1,1,2,27.0,27.0,6,1,2,36.0,128.0,9.0,0,1.0,1
525,526.0,0,1,1,0,60.0,54.0,12,1,3,47.0,194.0,1.0,0,1.0,4
526,527.0,0,0,0,0,32.0,41.0,8,1,0,23.0,109.0,38.0,0,0.0,0
527,528.0,0,0,0,3,29.0,60.0,44,1,0,20.0,98.0,20.0,0,0.0,4
528,529.0,1,1,1,2,31.0,29.0,16,1,4,31.0,58.0,22.0,0,5.0,1
529,530.0,1,0,1,1,56.0,52.0,5,0,3,44.0,73.0,2.0,0,2.0,4
530,531.0,1,1,1,0,28.0,23.0,10,0,0,18.0,69.0,20.0,0,2.0,4
531,532.0,0,1,1,3,28.0,22.0,17,1,4,34.0,50.0,32.0,0,4.0,1
532,533.0,1,0,1,0,58.0,62.0,2,0,3,54.0,171.0,7.0,0,0.0,0
533,534.0,1,0,0,0,32.0,37.0,19,0,2,18.0,58.0,34.0,0,1.0,4
534,535.0,0,0,0,3,31.0,69.0,5,0,0,14.0,63.0,19.0,0,1.0,0
535,536.0,1,0,1,3,60.0,78.0,10,0,3,61.0,183.0,4.0,0,0.0,4
536,537.0,0,0,0,3,50.0,52.0,46,0,1,33.0,87.0,19.0,1,8.0,2
537,538.0,1,0,0,3,35.0,57.0,6,1,0,15.0,56.0,41.0,0,0.0,4
538,539.0,1,0,1,3,27.0,59.0,8,0,0,19.0,76.0,12.0,0,1.0,0
539,540.0,0,0,0,3,26.0,34.0,29,0,0,17.0,54.0,31.0,0,0.0,4
540,541.0,1,0,1,3,27.0,50.0,48,1,2,23.0,57.0,24.0,0,0.0,4
541,542.0,0,0,1,3,33.0,36.0,31,0,2,18.0,31.0,19.0,0,1.0,4
542,543.0,0,0,0,3,48.0,34.0,8,0,1,39.0,133.0,17.0,1,5.0,2
543,544.0,1,0,1,3,24.0,76.0,7,1,2,19.0,41.0,10.0,0,1.0,4
544,545.0,0,1,1,3,27.0,33.0,41,0,0,15.0,20.0,37.0,0,2.0,4
545,546.0,1,0,1,2,49.0,56.0,8,0,1,36.0,146.0,33.0,1,10.0,2
546,547.0,0,0,0,3,34.0,41.0,37,1,2,17.0,35.0,29.0,0,1.0,4
547,548.0,1,0,1,3,34.0,56.0,11,1,2,16.0,46.0,35.0,0,1.0,0
548,549.0,1,0,0,1,49.0,69.0,28,0,1,47.0,178.0,31.0,1,3.0,2
549,550.0,0,0,1,3,31.0,51.0,46,1,2,16.0,41.0,6.0,0,1.0,3
550,551.0,1,1,1,0,26.0,77.0,8,1,2,16.0,64.0,2.0,0,1.0,0
551,552.0,0,1,1,0,30.0,30.0,36,1,2,34.0,90.0,6.0,0,5.0,1
552,553.0,0,0,0,1,33.0,28.0,20,1,0,18.0,68.0,41.0,0,0.0,4
553,554.0,1,0,0,3,31.0,40.0,42,1,0,17.0,66.0,35.0,0,1.0,4
554,555.0,0,0,1,3,45.0,72.0,5,0,1,44.0,125.0,17.0,1,0.0,2
555,556.0,0,1,1,2,26.0,22.0,30,1,0,37.0,44.0,45.0,0,4.0,1
556,557.0,0,1,1,1,35.0,18.0,8,1,0,35.0,84.0,27.0,0,0.0,1
557,558.0,0,0,1,1,48.0,50.0,7,0,1,43.0,119.0,36.0,1,11.0,2
558,559.0,1,1,1,3,28.0,21.0,11,1,4,35.0,76.0,32.0,0,4.0,1
559,560.0,0,0,1,0,56.0,69.0,4,0,3,47.0,88.0,4.0,0,1.0,3
560,561.0,0,0,1,3,30.0,48.0,10,1,0,22.0,95.0,8.0,0,1.0,0
561,562.0,1,0,1,0,57.0,61.0,9,0,3,69.0,192.0,12.0,0,1.0,4
562,563.0,0,1,0,3,28.0,55.0,20,0,0,15.0,69.0,31.0,0,1.0,4
563,564.0,0,0,1,3,27.0,75.0,27,1,0,16.0,43.0,43.0,0,2.0,4
564,565.0,1,1,1,3,54.0,64.0,4,1,3,26.0,107.0,13.0,0,2.0,0
565,566.0,1,0,1,3,30.0,68.0,10,0,0,21.0,56.0,3.0,0,2.0,0
566,567.0,0,0,1,3,32.0,29.0,34,1,2,32.0,137.0,20.0,0,3.0,1
567,568.0,0,0,1,0,58.0,35.0,18,0,3,45.0,183.0,7.0,0,1.0,0
568,569.0,1,0,1,2,48.0,28.0,10,0,1,51.0,132.0,27.0,1,6.0,2
569,570.0,0,0,0,3,36.0,42.0,7,0,2,15.0,30.0,11.0,0,1.0,3
570,571.0,1,1,1,1,56.0,75.0,37,1,3,55.0,231.0,2.0,0,1.0,3
571,572.0,0,0,1,3,29.0,80.0,20,1,2,18.0,87.0,5.0,0,2.0,0
572,573.0,0,0,0,3,23.0,44.0,39,0,2,18.0,43.0,25.0,0,0.0,3
573,574.0,1,0,0,3,27.0,48.0,6,1,0,14.0,53.0,41.0,0,2.0,3
574,575.0,0,0,1,3,27.0,78.0,32,1,0,10.0,29.0,18.0,0,1.0,4
575,576.0,0,0,0,3,53.0,49.0,5,0,1,38.0,166.0,14.0,1,5.0,2
576,577.0,0,1,1,1,31.0,23.0,16,1,4,35.0,144.0,41.0,0,4.0,1
577,578.0,1,0,0,1,49.0,65.0,11,0,1,40.0,71.0,35.0,1,11.0,2
578,579.0,0,0,0,3,31.0,35.0,41,0,2,14.0,63.0,37.0,0,1.0,4
579,580.0,1,0,1,1,54.0,52.0,10,0,1,39.0,194.0,27.0,1,4.0,2
580,581.0,0,0,0,3,29.0,31.0,46,0,0,10.0,32.0,17.0,0,2.0,0
581,582.0,1,0,1,3,31.0,32.0,46,1,0,15.0,69.0,37.0,0,1.0,4
582,583.0,0,0,1,0,30.0,66.0,29,0,2,18.0,62.0,34.0,0,1.0,4
583,584.0,1,0,1,3,54.0,68.0,4,0,1,43.0,74.0,31.0,1,4.0,2
584,585.0,0,0,0,1,31.0,62.0,5,1,0,13.0,25.0,35.0,0,1.0,0
585,586.0,0,1,1,0,30.0,45.0,8,0,0,13.0,35.0,32.0,0,1.0,3
586,587.0,0,0,1,1,52.0,73.0,2,0,1,42.0,169.0,19.0,1,10.0,2
587,588.0,0,0,1,0,54.0,69.0,4,0,3,60.0,260.0,3.0,0,0.0,3
588,589.0,1,0,0,3,33.0,58.0,36,1,2,15.0,63.0,47.0,0,1.0,0
589,590.0,0,0,1,1,51.0,27.0,12,0,1,41.0,97.0,28.0,1,12.0,2
590,591.0,1,0,0,3,45.0,78.0,19,0,1,44.0,141.0,24.0,1,5.0,2
591,592.0,0,1,1,3,31.0,21.0,39,1,0,33.0,48.0,12.0,0,4.0,1
592,593.0,1,1,0,3,30.0,49.0,44,1,0,13.0,20.0,36.0,0,1.0,0
593,594.0,1,0,0,3,26.0,69.0,29,0,0,18.0,30.0,17.0,0,0.0,3
594,595.0,0,1,0,3,30.0,46.0,8,1,2,18.0,68.0,37.0,0,2.0,4
595,596.0,1,0,1,3,27.0,76.0,9,0,0,14.0,43.0,23.0,0,1.0,4
596,597.0,1,0,1,0,59.0,70.0,19,0,3,66.0,122.0,12.0,0,1.0,0
597,598.0,0,1,1,2,50.0,32.0,17,1,1,40.0,122.0,31.0,1,3.0,2
598,599.0,0,0,1,1,33.0,42.0,7,0,0,19.0,32.0,26.0,0,2.0,0
599,600.0,0,0,0,3,32.0,67.0,10,1,2,16.0,22.0,5.0,0,1.0,0
600,601.0,0,0,1,3,33.0,67.0,46,1,2,15.0,67.0,8.0,0,0.0,4
601,602.0,1,0,1,0,29.0,64.0,8,0,0,14.0,47.0,46.0,0,1.0,3
602,603.0,0,1,1,0,30.0,24.0,49,1,0,34.0,161.0,42.0,0,2.0,1
603,604.0,1,0,1,3,33.0,63.0,41,1,2,15.0,58.0,6.0,0,1.0,0
604,605.0,0,0,0,3,32.0,38.0,19,0,0,15.0,51.0,15.0,0,1.0,3
605,606.0,0,0,1,0,28.0,69.0,44,1,2,17.0,73.0,34.0,0,0.0,3
606,607.0,0,0,0,3,37.0,25.0,12,0,0,12.0,55.0,36.0,0,1.0,4
607,608.0,0,0,0,3,28.0,53.0,28,0,2,17.0,85.0,7.0,0,1.0,0
608,609.0,0,1,1,0,33.0,21.0,2,1,4,32.0,36.0,21.0,0,2.0,1
609,610.0,1,0,1,0,62.0,80.0,2,0,3,55.0,247.0,10.0,0,1.0,3
610,611.0,0,0,0,3,46.0,66.0,10,0,1,34.0,119.0,31.0,1,2.0,2
611,612.0,1,0,1,1,48.0,22.0,44,0,3,49.0,244.0,3.0,0,1.0,0
612,613.0,0,0,1,3,28.0,37.0,4,0,2,19.0,61.0,44.0,0,0.0,3
613,614.0,1,1,0,0,28.0,43.0,6,0,2,13.0,39.0,39.0,0,1.0,0
614,615.0,1,0,1,0,63.0,80.0,8,0,3,77.0,326.0,8.0,0,1.0,3
615,616.0,1,0,1,3,26.0,54.0,2,1,0,22.0,44.0,5.0,0,1.0,0
616,617.0,0,0,0,3,36.0,53.0,21,0,0,18.0,55.0,47.0,0,0.0,0
617,618.0,1,0,1,3,30.0,66.0,10,0,2,13.0,60.0,25.0,0,1.0,3
618,619.0,0,0,0,3,33.0,54.0,11,0,2,14.0,47.0,42.0,0,2.0,4
619,620.0,0,0,1,0,56.0,29.0,2,0,3,51.0,225.0,15.0,0,0.0,0
620,621.0,1,1,1,3,34.0,74.0,11,0,2,18.0,72.0,10.0,0,2.0,3
621,622.0,0,1,1,3,56.0,59.0,32,1,3,83.0,281.0,1.0,0,1.0,3
622,623.0,1,0,1,0,54.0,44.0,44,0,3,60.0,124.0,7.0,0,1.0,0
623,624.0,1,0,0,3,29.0,52.0,12,0,0,16.0,60.0,8.0,0,0.0,0
624,625.0,1,0,0,3,27.0,63.0,2,1,0,15.0,22.0,45.0,0,1.0,0
625,626.0,1,0,0,0,36.0,48.0,11,0,2,17.0,61.0,36.0,0,1.0,4
626,627.0,0,0,0,3,51.0,34.0,6,0,1,37.0,137.0,21.0,1,3.0,2
627,628.0,1,0,1,3,30.0,39.0,46,1,0,11.0,44.0,22.0,0,2.0,0
628,629.0,0,1,1,1,55.0,60.0,5,1,3,80.0,366.0,1.0,0,2.0,3
629,630.0,1,1,1,3,34.0,28.0,10,1,0,17.0,84.0,10.0,0,1.0,0
630,631.0,1,0,0,3,25.0,37.0,10,1,0,16.0,66.0,19.0,0,1.0,4
631,632.0,0,1,1,1,32.0,21.0,4,1,4,28.0,95.0,31.0,0,4.0,1
632,633.0,0,0,1,3,32.0,36.0,44,1,0,20.0,95.0,7.0,0,1.0,0
633,634.0,0,0,1,3,33.0,34.0,41,0,2,14.0,48.0,47.0,0,1.0,0
634,635.0,0,0,1,2,46.0,63.0,6,0,1,31.0,37.0,22.0,1,9.0,2
635,636.0,0,1,1,0,31.0,20.0,2,1,0,35.0,55.0,38.0,0,2.0,1
636,637.0,1,0,1,3,60.0,79.0,37,0,3,73.0,326.0,13.0,0,0.0,4
637,638.0,1,0,0,0,32.0,42.0,21,0,2,21.0,63.0,13.0,0,2.0,4
638,639.0,0,1,0,3,31.0,44.0,27,1,0,15.0,66.0,37.0,0,2.0,3
639,640.0,0,0,1,0,51.0,63.0,44,0,3,45.0,87.0,15.0,0,0.0,3
640,641.0,0,1,1,2,34.0,24.0,5,1,2,28.0,92.0,33.0,0,2.0,1
641,642.0,1,0,0,3,29.0,79.0,36,0,2,18.0,65.0,42.0,0,2.0,4
642,643.0,1,1,1,1,52.0,25.0,7,1,3,67.0,83.0,6.0,0,2.0,0
643,644.0,1,0,1,0,52.0,37.0,46,0,3,64.0,224.0,8.0,0,2.0,0
644,645.0,1,0,1,3,35.0,42.0,27,0,0,18.0,46.0,22.0,0,1.0,4
645,646.0,1,0,1,0,53.0,39.0,18,0,1,45.0,59.0,40.0,1,4.0,2
646,647.0,0,0,1,1,46.0,51.0,5,0,1,34.0,103.0,16.0,1,9.0,2
647,648.0,1,0,1,2,48.0,22.0,20,0,3,43.0,80.0,2.0,0,2.0,0
648,649.0,1,0,0,3,44.0,48.0,29,0,1,45.0,72.0,20.0,1,14.0,2
649,650.0,1,0,1,3,33.0,68.0,7,1,0,17.0,33.0,12.0,0,0.0,0
650,651.0,1,0,1,1,52.0,63.0,4,0,1,40.0,67.0,31.0,1,10.0,2
651,652.0,1,0,0,3,31.0,48.0,44,0,0,16.0,30.0,27.0,0,1.0,4
652,653.0,0,0,1,0,43.0,61.0,10,0,1,59.0,75.0,14.0,1,6.0,2
653,654.0,1,0,0,3,26.0,30.0,12,1,2,15.0,54.0,40.0,0,1.0,3
654,655.0,0,0,1,2,28.0,25.0,42,1,4,33.0,73.0,42.0,0,0.0,1
655,656.0,1,1,1,3,32.0,53.0,8,0,0,18.0,58.0,45.0,0,2.0,3
656,657.0,1,0,1,0,30.0,31.0,41,1,0,15.0,58.0,29.0,0,1.0,4
657,658.0,0,1,1,1,27.0,21.0,29,1,0,32.0,98.0,46.0,0,4.0,1
658,659.0,0,0,0,3,24.0,59.0,46,1,0,14.0,45.0,2.0,0,1.0,4
659,660.0,1,0,1,3,30.0,54.0,27,0,2,18.0,52.0,33.0,0,0.0,0
660,661.0,1,0,1,3,31.0,75.0,2,0,2,21.0,34.0,39.0,0,1.0,3
661,662.0,1,0,0,3,47.0,55.0,9,0,1,30.0,91.0,25.0,1,0.0,2
662,663.0,1,0,1,0,52.0,37.0,27,0,3,43.0,191.0,5.0,0,1.0,0
663,664.0,0,0,0,0,32.0,67.0,4,0,0,16.0,73.0,5.0,0,0.0,4
664,665.0,1,0,1,1,49.0,58.0,31,0,1,44.0,95.0,23.0,1,8.0,2
665,666.0,1,0,1,1,48.0,35.0,44,0,1,31.0,60.0,24.0,1,11.0,2
666,667.0,1,1,0,3,35.0,64.0,20,0,0,16.0,53.0,12.0,0,1.0,3
667,668.0,1,0,0,0,28.0,77.0,46,0,2,15.0,54.0,36.0,0,1.0,0
668,669.0,0,0,0,3,27.0,51.0,38,1,0,11.0,30.0,16.0,0,1.0,0
669,670.0,0,0,0,0,45.0,46.0,38,0,1,42.0,80.0,43.0,1,13.0,2
670,671.0,1,0,1,0,56.0,56.0,20,0,3,52.0,250.0,6.0,0,1.0,4
671,672.0,1,0,1,3,34.0,47.0,7,1,2,11.0,16.0,27.0,0,0.0,0
672,673.0,1,0,1,3,26.0,76.0,10,1,0,9.0,14.0,4.0,0,2.0,3
673,674.0,1,0,1,0,39.0,32.0,46,0,2,19.0,32.0,2.0,0,0.0,3
674,675.0,1,0,1,0,60.0,76.0,7,0,3,55.0,97.0,12.0,0,2.0,4
675,676.0,0,0,1,2,48.0,76.0,37,0,1,32.0,113.0,26.0,1,13.0,2
676,677.0,1,0,0,3,32.0,34.0,1,0,2,21.0,71.0,27.0,0,1.0,3
677,678.0,1,0,0,3,32.0,36.0,9,0,0,20.0,27.0,3.0,0,2.0,4
678,679.0,1,1,1,1,24.0,23.0,18,1,2,31.0,147.0,19.0,0,3.0,1
679,680.0,1,0,1,0,53.0,31.0,2,0,1,51.0,202.0,26.0,1,13.0,2
680,681.0,0,0,1,2,56.0,69.0,19,0,3,23.0,92.0,7.0,0,1.0,3
681,682.0,0,0,0,2,30.0,34.0,2,0,0,19.0,26.0,19.0,0,0.0,0
682,683.0,0,0,0,3,30.0,26.0,37,0,0,19.0,85.0,26.0,0,2.0,3
683,684.0,1,0,1,0,54.0,45.0,20,0,3,65.0,309.0,10.0,0,0.0,4
684,685.0,0,0,0,3,22.0,30.0,18,1,0,14.0,70.0,15.0,0,2.0,0
685,686.0,1,1,0,2,45.0,61.0,43,1,1,38.0,170.0,48.0,1,11.0,2
686,687.0,0,0,1,3,27.0,68.0,27,0,0,19.0,80.0,32.0,0,0.0,0
687,688.0,0,1,1,3,26.0,40.0,28,0,2,14.0,44.0,44.0,0,0.0,0
688,689.0,1,0,1,3,27.0,26.0,12,1,0,14.0,26.0,21.0,0,2.0,3
689,690.0,0,0,0,0,28.0,53.0,31,1,0,19.0,51.0,43.0,0,2.0,4
690,691.0,1,1,1,0,29.0,27.0,20,1,0,35.0,57.0,10.0,0,0.0,1
691,692.0,1,0,0,3,25.0,36.0,5,1,0,14.0,18.0,20.0,0,2.0,4
692,693.0,0,1,1,1,45.0,80.0,15,1,1,50.0,239.0,39.0,1,3.0,2
693,694.0,1,0,0,3,31.0,33.0,37,1,2,10.0,23.0,4.0,0,1.0,4
694,695.0,1,0,1,3,32.0,80.0,11,0,0,20.0,46.0,23.0,0,1.0,4
695,696.0,0,1,1,2,29.0,26.0,31,1,0,32.0,77.0,16.0,0,1.0,1
696,697.0,0,0,0,3,30.0,42.0,27,0,0,15.0,44.0,4.0,0,2.0,4
697,698.0,1,0,1,3,26.0,70.0,40,0,0,15.0,55.0,42.0,0,1.0,0
698,699.0,1,0,0,0,31.0,29.0,20,0,0,17.0,21.0,45.0,0,0.0,4
699,700.0,1,0,1,0,53.0,41.0,10,0,3,81.0,356.0,11.0,0,1.0,3
700,701.0,1,0,1,3,32.0,41.0,5,0,0,19.0,63.0,16.0,0,1.0,4
701,702.0,1,1,1,2,57.0,61.0,18,1,3,43.0,191.0,3.0,0,2.0,0
702,703.0,0,0,0,3,28.0,41.0,18,0,2,22.0,55.0,5.0,0,1.0,4
703,704.0,0,0,1,3,30.0,48.0,11,1,2,16.0,46.0,36.0,0,0.0,4
704,705.0,1,0,1,0,55.0,52.0,44,0,3,64.0,84.0,11.0,0,0.0,0
705,706.0,1,0,0,3,26.0,79.0,38,1,2,19.0,35.0,41.0,0,1.0,3
706,707.0,0,1,1,3,28.0,70.0,37,0,0,17.0,63.0,35.0,0,1.0,4
707,708.0,0,1,1,3,34.0,20.0,46,1,0,29.0,70.0,36.0,0,6.0,1
708,709.0,0,0,1,3,32.0,30.0,27,1,2,21.0,97.0,38.0,0,0.0,4
709,710.0,0,0,1,2,50.0,72.0,27,0,1,42.0,66.0,14.0,1,0.0,2
710,711.0,1,0,1,0,56.0,58.0,38,0,3,67.0,332.0,11.0,0,1.0,3
711,712.0,1,0,1,3,34.0,69.0,37,1,0,17.0,55.0,4.0,0,0.0,3
712,713.0,1,0,1,1,33.0,30.0,35,1,0,36.0,139.0,4.0,0,2.0,1
713,714.0,0,0,1,3,31.0,35.0,28,0,2,13.0,65.0,23.0,0,0.0,3
714,715.0,0,0,1,3,29.0,25.0,38,1,0,18.0,41.0,25.0,0,1.0,3
715,716.0,0,0,0,3,31.0,69.0,6,0,0,10.0,28.0,45.0,0,0.0,3
716,717.0,1,0,0,3,30.0,44.0,29,0,2,16.0,47.0,21.0,0,1.0,3
717,718.0,0,1,1,3,33.0,27.0,25,1,4,34.0,139.0,19.0,0,3.0,1
718,719.0,1,0,0,3,26.0,74.0,11,1,2,27.0,116.0,33.0,0,2.0,0
719,720.0,0,1,0,0,30.0,37.0,7,1,2,17.0,26.0,27.0,0,0.0,3
720,721.0,0,0,0,3,28.0,55.0,9,0,0,16.0,29.0,47.0,0,1.0,4
721,722.0,0,0,1,3,41.0,80.0,7,0,1,30.0,76.0,37.0,1,11.0,2
722,723.0,0,0,0,3,35.0,32.0,7,0,2,17.0,23.0,5.0,0,1.0,4
723,724.0,1,0,0,2,41.0,32.0,29,0,1,41.0,129.0,25.0,1,2.0,2
724,725.0,0,0,0,3,30.0,58.0,20,1,2,20.0,49.0,29.0,0,2.0,3
725,726.0,1,1,0,3,31.0,60.0,10,0,2,13.0,24.0,22.0,0,0.0,3
726,727.0,1,0,1,3,31.0,76.0,44,1,2,19.0,37.0,46.0,0,0.0,0
727,728.0,1,0,1,3,35.0,44.0,10,1,0,15.0,70.0,42.0,0,1.0,3
728,729.0,0,1,1,3,29.0,26.0,48,1,0,32.0,120.0,26.0,0,2.0,1
729,730.0,0,0,1,0,37.0,79.0,29,1,2,15.0,44.0,2.0,0,1.0,0
730,731.0,0,0,0,0,28.0,67.0,7,0,0,23.0,108.0,24.0,0,1.0,0
731,732.0,1,0,1,2,52.0,36.0,6,0,3,61.0,92.0,4.0,0,0.0,4
732,733.0,0,0,1,0,49.0,44.0,20,0,1,48.0,193.0,37.0,1,1.0,2
733,734.0,1,0,1,1,49.0,67.0,27,0,1,37.0,147.0,47.0,1,0.0,2
734,735.0,0,0,1,1,49.0,28.0,10,0,1,46.0,152.0,40.0,1,4.0,2
735,736.0,1,0,0,0,36.0,40.0,19,1,2,17.0,31.0,47.0,0,1.0,4
736,737.0,0,1,1,1,30.0,28.0,43,1,2,34.0,117.0,5.0,0,3.0,1
737,738.0,0,1,0,3,25.0,52.0,12,1,2,17.0,39.0,41.0,0,0.0,4
738,739.0,0,0,0,2,47.0,42.0,12,0,1,44.0,72.0,22.0,1,6.0,2
739,740.0,0,0,1,0,58.0,69.0,28,0,3,31.0,60.0,4.0,0,0.0,3
740,741.0,1,0,1,2,53.0,72.0,37,0,1,36.0,166.0,38.0,1,4.0,2
741,742.0,0,1,0,3,30.0,28.0,5,0,0,7.0,10.0,9.0,0,1.0,0
742,743.0,1,0,1,2,56.0,59.0,29,0,3,72.0,148.0,7.0,0,1.0,4
743,744.0,1,1,1,2,27.0,18.0,20,1,0,35.0,46.0,17.0,0,5.0,1
744,745.0,0,0,1,3,46.0,40.0,4,0,1,36.0,102.0,32.0,1,5.0,2
745,746.0,1,0,1,0,31.0,21.0,47,1,0,33.0,39.0,29.0,0,2.0,1
746,747.0,1,0,1,3,53.0,33.0,2,0,1,49.0,226.0,31.0,1,3.0,2
747,748.0,1,0,1,2,47.0,22.0,20,0,3,42.0,79.0,2.0,0,2.0,4
748,749.0,0,0,1,3,48.0,67.0,10,0,1,48.0,71.0,36.0,1,3.0,2
749,750.0,1,0,0,0,35.0,45.0,41,1,0,18.0,42.0,25.0,0,0.0,0
750,751.0,0,0,1,0,22.0,51.0,28,0,2,20.0,58.0,39.0,0,1.0,0
751,752.0,1,0,1,2,51.0,62.0,10,0,1,35.0,53.0,43.0,1,8.0,2
752,753.0,0,0,1,3,30.0,25.0,12,0,2,12.0,60.0,5.0,0,2.0,4
753,754.0,0,0,1,3,26.0,29.0,27,1,2,17.0,41.0,22.0,0,1.0,0
754,755.0,1,0,1,0,51.0,56.0,4,0,1,41.0,93.0,40.0,1,5.0,2
755,756.0,0,0,1,2,44.0,60.0,10,0,1,32.0,43.0,41.0,1,6.0,2
756,757.0,0,0,1,3,31.0,23.0,46,0,0,16.0,37.0,45.0,0,0.0,0
757,758.0,0,0,0,2,31.0,36.0,13,0,0,15.0,20.0,40.0,0,2.0,0
758,759.0,1,0,0,2,50.0,49.0,18,0,1,54.0,166.0,27.0,1,1.0,2
759,760.0,1,0,1,0,28.0,27.0,10,0,0,19.0,78.0,10.0,0,1.0,4
760,761.0,1,1,1,0,30.0,30.0,37,1,2,31.0,111.0,44.0,0,4.0,1
761,762.0,1,1,1,2,28.0,20.0,32,1,2,35.0,51.0,43.0,0,0.0,1
762,763.0,0,0,0,2,45.0,51.0,46,0,1,55.0,78.0,37.0,1,6.0,2
763,764.0,0,0,0,0,48.0,55.0,2,0,1,35.0,145.0,13.0,1,4.0,2
764,765.0,1,0,0,0,28.0,65.0,10,1,0,17.0,79.0,48.0,0,1.0,3
765,766.0,1,0,0,3,25.0,75.0,37,1,2,14.0,45.0,20.0,0,2.0,3
766,767.0,0,0,1,3,32.0,28.0,46,1,0,16.0,25.0,41.0,0,1.0,0
767,768.0,1,0,0,3,25.0,40.0,9,1,2,24.0,104.0,8.0,0,2.0,0
768,769.0,0,0,0,1,45.0,36.0,20,0,1,52.0,126.0,24.0,1,14.0,2
769,770.0,0,0,1,0,48.0,39.0,27,0,1,36.0,81.0,41.0,1,0.0,2
770,771.0,1,1,1,3,33.0,60.0,37,0,0,10.0,41.0,5.0,0,0.0,3
771,772.0,0,0,1,3,29.0,26.0,4,0,2,18.0,21.0,27.0,0,1.0,3
772,773.0,0,1,1,0,54.0,51.0,24,1,3,54.0,70.0,15.0,0,0.0,4
773,774.0,0,0,0,3,34.0,33.0,18,0,2,19.0,71.0,44.0,0,0.0,4
774,775.0,1,0,1,0,47.0,22.0,11,0,3,62.0,215.0,9.0,0,1.0,0
775,776.0,1,0,1,0,56.0,54.0,44,0,3,60.0,190.0,9.0,0,0.0,4
776,777.0,0,1,0,3,34.0,65.0,6,0,2,13.0,52.0,17.0,0,0.0,4
777,778.0,1,1,1,3,49.0,37.0,43,1,1,37.0,143.0,20.0,1,2.0,2
778,779.0,1,0,0,1,30.0,59.0,9,0,2,19.0,79.0,25.0,0,1.0,3
779,780.0,1,0,0,2,48.0,65.0,2,0,1,52.0,116.0,22.0,1,3.0,2
780,781.0,1,1,1,3,35.0,40.0,8,0,2,21.0,80.0,12.0,0,1.0,3
781,782.0,1,0,0,2,44.0,71.0,27,0,1,36.0,118.0,43.0,1,5.0,2
782,783.0,0,0,1,3,30.0,80.0,41,1,2,20.0,53.0,19.0,0,2.0,3
783,784.0,1,0,1,0,57.0,61.0,7,0,3,60.0,81.0,13.0,0,2.0,3
784,785.0,0,1,1,2,24.0,20.0,1,1,0,31.0,129.0,7.0,0,4.0,1
785,786.0,1,0,1,1,50.0,26.0,9,0,3,49.0,119.0,15.0,0,0.0,0
786,787.0,0,0,1,3,56.0,38.0,20,0,3,46.0,160.0,9.0,0,1.0,4
787,788.0,0,0,1,1,30.0,52.0,37,1,2,16.0,64.0,4.0,0,2.0,4
788,789.0,1,0,0,3,27.0,37.0,38,1,0,21.0,32.0,1.0,0,1.0,4
789,790.0,1,1,1,1,26.0,26.0,13,1,4,37.0,60.0,5.0,0,4.0,1
790,791.0,0,1,1,1,56.0,57.0,36,1,3,27.0,88.0,1.0,0,2.0,3
791,792.0,1,0,1,3,30.0,70.0,18,1,2,18.0,54.0,41.0,0,2.0,0
792,793.0,0,0,1,0,53.0,40.0,31,0,1,46.0,211.0,13.0,1,7.0,2
793,794.0,1,0,1,2,60.0,75.0,41,0,3,45.0,190.0,9.0,0,1.0,3
794,795.0,0,1,1,2,32.0,20.0,45,1,2,31.0,123.0,21.0,0,2.0,1
795,796.0,0,0,0,3,31.0,51.0,8,0,2,11.0,15.0,10.0,0,2.0,0
796,797.0,0,1,1,3,26.0,39.0,33,1,0,18.0,25.0,25.0,0,1.0,4
797,798.0,1,1,1,0,55.0,72.0,4,1,3,59.0,86.0,15.0,0,2.0,3
798,799.0,1,0,0,3,29.0,55.0,6,1,0,20.0,85.0,15.0,0,1.0,3
799,800.0,1,1,1,2,35.0,25.0,46,1,4,35.0,168.0,41.0,0,6.0,1
800,801.0,1,0,1,3,52.0,30.0,4,0,3,43.0,162.0,2.0,0,1.0,0
801,802.0,1,1,1,2,31.0,22.0,24,1,2,34.0,55.0,9.0,0,4.0,1
802,803.0,1,0,1,2,49.0,58.0,38,0,1,39.0,153.0,32.0,1,2.0,2
803,804.0,1,0,0,3,28.0,64.0,4,1,2,16.0,25.0,6.0,0,1.0,3
804,805.0,0,0,1,0,32.0,46.0,18,0,2,19.0,30.0,35.0,0,1.0,0
805,806.0,1,1,1,1,30.0,21.0,13,1,2,34.0,123.0,5.0,0,4.0,1
806,807.0,0,1,1,3,27.0,23.0,7,1,2,31.0,74.0,41.0,0,0.0,1
807,808.0,1,1,1,0,52.0,50.0,37,1,3,64.0,234.0,3.0,0,1.0,0
808,809.0,1,0,0,0,30.0,66.0,19,0,0,13.0,53.0,23.0,0,1.0,0
809,810.0,0,1,1,2,28.0,20.0,18,1,4,33.0,112.0,10.0,0,0.0,1
810,811.0,1,0,1,3,28.0,80.0,46,0,2,15.0,60.0,9.0,0,0.0,4
811,812.0,1,0,1,2,46.0,56.0,9,0,1,44.0,89.0,33.0,1,4.0,2
812,813.0,1,0,0,2,45.0,32.0,11,0,1,40.0,159.0,30.0,1,12.0,2
813,814.0,1,0,1,2,27.0,23.0,40,1,2,34.0,167.0,24.0,0,4.0,1
814,815.0,1,0,1,0,56.0,53.0,46,0,3,48.0,216.0,4.0,0,1.0,4
815,816.0,0,0,0,3,27.0,76.0,2,1,0,25.0,36.0,4.0,0,2.0,4
816,817.0,1,0,1,2,26.0,60.0,5,1,2,27.0,69.0,39.0,0,1.0,4
817,818.0,1,0,0,3,31.0,64.0,27,0,2,15.0,39.0,48.0,0,2.0,4
818,819.0,1,0,0,3,30.0,58.0,7,0,2,21.0,80.0,46.0,0,2.0,0
819,820.0,1,0,1,3,32.0,64.0,1,0,2,16.0,55.0,23.0,0,1.0,0
820,821.0,1,0,0,3,31.0,77.0,44,0,2,21.0,88.0,48.0,0,2.0,4
821,822.0,1,1,0,1,34.0,62.0,18,0,0,17.0,44.0,2.0,0,1.0,0
822,823.0,1,1,0,3,30.0,75.0,46,0,2,12.0,23.0,4.0,0,2.0,4
823,824.0,1,1,1,3,26.0,41.0,6,0,0,20.0,29.0,33.0,0,2.0,3
824,825.0,1,0,1,2,48.0,31.0,8,0,1,39.0,161.0,28.0,1,2.0,2
825,826.0,0,0,1,3,30.0,29.0,6,0,0,19.0,37.0,33.0,0,0.0,0
826,827.0,1,0,1,1,63.0,80.0,6,0,3,65.0,170.0,1.0,0,1.0,0
827,828.0,1,0,1,1,47.0,39.0,18,0,1,36.0,118.0,47.0,1,9.0,2
828,829.0,1,0,0,1,52.0,43.0,4,0,1,48.0,96.0,18.0,1,10.0,2
829,830.0,0,0,1,2,46.0,31.0,8,0,1,48.0,173.0,12.0,1,3.0,2
830,831.0,1,0,1,2,51.0,77.0,18,0,1,39.0,117.0,21.0,1,1.0,2
831,832.0,1,0,1,0,55.0,51.0,46,0,3,70.0,119.0,13.0,0,0.0,0
832,833.0,1,1,1,0,27.0,24.0,43,1,2,36.0,150.0,4.0,0,2.0,1
833,834.0,0,1,1,0,29.0,27.0,9,1,4,35.0,53.0,26.0,0,5.0,1
834,835.0,1,1,1,2,54.0,47.0,9,1,3,46.0,104.0,15.0,0,1.0,0
835,836.0,0,1,1,0,28.0,69.0,6,0,2,19.0,39.0,19.0,0,1.0,3
836,837.0,1,1,1,0,50.0,76.0,19,1,3,57.0,181.0,12.0,0,1.0,0
837,838.0,1,0,1,3,29.0,36.0,11,0,0,21.0,31.0,12.0,0,2.0,4
838,839.0,1,0,1,0,58.0,63.0,31,0,3,62.0,167.0,9.0,0,1.0,4
839,840.0,0,0,1,3,30.0,58.0,29,1,0,17.0,26.0,45.0,0,2.0,3
840,841.0,1,1,1,3,30.0,52.0,31,1,2,18.0,28.0,6.0,0,1.0,4
841,842.0,0,1,0,3,32.0,51.0,31,1,2,16.0,67.0,25.0,0,1.0,4
842,843.0,0,0,0,0,27.0,72.0,37,1,2,12.0,27.0,1.0,0,2.0,3
843,844.0,1,0,1,3,30.0,75.0,11,0,2,13.0,45.0,36.0,0,2.0,0
844,845.0,0,1,1,2,45.0,43.0,43,1,1,38.0,185.0,35.0,1,13.0,2
845,846.0,1,0,1,1,31.0,18.0,21,1,4,37.0,104.0,48.0,0,0.0,1
846,847.0,1,0,0,1,49.0,49.0,41,0,1,47.0,180.0,18.0,1,7.0,2
847,848.0,1,0,0,3,31.0,39.0,31,1,0,19.0,78.0,33.0,0,0.0,0
848,849.0,1,0,1,0,54.0,44.0,29,0,3,62.0,173.0,11.0,0,1.0,0
849,850.0,0,0,1,3,32.0,28.0,36,0,2,18.0,66.0,17.0,0,1.0,3
850,851.0,1,0,1,1,42.0,53.0,38,0,1,43.0,66.0,42.0,1,3.0,2
851,852.0,1,0,0,2,47.0,67.0,12,0,1,40.0,190.0,30.0,1,14.0,2
852,853.0,1,0,0,3,24.0,72.0,47,1,2,14.0,26.0,41.0,0,0.0,4
853,854.0,1,0,0,3,35.0,54.0,18,1,0,15.0,33.0,21.0,0,2.0,3
854,855.0,1,0,1,0,32.0,38.0,19,1,0,16.0,68.0,32.0,0,1.0,3
855,856.0,0,0,1,3,28.0,76.0,28,1,2,14.0,43.0,41.0,0,0.0,3
856,857.0,1,0,0,3,31.0,34.0,37,1,0,18.0,74.0,45.0,0,2.0,3
857,858.0,0,1,1,1,32.0,23.0,15,1,2,33.0,88.0,23.0,0,0.0,1
858,859.0,1,0,1,1,47.0,22.0,46,0,3,35.0,76.0,12.0,0,2.0,0
859,860.0,1,0,0,3,29.0,54.0,19,1,0,15.0,19.0,30.0,0,1.0,3
860,861.0,1,0,1,0,26.0,54.0,18,0,2,13.0,49.0,10.0,0,1.0,4
861,862.0,0,0,0,0,42.0,48.0,2,0,1,45.0,125.0,41.0,1,11.0,2
862,863.0,0,0,1,0,47.0,74.0,2,0,1,39.0,112.0,46.0,1,10.0,2
863,864.0,0,0,0,3,26.0,24.0,20,1,0,15.0,53.0,25.0,0,1.0,3
864,865.0,0,0,1,3,31.0,47.0,20,1,0,16.0,22.0,26.0,0,1.0,0
865,866.0,1,1,1,3,29.0,23.0,44,1,0,32.0,75.0,47.0,0,2.0,1
866,867.0,1,1,1,0,52.0,68.0,28,1,3,84.0,346.0,1.0,0,2.0,4
867,868.0,1,0,1,0,51.0,30.0,29,0,3,54.0,207.0,3.0,0,1.0,3
868,869.0,1,1,0,3,33.0,29.0,4,0,0,20.0,32.0,46.0,0,1.0,4
869,870.0,0,0,1,3,28.0,39.0,8,0,2,17.0,28.0,5.0,0,1.0,3
870,871.0,0,0,0,0,45.0,32.0,6,0,1,43.0,63.0,19.0,1,12.0,2
871,872.0,0,0,1,0,49.0,32.0,19,0,1,28.0,32.0,35.0,1,8.0,2
872,873.0,1,0,1,0,47.0,33.0,44,0,1,47.0,130.0,29.0,1,13.0,2
873,874.0,1,1,1,2,26.0,23.0,8,1,2,35.0,128.0,36.0,0,1.0,1
874,875.0,1,1,1,3,30.0,27.0,44,1,0,35.0,138.0,9.0,0,1.0,1
875,876.0,0,0,0,3,30.0,31.0,29,0,2,17.0,54.0,31.0,0,1.0,0
876,877.0,0,1,0,0,45.0,51.0,47,1,1,41.0,63.0,37.0,1,4.0,2
877,878.0,0,0,0,3,33.0,33.0,33,1,2,14.0,50.0,15.0,0,0.0,4
878,879.0,0,0,1,1,51.0,68.0,19,0,1,35.0,56.0,40.0,1,3.0,2
879,880.0,0,0,1,0,50.0,31.0,10,0,3,52.0,85.0,3.0,0,0.0,3
880,881.0,1,0,0,1,49.0,55.0,18,0,1,44.0,66.0,46.0,1,9.0,2
881,882.0,1,1,1,1,26.0,30.0,21,1,4,36.0,60.0,42.0,0,4.0,1
882,883.0,1,0,0,3,34.0,73.0,2,1,0,15.0,27.0,19.0,0,2.0,3
883,884.0,1,0,1,0,61.0,80.0,44,0,3,58.0,109.0,3.0,0,1.0,4
884,885.0,1,1,1,0,52.0,45.0,37,1,3,62.0,145.0,15.0,0,2.0,4
885,886.0,0,0,1,2,47.0,67.0,9,0,1,43.0,101.0,14.0,1,2.0,2
886,887.0,1,1,0,3,37.0,35.0,24,1,2,18.0,36.0,34.0,0,1.0,3
887,888.0,1,1,1,3,26.0,19.0,34,1,4,33.0,69.0,33.0,0,4.0,1
888,889.0,1,0,1,0,58.0,67.0,44,0,3,85.0,390.0,3.0,0,1.0,4
889,890.0,0,1,1,0,33.0,23.0,19,1,2,36.0,139.0,14.0,0,5.0,1
890,891.0,0,0,0,3,32.0,76.0,27,0,0,15.0,50.0,45.0,0,2.0,4
891,892.0,0,0,0,2,45.0,33.0,19,0,1,50.0,91.0,25.0,1,2.0,2
892,893.0,1,1,1,0,27.0,25.0,46,1,4,36.0,70.0,11.0,0,6.0,1
893,894.0,1,0,1,3,33.0,44.0,27,0,2,14.0,20.0,35.0,0,2.0,3
894,895.0,1,0,0,3,46.0,52.0,27,0,1,42.0,196.0,20.0,1,11.0,2
895,896.0,1,0,0,3,48.0,48.0,8,0,1,36.0,139.0,15.0,1,1.0,2
896,897.0,0,1,1,3,31.0,57.0,6,1,2,17.0,56.0,47.0,0,1.0,4
897,898.0,0,0,0,0,31.0,55.0,19,1,2,19.0,45.0,31.0,0,0.0,3
898,899.0,0,0,1,1,54.0,61.0,7,0,3,57.0,100.0,8.0,0,1.0,3
899,900.0,1,1,1,0,52.0,55.0,20,1,3,47.0,166.0,15.0,0,1.0,3
900,901.0,1,0,1,3,32.0,30.0,11,1,0,22.0,109.0,25.0,0,2.0,3
901,902.0,0,1,1,3,27.0,78.0,43,1,0,18.0,32.0,31.0,0,2.0,0
902,903.0,0,1,1,0,59.0,50.0,0,1,3,80.0,169.0,13.0,0,2.0,0
903,904.0,1,0,1,3,27.0,63.0,31,1,2,11.0,30.0,30.0,0,1.0,4
904,905.0,1,0,1,0,52.0,36.0,2,0,3,69.0,96.0,10.0,0,1.0,4
905,906.0,1,1,1,3,32.0,26.0,35,1,2,29.0,110.0,22.0,0,4.0,1
906,907.0,1,1,0,3,27.0,46.0,38,0,2,14.0,38.0,2.0,0,0.0,0
907,908.0,0,1,1,3,34.0,58.0,29,0,2,19.0,94.0,18.0,0,0.0,3
908,909.0,1,1,1,2,28.0,25.0,49,1,0,32.0,86.0,27.0,0,2.0,1
909,910.0,0,0,0,3,26.0,48.0,9,0,2,17.0,60.0,11.0,0,0.0,0
910,911.0,1,0,0,3,28.0,61.0,12,1,2,17.0,29.0,45.0,0,0.0,4
911,912.0,0,1,1,1,29.0,28.0,47,1,4,34.0,88.0,46.0,0,6.0,1
912,913.0,1,0,0,0,46.0,40.0,38,0,1,44.0,77.0,18.0,1,10.0,2
913,914.0,0,0,0,2,47.0,53.0,2,0,1,42.0,171.0,25.0,1,5.0,2
914,915.0,0,0,0,3,33.0,64.0,31,1,2,19.0,86.0,10.0,0,1.0,3
915,916.0,0,0,1,1,51.0,28.0,5,0,1,51.0,126.0,46.0,1,4.0,2
916,917.0,0,0,1,3,30.0,75.0,28,0,0,15.0,57.0,21.0,0,1.0,3
917,918.0,0,1,1,1,32.0,22.0,47,1,0,33.0,75.0,20.0,0,5.0,1
918,919.0,1,0,1,3,31.0,33.0,44,0,0,20.0,64.0,32.0,0,1.0,4
919,920.0,0,0,0,3,32.0,65.0,29,1,0,19.0,83.0,5.0,0,1.0,4
920,921.0,1,0,0,3,28.0,76.0,11,1,0,20.0,69.0,26.0,0,2.0,0
921,922.0,1,1,1,1,27.0,20.0,27,1,4,32.0,78.0,9.0,0,1.0,1
922,923.0,1,0,1,3,640.0,80.0,6,0,3,55.0,125.0,2.0,0,2.0,0
923,924.0,1,0,1,0,44.0,36.0,9,0,1,47.0,135.0,34.0,1,5.0,2
924,925.0,1,0,0,3,27.0,25.0,18,1,2,19.0,53.0,12.0,0,0.0,4
925,926.0,0,0,0,3,26.0,35.0,6,1,0,12.0,31.0,17.0,0,1.0,4
926,927.0,0,1,1,0,29.0,26.0,41,1,4,36.0,118.0,33.0,0,6.0,1
927,928.0,1,0,0,3,28.0,30.0,38,0,2,17.0,68.0,36.0,0,2.0,0
928,929.0,0,0,1,2,53.0,31.0,18,0,3,60.0,166.0,2.0,0,2.0,4
929,930.0,1,0,1,3,33.0,60.0,12,0,0,19.0,53.0,6.0,0,1.0,0
930,931.0,0,0,1,3,35.0,78.0,2,1,2,18.0,29.0,19.0,0,2.0,4
931,932.0,0,1,1,3,30.0,26.0,43,1,4,38.0,46.0,38.0,0,5.0,1
932,933.0,1,0,0,2,51.0,70.0,10,0,1,40.0,90.0,17.0,1,1.0,2
933,934.0,0,0,1,3,29.0,76.0,41,1,0,22.0,52.0,8.0,0,1.0,4
934,935.0,1,0,1,3,30.0,59.0,11,1,0,11.0,41.0,15.0,0,0.0,3
935,936.0,1,0,1,0,50.0,56.0,46,0,1,45.0,218.0,45.0,1,4.0,2
936,937.0,0,0,0,3,35.0,26.0,20,0,0,18.0,86.0,45.0,0,0.0,4
937,938.0,1,0,0,3,33.0,25.0,37,1,2,21.0,61.0,47.0,0,0.0,4
938,939.0,0,0,1,0,30.0,67.0,6,0,0,15.0,31.0,15.0,0,1.0,3
939,940.0,1,0,0,3,36.0,55.0,5,0,2,18.0,74.0,21.0,0,0.0,3
940,941.0,0,1,0,0,33.0,38.0,14,0,2,20.0,82.0,19.0,0,0.0,4
941,942.0,0,0,1,1,55.0,37.0,12,0,3,77.0,308.0,14.0,0,1.0,3
942,943.0,1,0,0,2,48.0,72.0,7,0,1,37.0,149.0,23.0,1,7.0,2
943,944.0,1,0,0,3,28.0,52.0,27,0,0,20.0,31.0,23.0,0,2.0,4
944,945.0,0,0,1,3,32.0,75.0,2,1,0,16.0,61.0,35.0,0,0.0,3
945,946.0,0,1,1,1,35.0,29.0,8,1,2,29.0,85.0,19.0,0,4.0,1
946,947.0,1,0,0,0,32.0,48.0,10,1,2,16.0,31.0,26.0,0,0.0,4
947,948.0,1,0,1,3,32.0,59.0,28,0,0,20.0,30.0,34.0,0,0.0,4
948,949.0,1,0,0,3,24.0,58.0,13,0,2,17.0,74.0,13.0,0,1.0,0
949,950.0,1,1,0,3,48.0,40.0,40,1,1,45.0,81.0,33.0,1,7.0,2
950,951.0,1,1,1,2,34.0,29.0,15,1,0,32.0,56.0,39.0,0,2.0,1
951,952.0,1,0,1,3,31.0,71.0,37,0,0,15.0,56.0,23.0,0,2.0,4
952,953.0,0,0,1,1,29.0,47.0,38,1,0,21.0,97.0,30.0,0,2.0,4
953,954.0,0,0,1,3,34.0,79.0,12,1,0,20.0,63.0,31.0,0,2.0,3
954,955.0,0,0,1,0,48.0,38.0,11,0,1,40.0,154.0,40.0,1,4.0,2
955,956.0,1,1,1,0,29.0,27.0,28,1,4,36.0,62.0,39.0,0,1.0,1
956,957.0,1,0,0,3,36.0,43.0,11,0,0,21.0,102.0,13.0,0,0.0,3
957,958.0,1,0,0,3,26.0,70.0,11,1,0,19.0,61.0,10.0,0,2.0,3
958,959.0,1,1,1,3,54.0,52.0,7,1,3,69.0,259.0,2.0,0,1.0,4
959,960.0,1,0,0,3,29.0,52.0,29,1,2,14.0,18.0,20.0,0,1.0,4
960,961.0,1,1,1,3,27.0,20.0,7,1,2,34.0,145.0,37.0,0,4.0,1
961,962.0,1,0,1,3,24.0,22.0,7,0,2,17.0,69.0,8.0,0,0.0,4
962,963.0,1,0,1,0,54.0,42.0,12,0,3,60.0,95.0,10.0,0,1.0,0
963,964.0,1,0,1,0,54.0,42.0,29,0,3,36.0,114.0,10.0,0,2.0,4
964,965.0,1,1,1,3,30.0,43.0,27,0,0,14.0,34.0,7.0,0,1.0,3
965,966.0,0,0,1,3,32.0,73.0,2,1,0,13.0,43.0,35.0,0,1.0,3
966,967.0,0,0,1,0,30.0,19.0,15,1,0,44.0,117.0,39.0,0,3.0,1
967,968.0,0,0,0,2,48.0,34.0,4,0,1,35.0,96.0,29.0,1,5.0,2
968,969.0,0,1,1,1,28.0,25.0,11,1,0,32.0,58.0,20.0,0,3.0,1
969,970.0,1,0,0,3,27.0,60.0,38,0,2,16.0,34.0,39.0,0,0.0,3
970,971.0,0,0,0,1,53.0,49.0,29,0,1,38.0,45.0,43.0,1,5.0,2
971,972.0,1,0,1,2,53.0,37.0,7,0,3,52.0,245.0,8.0,0,2.0,0
972,973.0,1,0,0,0,29.0,63.0,44,0,0,15.0,55.0,12.0,0,1.0,0
973,974.0,1,0,0,3,30.0,61.0,5,1,0,12.0,57.0,26.0,0,0.0,0
974,975.0,0,0,0,3,27.0,26.0,27,1,0,15.0,27.0,35.0,0,1.0,4
975,976.0,0,0,0,1,46.0,60.0,19,0,1,50.0,235.0,24.0,1,10.0,2
976,977.0,0,0,0,2,47.0,32.0,2,0,1,42.0,177.0,30.0,1,8.0,2
977,978.0,1,0,1,3,32.0,26.0,5,1,0,13.0,44.0,4.0,0,2.0,3
978,979.0,0,1,1,1,32.0,24.0,39,1,4,36.0,102.0,48.0,0,5.0,1
979,980.0,1,1,0,3,31.0,45.0,3,1,0,18.0,38.0,15.0,0,1.0,3
980,981.0,0,0,0,0,30.0,74.0,19,0,2,13.0,53.0,4.0,0,2.0,3
981,982.0,0,0,1,3,29.0,56.0,44,0,2,12.0,24.0,43.0,0,2.0,3
982,983.0,0,0,1,3,31.0,23.0,2,1,2,20.0,28.0,47.0,0,0.0,4
983,984.0,1,0,0,3,25.0,44.0,31,1,0,12.0,50.0,27.0,0,0.0,4
984,985.0,1,0,0,3,26.0,33.0,37,0,0,12.0,45.0,38.0,0,1.0,4
985,986.0,0,1,1,3,31.0,49.0,7,0,0,15.0,59.0,24.0,0,1.0,3
986,987.0,1,0,0,0,51.0,79.0,8,0,1,37.0,134.0,44.0,1,4.0,2
987,988.0,1,1,1,1,25.0,22.0,46,1,0,28.0,77.0,3.0,0,4.0,1
988,989.0,1,0,0,1,44.0,54.0,44,0,1,43.0,113.0,25.0,1,14.0,2
989,990.0,1,1,1,3,26.0,32.0,28,0,0,16.0,69.0,3.0,0,2.0,0
990,991.0,1,0,1,3,34.0,42.0,10,0,2,20.0,47.0,26.0,0,2.0,3
991,992.0,0,0,0,0,29.0,50.0,27,0,0,19.0,82.0,20.0,0,2.0,3
992,993.0,0,1,1,3,30.0,20.0,8,1,0,36.0,151.0,47.0,0,2.0,1
993,994.0,1,0,1,3,31.0,79.0,28,1,0,12.0,54.0,38.0,0,1.0,4
994,995.0,1,0,1,0,53.0,38.0,19,0,3,40.0,123.0,11.0,0,1.0,0
995,996.0,0,1,1,3,29.0,51.0,8,0,2,15.0,54.0,21.0,0,2.0,3
996,997.0,1,0,1,1,32.0,73.0,18,1,2,15.0,73.0,21.0,0,0.0,3
997,998.0,1,0,1,3,28.0,65.0,9,1,0,10.0,29.0,11.0,0,1.0,3
998,999.0,1,0,0,0,49.0,67.0,18,0,1,41.0,55.0,23.0,1,10.0,2
999,1000.0,0,0,1,3,33.0,58.0,41,1,2,23.0,104.0,1.0,0,1.0,0
