ID,Gender,Marital Status,Work Status,Education,Annual Income (x1000 $),Age,Location,Purchasing Decision-maker,,Monthly Electronics Spend,Monthly Household Spend,Purchasing Frequency (every x months),Technology Adoption,TV Viewing (hours/day),Favorite feature,,,,
1,1,1,1,0,49,30,17,1,,35,150,13,0,2,3,,,,
2,1,0,0,0,46,36,31,0,,35,163,26,0,10,3,,,,
3,1,1,1,1,58,66,12,1,,64,103,13,1,0,1,,,,
4,1,1,0,3,51,78,11,1,,33,154,22,0,5,3,,,,
5,0,0,0,0,46,52,29,0,,45,161,47,0,2,3,,,,
6,0,1,0,1,31,72,15,0,,14,21,32,1,1,1,,,,
7,1,1,1,0,33,62,8,0,,18,40,41,1,0,0,,,,
8,1,1,0,0,29,30,16,0,,23,75,9,1,1,2,,,,
9,1,1,1,0,57,60,12,1,,74,358,1,1,0,2,,,,
10,0,1,1,0,30,59,6,1,,16,78,25,1,0,2,,,,
11,0,0,1,3,29,25,17,0,,38,66,2,1,6,4,,,,
12,0,1,0,0,49,57,17,1,,46,225,20,0,5,3,,,,
13,1,1,1,1,64,80,15,1,,53,257,10,1,1,0,,,,
14,0,1,0,0,27,36,14,0,,16,48,8,1,2,2,,,,
15,1,0,1,0,27,61,8,1,,14,60,39,1,1,0,,,,
16,0,1,1,0,33,54,18,1,,14,24,16,1,0,0,,,,
17,1,1,1,1,31,58,6,0,,16,44,14,1,1,0,,,,
18,0,1,1,0,28,30,7,1,,14,66,8,1,2,0,,,,
19,0,0,1,3,29,25,36,0,,24,101,11,1,5,4,,,,
20,0,1,1,0,28,58,39,1,,17,83,16,1,0,1,,,,
21,0,1,0,2,50,75,10,1,,47,172,17,0,8,3,,,,
22,1,0,1,0,31,47,16,0,,16,20,15,1,1,0,,,,
23,0,1,0,0,49,52,1,1,,38,168,37,0,5,3,,,,
24,1,1,0,0,48,35,4,1,,51,242,43,0,8,3,,,,
25,1,0,1,1,26,25,6,0,,31,117,16,1,6,4,,,,
26,1,0,0,0,28,74,36,1,,18,73,29,1,2,2,,,,
27,1,0,0,0,35,75,29,1,,14,56,32,1,2,0,,,,
28,1,1,1,0,28,33,6,1,,17,45,44,1,1,2,,,,
29,0,1,1,0,46,31,8,1,,42,154,43,0,2,3,,,,
30,0,1,0,0,25,35,51,1,,15,27,8,1,1,1,,,,
31,0,0,1,1,56,46,43,0,,67,259,1,1,1,0,,,,
32,0,1,0,0,32,67,20,0,,19,24,17,1,0,0,,,,
33,1,0,1,1,33,69,0,1,,18,40,5,1,1,0,,,,
34,0,1,1,0,30,44,19,1,,12,16,47,1,1,0,,,,
35,1,1,1,0,42,60,1,1,,43,64,22,0,4,3,,,,
36,0,0,1,3,46,64,25,0,,41,177,34,0,11,3,,,,
37,1,1,0,0,24,61,51,0,,13,50,38,1,1,0,,,,
38,0,1,1,0,28,24,17,0,,17,40,31,1,0,1,,,,
39,1,0,1,3,29,20,1,0,,30,145,45,1,5,4,,,,
40,1,1,0,0,35,66,1,1,,20,25,34,1,1,2,,,,
41,0,0,1,2,30,20,11,0,,32,90,43,1,2,4,,,,
42,0,1,1,1,54,43,5,1,,44,114,12,1,0,2,,,,
43,0,1,0,0,24,46,6,0,,19,78,34,1,1,1,,,,
44,0,0,0,0,32,69,15,0,,13,55,26,1,0,2,,,,
45,0,1,1,0,26,38,11,0,,12,22,21,1,0,2,,,,
46,1,0,0,0,33,40,7,1,,20,61,25,1,1,1,,,,
47,0,1,1,1,59,63,5,1,,26,74,15,1,2,0,,,,
48,1,1,1,1,48,22,11,1,,51,185,1,1,1,0,,,,
49,0,0,1,1,28,29,22,0,,35,136,9,1,2,4,,,,
50,1,1,0,0,28,61,12,0,,19,77,4,1,0,0,,,,
51,1,1,0,0,26,36,5,1,,14,31,11,1,1,2,,,,
52,1,1,0,0,28,58,13,1,,19,72,15,1,1,2,,,,
53,1,1,0,0,31,70,15,0,,16,59,36,1,1,0,,,,
54,1,0,1,0,33,20,27,0,,32,56,5,1,4,4,,,,
55,0,1,0,1,31,45,8,0,,19,30,39,1,2,2,,,,
56,0,0,0,2,36,56,20,0,,15,46,22,1,1,2,,,,
57,1,0,0,0,29,29,18,0,,19,93,2,1,1,0,,,,
58,0,1,0,1,27,33,14,1,,20,49,40,1,1,1,,,,
59,1,1,1,1,49,43,1,1,,45,153,46,0,4,3,,,,
60,1,1,1,2,45,22,9,1,,60,119,9,1,2,1,,,,
61,0,0,1,0,29,51,6,1,,13,53,16,1,2,0,,,,
62,1,1,0,3,46,52,18,1,,44,93,33,0,2,3,,,,
63,1,1,1,3,53,50,20,1,,35,108,15,0,4,3,,,,
64,0,1,0,0,26,25,18,1,,13,50,44,1,2,0,,,,
65,1,0,1,1,27,25,49,0,,27,124,16,1,1,4,,,,
66,1,0,1,2,34,23,21,0,,34,165,3,1,0,4,,,,
67,0,0,1,0,28,28,40,0,,36,117,40,1,2,4,,,,
68,1,1,1,3,32,74,0,0,,12,20,35,1,1,1,,,,
69,0,1,1,0,28,48,9,1,,10,17,20,1,1,2,,,,
70,1,1,1,0,28,61,27,1,,21,45,37,1,1,2,,,,
71,1,1,0,1,29,63,1,0,,18,79,21,1,2,2,,,,
72,0,1,0,0,31,30,13,1,,19,40,15,1,2,0,,,,
73,0,1,1,0,53,65,19,1,,78,334,14,1,2,1,,,,
74,1,1,1,0,30,64,11,1,,22,46,8,1,0,1,,,,
75,0,1,0,0,55,73,51,1,,44,208,40,0,7,3,,,,
76,0,1,1,2,45,40,17,1,,46,114,29,0,6,3,,,,
77,1,0,1,1,55,68,10,0,,50,94,4,1,2,1,,,,
78,1,0,0,0,25,41,7,1,,18,38,14,1,0,0,,,,
79,1,1,1,1,64,80,15,1,,60,211,7,1,1,0,,,,
80,0,0,1,1,32,19,14,0,,34,101,1,1,3,4,,,,
81,1,0,1,0,31,64,5,1,,13,33,44,1,1,0,,,,
82,1,1,0,0,28,80,7,0,,21,92,28,1,1,1,,,,
83,1,1,1,0,33,40,18,0,,17,58,41,1,2,2,,,,
84,0,1,1,1,49,33,10,1,,60,195,7,1,1,0,,,,
85,0,1,0,0,30,31,6,0,,16,75,11,1,1,1,,,,
86,0,1,1,2,31,35,3,0,,16,36,7,1,2,0,,,,
87,1,1,1,2,51,29,21,1,,47,191,36,0,13,3,,,,
88,1,1,0,0,28,32,18,0,,16,65,18,1,1,2,,,,
89,0,0,1,0,30,41,12,0,,21,55,22,1,1,0,,,,
90,0,0,0,0,27,66,0,1,,18,60,30,1,1,2,,,,
91,0,1,0,1,49,55,16,1,,37,52,43,0,13,3,,,,
92,1,0,0,0,26,50,12,0,,19,25,8,1,1,1,,,,
93,1,0,1,0,32,56,4,1,,17,54,21,1,1,0,,,,
94,0,0,1,3,35,26,10,0,,34,141,38,1,3,4,,,,
95,1,1,1,3,54,43,4,1,,75,356,7,1,1,1,,,,
96,1,1,0,1,47,54,0,1,,45,73,33,0,6,3,,,,
97,0,0,0,2,49,57,43,0,,47,156,28,0,12,3,,,,
98,1,0,1,0,29,26,44,0,,30,88,47,1,1,4,,,,
99,1,1,1,0,30,58,3,1,,20,23,8,1,1,2,,,,
100,1,1,0,1,55,57,1,1,,39,95,18,0,0,3,,,,
101,1,0,1,1,56,62,8,0,,53,92,3,1,1,1,,,,
102,0,0,1,2,46,79,25,0,,41,173,43,0,13,3,,,,
103,1,1,1,0,55,47,7,1,,65,151,6,1,2,2,,,,
104,0,1,1,0,27,58,18,1,,22,70,30,1,1,2,,,,
105,1,1,0,0,30,57,14,1,,20,35,48,1,1,2,,,,
106,1,0,0,0,28,52,9,0,,18,63,30,1,0,0,,,,
107,0,1,1,1,30,28,15,0,,12,26,34,1,1,0,,,,
108,1,1,0,0,32,55,19,1,,13,48,18,1,0,1,,,,
109,1,1,1,1,54,45,7,1,,57,216,7,1,2,2,,,,
110,0,0,0,0,27,63,6,0,,18,73,4,1,2,2,,,,
111,1,1,0,0,31,25,29,0,,17,49,17,1,1,2,,,,
112,1,0,1,1,54,23,21,0,,67,96,8,1,2,1,,,,
113,0,1,0,0,27,63,17,1,,20,40,16,1,0,2,,,,
114,1,1,1,1,33,32,6,0,,15,70,45,1,1,0,,,,
115,1,1,0,0,32,73,5,0,,18,31,37,1,0,2,,,,
116,0,1,0,0,54,73,19,1,,51,221,37,0,11,3,,,,
117,1,1,0,2,47,48,7,1,,34,109,27,0,8,3,,,,
118,0,1,1,3,55,67,1,1,,41,205,9,1,1,2,,,,
119,1,1,0,0,29,44,4,0,,18,26,6,1,2,1,,,,
120,0,1,0,0,28,42,17,1,,16,46,16,1,1,2,,,,
121,0,1,1,2,31,24,7,0,,24,37,38,1,1,2,,,,
122,1,1,0,0,32,48,13,1,,18,88,28,1,0,1,,,,
123,0,0,1,3,33,29,0,0,,30,34,41,1,5,4,,,,
124,0,1,0,0,49,47,8,1,,35,145,35,0,13,3,,,,
125,0,1,1,0,32,70,21,0,,17,73,45,1,1,0,,,,
126,1,1,1,1,55,46,1,1,,50,225,13,1,2,2,,,,
127,1,1,0,2,46,49,10,1,,43,62,36,0,5,3,,,,
128,1,1,0,0,34,67,51,1,,16,43,29,1,1,1,,,,
129,0,0,0,0,26,72,4,1,,16,34,21,1,2,0,,,,
130,1,1,1,0,30,78,35,1,,20,85,32,1,1,1,,,,
131,0,0,0,0,32,62,10,1,,12,34,9,1,2,2,,,,
132,0,0,1,0,33,25,6,0,,31,145,1,1,0,4,,,,
133,1,1,0,0,29,58,4,0,,16,29,14,1,1,0,,,,
134,1,1,1,1,53,39,8,1,,67,143,3,1,1,2,,,,
135,1,1,0,0,26,80,8,1,,19,32,4,1,1,2,,,,
136,0,1,0,2,45,66,9,1,,34,56,34,0,1,3,,,,
137,0,1,0,0,24,41,6,0,,14,63,38,1,0,0,,,,
138,1,1,1,2,48,51,13,1,,43,145,37,0,3,3,,,,
139,1,1,1,0,49,22,4,1,,51,166,13,1,2,1,,,,
140,1,1,1,1,51,72,8,1,,44,74,40,0,6,3,,,,
141,1,1,0,2,54,60,18,1,,41,182,31,0,10,3,,,,
142,0,1,1,0,30,33,13,1,,16,57,29,1,2,2,,,,
143,0,1,1,0,31,64,46,1,,16,40,46,1,1,0,,,,
144,1,0,1,1,46,30,38,0,,36,112,28,0,10,3,,,,
145,1,1,1,0,34,65,5,0,,22,59,10,1,2,0,,,,
146,1,0,1,3,32,28,9,0,,38,54,9,1,5,4,,,,
147,0,1,1,1,52,37,0,1,,65,133,6,1,1,1,,,,
148,1,1,1,1,54,43,5,1,,52,83,2,1,2,2,,,,
149,0,0,0,0,27,77,1,0,,17,31,10,1,2,0,,,,
150,0,1,1,0,31,47,18,1,,13,27,21,1,2,1,,,,
151,1,0,0,0,34,67,20,0,,18,50,42,1,1,0,,,,
152,1,1,1,1,56,55,11,1,,55,72,2,1,1,2,,,,
153,0,1,1,0,44,75,15,1,,45,208,36,0,1,3,,,,
154,0,1,0,3,46,59,7,1,,42,201,42,0,5,3,,,,
155,1,1,1,1,55,49,12,1,,47,142,8,1,1,2,,,,
156,0,0,1,3,29,19,16,0,,34,103,11,1,5,4,,,,
157,0,0,1,0,29,18,19,0,,36,88,22,1,6,4,,,,
158,0,1,1,3,51,78,3,1,,35,162,13,0,12,3,,,,
159,1,1,1,1,48,22,12,1,,54,138,6,1,2,0,,,,
160,0,1,1,0,29,72,23,1,,20,31,38,1,1,0,,,,
161,0,0,1,0,55,77,27,0,,72,299,5,1,0,2,,,,
162,0,1,0,0,29,78,6,1,,14,37,18,1,2,1,,,,
163,0,1,0,0,32,23,0,0,,17,35,29,1,2,1,,,,
164,1,1,0,0,31,66,8,0,,14,38,22,1,0,2,,,,
165,1,0,0,0,27,62,3,1,,16,24,41,1,0,1,,,,
166,0,1,1,0,57,45,51,1,,79,128,11,1,0,0,,,,
167,0,1,0,0,55,31,0,1,,43,206,36,0,5,3,,,,
168,1,1,0,1,49,54,10,1,,48,232,28,0,11,3,,,,
169,1,1,0,0,29,71,0,0,,15,51,30,1,0,0,,,,
170,1,1,0,2,43,69,9,1,,47,63,37,0,5,3,,,,
171,1,1,1,2,47,48,6,1,,39,79,20,0,10,3,,,,
172,1,1,1,0,54,45,51,1,,58,144,5,1,1,0,,,,
173,1,1,1,1,55,50,19,1,,55,237,11,1,2,2,,,,
174,1,1,1,1,29,21,33,0,,38,45,24,1,2,4,,,,
175,0,1,1,1,29,37,14,1,,12,16,39,1,1,0,,,,
176,1,1,0,0,31,61,7,1,,13,23,3,1,1,1,,,,
177,0,1,0,0,51,37,13,1,,40,146,33,0,13,3,,,,
178,1,1,0,0,28,50,12,0,,19,76,11,1,0,0,,,,
179,1,1,0,1,50,64,5,1,,48,175,46,0,13,3,,,,
180,1,0,1,3,30,29,37,0,,35,101,10,1,5,4,,,,
181,0,1,0,0,32,67,9,1,,20,65,43,1,1,0,,,,
182,0,1,1,2,26,47,23,1,,20,46,7,1,2,2,,,,
183,0,1,1,0,50,78,51,1,,40,161,43,0,11,3,,,,
184,0,1,1,0,36,54,18,0,,12,23,3,1,2,2,,,,
185,1,0,1,0,36,27,5,0,,30,114,30,1,0,4,,,,
186,0,0,0,0,31,70,11,0,,14,26,11,1,0,1,,,,
187,1,1,0,1,37,49,17,0,,16,41,19,1,1,0,,,,
188,1,1,1,1,50,30,11,1,,48,170,2,1,1,1,,,,
189,1,1,1,1,57,61,5,1,,67,278,3,1,1,0,,,,
190,0,1,0,1,32,62,19,1,,23,33,19,1,1,0,,,,
191,0,0,1,2,29,25,38,0,,33,156,2,1,4,4,,,,
192,0,1,0,0,47,79,0,1,,44,182,14,0,13,3,,,,
193,0,0,1,3,30,24,5,0,,32,96,16,1,2,4,,,,
194,0,0,1,2,27,19,28,0,,27,76,22,1,3,4,,,,
195,0,1,0,0,27,70,12,1,,17,49,43,1,2,0,,,,
196,1,0,0,0,32,66,51,1,,15,35,33,1,1,2,,,,
197,0,1,1,0,25,52,1,1,,20,62,26,1,0,2,,,,
198,1,1,1,2,58,65,0,1,,55,171,3,1,2,2,,,,
199,0,1,0,2,45,43,5,1,,41,176,41,0,11,3,,,,
200,0,1,1,0,34,67,5,1,,13,55,40,1,1,2,,,,
201,1,1,1,2,51,76,10,1,,37,134,22,0,3,3,,,,
202,1,1,0,0,32,50,8,1,,19,49,12,1,1,2,,,,
203,0,1,1,0,25,63,28,0,,21,90,9,1,0,1,,,,
204,1,1,1,2,55,50,19,1,,57,182,15,1,1,1,,,,
205,0,1,1,1,52,37,13,1,,33,82,8,1,0,2,,,,
206,0,1,1,0,28,67,10,0,,18,86,31,1,2,0,,,,
207,1,1,1,0,29,64,11,0,,14,64,39,1,1,1,,,,
208,1,1,1,2,45,24,5,1,,65,211,15,1,1,0,,,,
209,1,1,0,0,27,74,13,1,,22,78,39,1,1,1,,,,
210,1,1,0,0,26,74,9,0,,16,55,41,1,1,0,,,,
211,1,0,1,3,28,19,51,0,,39,75,9,1,3,4,,,,
212,0,1,1,0,27,38,4,0,,16,37,30,1,2,0,,,,
213,1,0,1,0,31,67,16,1,,15,45,34,1,1,0,,,,
214,1,1,0,1,25,33,6,1,,19,38,29,1,2,0,,,,
215,1,0,1,0,28,75,25,1,,22,97,9,1,1,2,,,,
216,0,1,0,1,49,39,14,1,,45,84,43,0,2,3,,,,
217,0,1,0,0,28,27,32,0,,16,32,14,1,2,2,,,,
218,0,1,1,1,51,57,10,1,,43,76,7,1,2,1,,,,
219,0,0,1,0,32,70,31,0,,13,26,29,1,0,0,,,,
220,1,0,1,3,35,26,13,0,,33,93,45,1,5,4,,,,
221,0,1,1,1,55,40,0,1,,47,109,3,1,0,2,,,,
222,1,1,1,0,27,69,15,0,,18,85,18,1,1,1,,,,
223,0,1,0,0,28,44,4,0,,20,56,9,1,1,1,,,,
224,0,1,1,0,33,53,9,0,,15,28,37,1,1,0,,,,
225,1,1,1,2,58,67,1,1,,74,343,12,1,2,0,,,,
226,0,1,0,1,34,34,4,0,,14,69,34,1,1,1,,,,
227,0,1,0,0,47,58,0,1,,45,127,30,0,2,3,,,,
228,0,0,1,0,33,18,24,0,,29,45,12,1,3,4,,,,
229,0,0,1,1,47,29,34,0,,44,93,24,0,13,3,,,,
230,1,1,1,1,44,47,18,1,,44,119,23,0,12,3,,,,
231,1,0,1,1,26,22,37,0,,32,110,21,1,5,4,,,,
232,1,1,1,0,33,76,11,1,,13,28,47,1,0,1,,,,
233,0,1,1,1,47,61,3,1,,35,121,16,0,10,3,,,,
234,0,1,1,1,54,74,0,1,,41,159,34,0,7,3,,,,
235,0,1,0,0,29,23,17,1,,21,42,29,1,1,2,,,,
236,1,1,1,1,44,44,18,1,,35,55,17,0,5,3,,,,
237,0,1,0,0,49,61,9,1,,38,86,33,0,5,3,,,,
238,0,0,1,2,34,30,33,0,,32,75,4,1,1,4,,,,
239,1,1,1,0,33,50,17,1,,17,47,27,1,0,2,,,,
240,0,1,0,2,49,28,9,1,,40,124,15,0,9,3,,,,
241,1,1,0,0,35,32,40,1,,16,23,12,1,1,1,,,,
242,0,0,0,0,29,51,16,0,,21,45,32,1,1,2,,,,
243,0,1,1,1,55,23,16,1,,61,258,16,1,1,1,,,,
244,1,1,1,1,56,56,5,1,,71,87,10,1,1,2,,,,
245,1,0,1,1,57,68,11,0,,66,312,14,1,1,1,,,,
246,0,1,0,0,24,51,26,1,,18,72,46,1,0,2,,,,
247,0,1,1,2,55,38,6,1,,38,115,16,1,1,2,,,,
248,0,1,0,0,26,38,8,0,,17,58,11,1,1,0,,,,
249,1,1,0,1,51,36,10,1,,50,102,42,0,5,3,,,,
250,0,1,0,0,26,31,9,0,,18,53,11,1,0,2,,,,
251,0,0,1,1,34,29,1,0,,34,166,36,1,2,4,,,,
252,1,1,1,0,46,77,5,1,,45,146,43,0,0,3,,,,
253,0,1,1,0,29,51,10,0,,14,44,9,1,1,2,,,,
254,0,0,1,2,55,33,23,0,,82,165,15,1,1,1,,,,
255,0,1,0,0,26,59,42,1,,12,37,44,1,2,1,,,,
256,1,0,1,0,33,24,25,0,,37,131,23,1,4,4,,,,
257,1,1,1,1,50,26,20,1,,71,267,11,1,2,1,,,,
258,0,1,1,0,28,72,3,1,,20,53,27,1,1,1,,,,
259,1,1,0,1,49,60,14,1,,38,97,23,0,11,3,,,,
260,1,1,1,0,51,30,16,1,,76,377,9,1,1,2,,,,
261,0,0,1,3,54,50,23,0,,46,58,11,1,0,0,,,,
262,1,0,1,1,59,69,51,0,,84,383,7,1,0,2,,,,
263,1,1,1,0,30,57,30,0,,19,89,40,1,2,2,,,,
264,0,1,0,0,46,77,20,1,,33,139,26,0,1,3,,,,
265,0,1,0,0,34,49,11,0,,14,21,17,1,1,1,,,,
266,1,1,1,0,36,33,12,0,,16,34,2,1,2,1,,,,
267,0,1,1,0,53,64,51,1,,35,85,21,0,12,3,,,,
268,0,1,1,1,23,45,9,1,,18,68,3,1,1,1,,,,
269,0,0,1,2,30,21,14,0,,28,46,37,1,3,4,,,,
270,1,1,1,0,28,42,20,0,,17,67,47,1,1,0,,,,
271,1,1,1,1,55,49,1,1,,49,75,7,1,1,0,,,,
272,0,1,0,1,28,54,51,1,,20,73,8,1,0,1,,,,
273,0,1,1,0,29,60,12,0,,15,46,12,1,1,0,,,,
274,0,1,1,0,30,34,10,1,,9,38,19,1,2,2,,,,
275,1,0,1,1,51,40,40,0,,37,144,18,0,7,3,,,,
276,0,1,1,3,44,47,11,1,,43,199,30,0,4,3,,,,
277,0,1,1,0,36,74,21,0,,19,87,6,1,0,1,,,,
278,0,1,1,0,25,35,8,1,,21,51,47,1,0,2,,,,
279,0,0,0,1,29,76,18,1,,24,92,40,1,0,2,,,,
280,1,1,1,1,56,56,51,1,,71,133,11,1,2,1,,,,
281,0,0,0,0,30,42,9,0,,14,18,19,1,1,2,,,,
282,0,1,0,0,30,67,23,1,,15,61,16,1,0,2,,,,
283,0,1,1,0,56,75,12,1,,31,95,21,0,2,3,,,,
284,1,1,0,0,28,33,16,1,,20,60,35,1,1,1,,,,
285,1,1,0,0,49,60,19,1,,40,186,30,0,2,3,,,,
286,1,0,1,2,48,41,22,0,,43,150,21,0,9,3,,,,
287,1,1,1,0,33,76,4,1,,14,50,26,1,1,1,,,,
288,0,1,0,1,34,43,0,1,,18,81,40,1,2,2,,,,
289,0,1,0,2,50,47,17,1,,47,200,45,0,8,3,,,,
290,1,1,1,1,34,65,13,1,,19,64,28,1,2,0,,,,
291,1,1,1,3,45,48,20,1,,29,53,35,0,2,3,,,,
292,1,1,1,0,28,76,20,0,,19,39,40,1,1,0,,,,
293,1,1,1,3,52,34,4,1,,67,306,4,1,1,0,,,,
294,0,0,1,3,52,25,41,0,,25,31,14,1,1,2,,,,
295,0,0,0,0,33,69,15,0,,20,61,48,1,1,0,,,,
296,1,0,1,0,29,27,16,0,,33,58,12,1,5,4,,,,
297,0,0,1,0,24,27,19,0,,32,158,17,1,3,4,,,,
298,1,1,1,0,28,38,9,0,,19,74,28,1,2,2,,,,
299,1,1,1,3,29,65,3,0,,16,49,25,1,1,0,,,,
300,0,0,1,1,31,19,13,0,,26,77,23,1,2,4,,,,
301,1,0,1,0,30,77,28,1,,19,26,44,1,2,1,,,,
302,0,1,0,3,44,37,9,1,,47,177,16,0,9,3,,,,
303,0,1,0,0,27,56,12,1,,10,13,24,1,1,0,,,,
304,0,1,1,2,50,48,15,1,,34,47,46,0,2,3,,,,
305,1,0,1,2,54,41,7,0,,88,276,8,1,0,0,,,,
306,0,1,1,2,55,61,16,1,,52,77,12,1,2,1,,,,
307,1,1,0,0,21,67,23,1,,19,82,32,1,1,2,,,,
308,0,1,1,0,31,58,10,0,,23,99,23,1,1,0,,,,
309,0,0,1,1,55,71,28,0,,51,200,10,1,0,2,,,,
310,0,0,1,1,27,26,16,0,,35,59,46,1,6,4,,,,
311,1,1,1,0,35,49,16,0,,16,59,36,1,0,2,,,,
312,0,1,0,1,46,65,11,1,,43,135,36,0,2,3,,,,
313,0,1,1,0,37,47,4,0,,20,98,27,1,0,1,,,,
314,0,1,1,0,34,27,13,0,,26,95,31,1,1,0,,,,
315,0,1,0,0,28,26,11,1,,11,47,10,1,1,1,,,,
316,1,1,1,3,26,72,9,0,,16,46,33,1,2,2,,,,
317,0,1,0,0,28,38,11,0,,19,53,20,1,2,2,,,,
318,0,0,1,0,29,51,16,1,,14,61,5,1,0,2,,,,
319,1,0,1,2,30,22,8,0,,38,55,34,1,4,4,,,,
320,0,0,1,1,29,76,6,1,,13,22,29,1,1,1,,,,
321,0,1,0,0,50,50,1,1,,36,64,41,0,0,3,,,,
322,1,1,0,0,26,36,0,1,,17,45,11,1,1,1,,,,
323,0,0,1,1,53,44,33,0,,83,361,3,1,1,0,,,,
324,0,1,1,2,34,44,12,1,,17,72,1,1,0,1,,,,
325,1,1,0,1,49,76,4,1,,35,47,21,0,1,3,,,,
326,1,0,1,2,48,27,22,0,,37,99,19,0,5,3,,,,
327,1,0,0,0,28,79,19,0,,14,45,17,1,2,2,,,,
328,1,1,0,0,35,45,3,1,,13,36,26,1,2,2,,,,
329,1,1,1,2,48,22,14,1,,55,202,3,1,0,0,,,,
330,0,1,1,0,24,53,21,0,,20,71,42,1,2,0,,,,
331,1,0,1,0,31,28,22,0,,34,77,39,1,3,4,,,,
332,0,1,1,0,26,60,10,0,,16,45,25,1,1,0,,,,
333,1,0,1,0,27,54,15,0,,19,23,7,1,1,2,,,,
334,1,0,0,0,34,63,15,0,,15,75,40,1,1,1,,,,
335,0,0,1,1,53,39,47,0,,39,69,14,1,1,0,,,,
336,1,0,1,1,32,25,51,0,,31,47,6,1,2,4,,,,
337,0,0,1,1,56,37,22,0,,46,118,6,1,1,1,,,,
338,1,1,1,0,58,64,51,1,,54,102,5,1,2,1,,,,
339,0,1,0,0,36,51,0,0,,21,64,31,1,1,1,,,,
340,0,1,0,0,45,57,7,1,,50,122,13,0,11,3,,,,
341,0,1,1,0,35,26,18,1,,15,73,23,1,1,0,,,,
342,1,0,1,1,30,25,4,0,,35,165,48,1,0,4,,,,
343,1,1,1,0,60,80,11,1,,72,94,14,1,1,2,,,,
344,0,0,1,1,34,32,5,1,,19,76,46,1,2,2,,,,
345,1,1,0,0,25,34,16,0,,15,33,39,1,2,0,,,,
346,1,1,1,1,46,61,0,1,,47,130,46,0,2,3,,,,
347,1,0,1,0,30,32,10,0,,12,39,43,1,1,1,,,,
348,1,1,0,0,30,55,3,0,,18,86,5,1,1,0,,,,
349,1,0,1,0,54,71,16,0,,60,164,13,1,1,1,,,,
350,0,0,1,0,34,23,30,0,,37,183,30,1,2,4,,,,
351,1,1,1,1,26,60,1,0,,18,41,40,1,1,0,,,,
352,1,1,1,0,58,63,11,1,,58,223,8,1,1,0,,,,
353,1,0,1,1,30,21,24,0,,32,119,5,1,2,4,,,,
354,0,1,0,3,55,64,5,1,,40,129,37,0,3,3,,,,
355,0,1,1,0,42,51,8,1,,38,146,28,0,2,3,,,,
356,1,0,1,0,30,52,31,0,,14,52,44,1,1,2,,,,
357,0,1,1,1,60,48,5,1,,42,76,10,1,1,1,,,,
358,1,1,1,0,28,67,6,0,,18,29,12,1,1,0,,,,
359,1,1,1,1,28,59,21,1,,17,85,10,1,0,0,,,,
360,1,1,1,1,62,80,7,1,,67,119,11,1,2,2,,,,
361,0,1,1,0,27,69,11,0,,20,25,13,1,2,0,,,,
362,1,1,1,2,45,66,6,1,,55,181,14,1,2,1,,,,
363,1,0,1,0,29,20,38,0,,34,155,13,1,5,4,,,,
364,0,1,1,0,29,67,3,1,,17,64,14,1,1,1,,,,
365,0,0,1,0,35,54,19,0,,19,36,18,1,1,0,,,,
366,1,0,1,0,31,73,13,0,,17,44,4,1,1,2,,,,
367,1,1,1,1,28,49,10,1,,20,58,34,1,2,1,,,,
368,0,1,1,2,61,48,13,1,,45,222,12,1,2,1,,,,
369,1,1,1,3,51,72,8,1,,34,59,24,0,11,3,,,,
370,1,1,1,1,53,38,5,1,,54,240,4,1,1,2,,,,
371,0,1,1,0,31,63,7,1,,15,55,20,1,1,0,,,,
372,0,1,0,0,31,25,20,0,,15,39,48,1,2,1,,,,
373,0,0,0,0,33,40,42,1,,19,36,33,1,0,1,,,,
374,1,1,0,0,40,72,9,1,,46,128,46,0,1,3,,,,
375,0,0,1,0,27,24,11,1,,16,48,29,1,0,0,,,,
376,0,0,1,2,30,21,14,0,,33,52,13,1,5,4,,,,
377,1,0,1,1,30,21,32,0,,35,119,33,1,6,4,,,,
378,1,1,1,1,25,29,8,0,,15,30,17,1,1,2,,,,
379,0,0,1,1,55,48,21,0,,71,185,9,1,0,0,,,,
380,1,0,1,2,32,26,0,0,,28,95,14,1,1,4,,,,
381,0,1,1,1,26,41,10,0,,15,32,17,1,2,1,,,,
382,1,1,0,1,29,53,51,0,,15,34,28,1,1,1,,,,
383,0,0,1,1,31,25,23,0,,39,137,10,1,6,4,,,,
384,1,1,0,0,34,33,19,0,,17,37,5,1,0,0,,,,
385,0,0,1,0,52,59,29,0,,69,298,6,1,0,1,,,,
386,1,1,1,1,54,43,18,1,,71,351,12,1,2,2,,,,
387,1,1,0,0,36,60,19,0,,18,72,5,1,1,2,,,,
388,1,0,0,1,45,57,25,0,,51,125,32,0,11,3,,,,
389,0,1,1,0,27,26,15,0,,18,61,40,1,0,1,,,,
390,1,1,1,1,55,47,18,1,,58,89,11,1,1,1,,,,
391,1,1,1,2,28,25,29,0,,27,126,29,1,2,4,,,,
392,0,1,1,1,33,44,18,0,,20,91,29,1,2,0,,,,
393,0,0,0,3,35,63,1,1,,18,78,41,1,2,0,,,,
394,1,1,1,1,57,62,8,1,,60,128,15,1,1,0,,,,
395,1,0,1,1,28,24,23,0,,36,124,23,1,5,4,,,,
396,1,1,0,1,27,35,14,0,,18,22,32,1,1,0,,,,
397,0,1,1,1,49,28,51,1,,40,111,44,0,11,3,,,,
398,0,1,1,0,29,68,8,1,,18,42,9,1,1,2,,,,
399,0,1,1,0,26,55,7,0,,16,28,2,1,2,0,,,,
400,1,1,1,2,58,64,0,1,,76,137,12,1,0,0,,,,
401,0,1,1,0,36,74,37,0,,16,44,41,1,0,2,,,,
402,0,0,1,3,28,27,14,0,,28,42,24,1,3,4,,,,
403,1,1,0,0,24,35,51,1,,22,76,43,1,1,0,,,,
404,0,0,0,0,49,41,47,0,,36,106,38,0,2,3,,,,
405,1,1,1,3,47,50,19,1,,43,165,24,0,11,3,,,,
406,1,0,1,1,28,24,31,0,,32,123,32,1,1,4,,,,
407,0,0,1,2,27,20,48,0,,31,112,25,1,5,4,,,,
408,1,1,1,3,28,36,21,1,,22,28,5,1,1,1,,,,
409,1,1,1,3,48,76,9,1,,44,61,15,0,11,3,,,,
410,0,0,0,1,33,48,10,0,,17,40,7,1,2,2,,,,
411,0,0,1,1,60,50,26,0,,65,207,12,1,2,1,,,,
412,1,0,0,0,30,47,12,0,,17,63,46,1,0,0,,,,
413,1,1,0,0,34,39,8,1,,19,52,27,1,0,2,,,,
414,1,1,1,1,58,64,3,1,,60,258,2,1,2,2,,,,
415,0,1,0,0,23,54,11,0,,16,63,18,1,0,2,,,,
416,0,1,1,0,46,80,4,1,,35,171,42,0,4,3,,,,
417,0,0,1,1,60,43,41,0,,39,124,7,1,1,1,,,,
418,0,1,1,0,29,77,21,1,,17,41,39,1,1,0,,,,
419,1,1,1,1,35,33,11,1,,16,25,35,1,1,2,,,,
420,1,1,1,3,46,22,11,1,,73,255,3,1,1,1,,,,
421,0,1,1,0,33,56,20,0,,14,58,24,1,2,2,,,,
422,1,1,1,0,28,56,35,1,,17,47,14,1,1,0,,,,
423,0,1,1,0,31,50,51,1,,18,27,34,1,0,1,,,,
424,1,1,1,3,58,65,7,1,,85,182,9,1,1,2,,,,
425,1,1,1,0,31,65,0,0,,13,23,16,1,1,2,,,,
426,0,0,1,3,29,19,15,0,,33,73,42,1,3,4,,,,
427,0,0,1,2,31,22,6,0,,35,99,24,1,1,4,,,,
428,1,1,1,1,50,24,16,1,,54,171,7,1,1,2,,,,
429,0,0,1,2,28,23,15,0,,33,96,38,1,6,4,,,,
430,0,1,0,2,51,53,3,1,,44,199,27,0,1,3,,,,
431,1,1,1,0,28,55,13,0,,17,54,3,1,1,1,,,,
432,1,1,0,0,33,59,0,1,,16,77,34,1,2,1,,,,
433,0,0,1,1,34,26,3,0,,34,122,2,1,4,4,,,,
434,0,1,0,0,28,55,14,0,,12,59,41,1,0,2,,,,
435,1,1,1,0,50,33,3,1,,47,96,34,0,1,3,,,,
436,0,1,0,0,32,28,12,1,,21,79,33,1,1,0,,,,
437,1,1,1,2,55,53,0,1,,37,83,30,0,8,3,,,,
438,1,1,1,0,39,79,19,1,,14,53,1,1,1,1,,,,
439,0,1,0,0,43,75,8,1,,42,161,13,0,1,3,,,,
440,0,1,0,1,43,72,12,1,,39,54,14,0,13,3,,,,
441,1,1,1,1,730,80,14,1,,65,137,14,1,1,2,,,,
442,1,1,1,0,59,70,11,1,,50,99,5,1,1,1,,,,
443,1,1,1,0,32,50,17,1,,16,60,19,1,1,0,,,,
444,0,1,1,2,49,71,1,1,,46,203,41,0,4,3,,,,
445,1,1,1,1,56,52,11,1,,63,154,2,1,2,0,,,,
446,0,1,1,0,32,42,6,1,,18,75,16,1,2,0,,,,
447,1,1,1,1,54,45,16,1,,59,221,12,1,1,2,,,,
448,0,0,1,2,29,20,34,0,,31,35,44,1,2,4,,,,
449,1,0,1,3,33,27,11,0,,34,118,24,1,3,4,,,,
450,0,0,1,0,32,23,10,1,,18,47,4,1,2,2,,,,
451,0,1,1,1,53,28,8,1,,40,187,18,0,6,3,,,,
452,1,0,1,1,27,63,13,1,,19,21,31,1,2,2,,,,
453,1,0,1,2,30,39,8,0,,19,56,27,1,1,0,,,,
454,0,1,0,1,29,26,13,0,,17,47,11,1,0,2,,,,
455,1,1,1,3,51,38,0,1,,40,116,33,0,0,3,,,,
456,1,1,1,1,52,32,3,1,,52,214,4,1,1,1,,,,
457,0,0,1,1,29,22,33,0,,35,83,8,1,4,4,,,,
458,0,1,1,2,47,35,20,1,,50,209,46,0,7,3,,,,
459,1,1,0,0,32,49,51,0,,15,45,26,1,0,2,,,,
460,1,1,1,0,24,53,4,0,,14,18,45,1,1,0,,,,
461,1,0,0,0,29,56,5,0,,23,42,21,1,2,2,,,,
462,1,0,1,1,24,27,27,0,,32,126,17,1,3,4,,,,
463,0,1,0,2,49,47,3,1,,47,139,14,0,4,3,,,,
464,1,1,0,3,48,64,16,1,,39,67,40,0,10,3,,,,
465,0,1,1,0,61,32,15,1,,48,117,3,1,1,2,,,,
466,0,1,1,1,46,62,16,1,,38,132,24,0,0,3,,,,
467,1,1,1,2,52,36,51,1,,60,111,7,1,1,2,,,,
468,1,0,1,0,29,80,19,0,,14,56,17,1,1,1,,,,
469,1,0,0,0,26,67,48,1,,22,46,21,1,2,0,,,,
470,1,1,1,1,59,69,19,1,,61,286,14,1,2,0,,,,
471,1,0,1,0,29,30,4,0,,18,39,46,1,1,1,,,,
472,1,1,1,3,29,67,45,0,,18,74,25,1,1,0,,,,
473,1,1,1,1,30,55,1,0,,19,35,17,1,2,1,,,,
474,0,1,0,3,49,75,20,1,,36,80,35,0,6,3,,,,
475,1,1,1,0,32,48,9,1,,19,28,44,1,1,1,,,,
476,1,1,0,0,26,75,19,1,,14,47,24,1,1,0,,,,
477,0,1,1,0,29,23,4,1,,21,80,31,1,0,0,,,,
478,1,0,1,0,23,29,29,0,,35,114,17,1,3,4,,,,
479,1,1,1,1,53,40,8,1,,65,180,14,1,2,0,,,,
480,0,0,1,0,30,55,7,1,,15,55,46,1,2,0,,,,
481,1,1,1,1,33,78,6,0,,18,66,41,1,2,0,,,,
482,0,1,1,1,51,28,20,1,,75,282,5,1,1,0,,,,
483,1,1,1,3,46,56,0,1,,54,194,17,0,5,3,,,,
484,0,1,0,1,44,57,9,1,,36,173,26,0,9,3,,,,
485,0,1,0,1,49,57,0,1,,42,81,47,0,5,3,,,,
486,1,1,1,0,29,24,10,0,,13,51,37,1,0,0,,,,
487,0,1,1,0,31,62,0,1,,19,39,10,1,0,2,,,,
488,1,1,0,1,52,48,4,1,,39,62,27,0,1,3,,,,
489,1,0,1,3,34,22,26,0,,34,118,27,1,2,4,,,,
490,0,0,1,3,49,62,27,0,,43,123,37,0,2,3,,,,
491,0,1,1,0,30,31,51,1,,24,70,38,1,1,0,,,,
492,0,1,1,3,45,67,17,1,,39,144,21,0,7,3,,,,
493,0,1,0,1,28,65,37,0,,15,62,39,1,1,0,,,,
494,0,1,0,3,33,34,51,1,,18,45,44,1,1,1,,,,
495,1,1,1,1,46,39,0,1,,45,166,37,0,11,3,,,,
496,1,1,1,3,29,19,32,0,,40,109,21,1,1,4,,,,
497,0,1,1,1,52,42,13,1,,57,250,15,1,1,0,,,,
498,0,1,1,0,29,68,12,1,,17,74,8,1,2,2,,,,
499,1,1,1,1,54,44,15,1,,66,139,10,1,2,0,,,,
500,1,1,1,2,55,46,3,1,,72,252,14,1,1,2,,,,
501,0,0,0,0,30,58,21,0,,21,71,2,1,1,1,,,,
502,1,0,1,0,24,56,7,1,,18,58,20,1,2,1,,,,
503,1,1,0,2,29,73,10,1,,19,86,30,1,2,0,,,,
504,0,1,0,0,35,42,6,1,,20,43,40,1,0,2,,,,
505,0,1,1,1,31,56,16,1,,18,43,18,1,0,0,,,,
506,0,1,1,0,32,35,12,0,,18,29,29,1,2,0,,,,
507,1,0,1,0,35,66,28,0,,15,72,43,1,1,1,,,,
508,1,1,1,0,57,59,16,1,,61,221,14,1,1,2,,,,
509,0,1,0,2,50,54,0,1,,46,137,17,0,10,3,,,,
510,1,1,1,0,24,50,3,0,,12,44,36,1,2,1,,,,
511,1,0,1,0,30,27,18,0,,29,94,46,1,4,4,,,,
512,1,1,0,1,25,66,44,0,,20,73,46,1,0,0,,,,
513,1,1,1,0,49,24,19,1,,49,158,16,1,2,0,,,,
514,1,1,0,0,27,31,6,0,,22,87,3,1,0,0,,,,
515,0,0,1,0,32,18,31,0,,29,91,43,1,1,4,,,,
516,1,1,0,0,28,30,21,1,,17,85,10,1,2,2,,,,
517,0,1,0,0,47,60,0,1,,34,67,32,0,1,3,,,,
518,1,0,1,1,54,51,10,0,,54,82,9,1,1,1,,,,
519,1,1,1,0,27,76,18,1,,18,28,17,1,0,0,,,,
520,1,1,0,0,29,61,7,1,,21,29,11,1,1,1,,,,
521,1,1,1,0,34,38,14,1,,22,59,34,1,1,0,,,,
522,0,1,0,2,46,74,11,1,,46,132,23,0,9,3,,,,
523,1,1,0,0,34,72,7,1,,17,43,17,1,2,1,,,,
524,0,0,1,1,55,26,41,0,,75,306,5,1,0,2,,,,
525,1,0,1,3,27,27,13,0,,36,128,9,1,1,4,,,,
526,0,0,1,1,60,54,18,0,,47,194,1,1,1,1,,,,
527,0,1,0,1,32,41,17,0,,23,109,38,1,0,0,,,,
528,0,1,0,0,29,60,5,0,,20,98,20,1,0,1,,,,
529,1,0,1,3,31,29,33,0,,31,58,22,1,5,4,,,,
530,1,1,1,2,56,52,10,1,,44,73,2,1,2,1,,,,
531,1,0,1,1,28,23,1,1,,18,69,20,1,2,1,,,,
532,0,0,1,0,28,22,38,0,,34,50,32,1,4,4,,,,
533,1,1,1,1,58,62,3,1,,54,171,7,1,0,0,,,,
534,1,1,0,1,32,37,9,1,,18,58,34,1,1,1,,,,
535,0,1,0,0,31,69,10,1,,14,63,19,1,1,0,,,,
536,1,1,1,0,60,78,1,1,,61,183,4,1,0,1,,,,
537,0,1,0,0,50,52,4,1,,33,87,19,0,8,3,,,,
538,1,1,0,0,35,57,13,0,,15,56,41,1,0,1,,,,
539,1,1,1,0,27,59,17,1,,19,76,12,1,1,0,,,,
540,0,1,0,0,26,34,15,1,,17,54,31,1,0,1,,,,
541,1,1,1,0,27,50,42,0,,23,57,24,1,0,1,,,,
542,0,1,1,0,33,36,11,1,,18,31,19,1,1,1,,,,
543,0,1,0,0,48,34,17,1,,39,133,17,0,5,3,,,,
544,1,1,1,0,24,76,51,0,,19,41,10,1,1,1,,,,
545,0,0,1,0,27,33,19,1,,15,20,37,1,2,1,,,,
546,1,1,1,3,49,56,17,1,,36,146,33,0,10,3,,,,
547,0,1,0,0,34,41,0,0,,17,35,29,1,1,1,,,,
548,1,1,1,0,34,56,6,0,,16,46,35,1,1,0,,,,
549,1,1,0,2,49,69,16,1,,47,178,31,0,3,3,,,,
550,0,1,1,0,31,51,4,0,,16,41,6,1,1,2,,,,
551,1,0,1,1,26,77,17,0,,16,64,2,1,1,0,,,,
552,0,0,1,1,30,30,22,0,,34,90,6,1,5,4,,,,
553,0,1,0,2,33,28,12,0,,18,68,41,1,0,1,,,,
554,1,1,0,0,31,40,28,0,,17,66,35,1,1,1,,,,
555,0,1,1,0,45,72,10,1,,44,125,17,0,0,3,,,,
556,0,0,1,3,26,22,37,0,,37,44,45,1,4,4,,,,
557,0,0,1,2,35,18,17,0,,35,84,27,1,0,4,,,,
558,0,1,1,2,48,50,51,1,,43,119,36,0,11,3,,,,
559,1,0,1,0,28,21,6,0,,35,76,32,1,4,4,,,,
560,0,1,1,1,56,69,8,1,,47,88,4,1,1,2,,,,
561,0,1,1,0,30,48,1,0,,22,95,8,1,1,0,,,,
562,1,1,1,1,57,61,21,1,,69,192,12,1,1,1,,,,
563,0,0,0,0,28,55,12,1,,15,69,31,1,1,1,,,,
564,0,1,1,0,27,75,14,0,,16,43,43,1,2,1,,,,
565,1,0,1,0,54,64,8,0,,26,107,13,1,2,0,,,,
566,1,1,1,0,30,68,1,1,,21,56,3,1,2,0,,,,
567,0,1,1,0,32,29,46,0,,32,137,20,1,3,4,,,,
568,0,1,1,1,58,35,7,1,,45,183,7,1,1,0,,,,
569,1,1,1,3,48,28,1,1,,51,132,27,0,6,3,,,,
570,0,1,0,0,36,42,51,1,,15,30,11,1,1,2,,,,
571,1,0,1,2,56,75,0,0,,55,231,2,1,1,2,,,,
572,0,1,1,0,29,80,12,0,,18,87,5,1,2,0,,,,
573,0,1,0,0,23,44,32,1,,18,43,25,1,0,2,,,,
574,1,1,0,0,27,48,13,0,,14,53,41,1,2,2,,,,
575,0,1,1,0,27,78,27,0,,10,29,18,1,1,1,,,,
576,0,1,0,0,53,49,10,1,,38,166,14,0,5,3,,,,
577,0,0,1,2,31,23,33,0,,35,144,41,1,4,4,,,,
578,1,1,0,2,49,65,6,1,,40,71,35,0,11,3,,,,
579,0,1,0,0,31,35,19,1,,14,63,37,1,1,1,,,,
580,1,1,1,2,54,52,1,1,,39,194,27,0,4,3,,,,
581,0,1,0,0,29,31,4,1,,10,32,17,1,2,0,,,,
582,1,1,1,0,31,32,4,0,,15,69,37,1,1,1,,,,
583,0,1,1,1,30,66,15,1,,18,62,34,1,1,1,,,,
584,1,1,1,0,54,68,8,1,,43,74,31,0,4,3,,,,
585,0,1,0,2,31,62,10,0,,13,25,35,1,1,0,,,,
586,0,0,1,1,30,45,17,1,,13,35,32,1,1,2,,,,
587,0,1,1,2,52,73,3,1,,42,169,19,0,10,3,,,,
588,0,1,1,1,54,69,8,1,,60,260,3,1,0,2,,,,
589,1,1,0,0,33,58,22,0,,15,63,47,1,1,0,,,,
590,0,1,1,2,51,27,18,1,,41,97,28,0,12,3,,,,
591,1,1,0,0,45,78,9,1,,44,141,24,0,5,3,,,,
592,0,0,1,0,31,21,32,0,,33,48,12,1,4,4,,,,
593,1,0,0,0,30,49,5,0,,13,20,36,1,1,0,,,,
594,1,1,0,0,26,69,15,1,,18,30,17,1,0,2,,,,
595,0,0,0,0,30,46,17,0,,18,68,37,1,2,1,,,,
596,1,1,1,0,27,76,21,1,,14,43,23,1,1,1,,,,
597,1,1,1,1,59,70,9,1,,66,122,12,1,1,0,,,,
598,0,0,1,3,50,32,38,0,,40,122,31,0,3,3,,,,
599,0,1,1,2,33,42,51,1,,19,32,26,1,2,0,,,,
600,0,1,0,0,32,67,1,0,,16,22,5,1,1,0,,,,
601,0,1,1,0,33,67,4,0,,15,67,8,1,0,1,,,,
602,1,1,1,1,29,64,17,1,,14,47,46,1,1,2,,,,
603,0,0,1,1,30,24,43,0,,34,161,42,1,2,4,,,,
604,1,1,1,0,33,63,19,0,,15,58,6,1,1,0,,,,
605,0,1,0,0,32,38,9,1,,15,51,15,1,1,2,,,,
606,0,1,1,1,28,69,5,0,,17,73,34,1,0,2,,,,
607,0,1,0,0,37,25,18,1,,12,55,36,1,1,1,,,,
608,0,1,0,0,28,53,16,1,,17,85,7,1,1,0,,,,
609,0,0,1,1,33,21,3,0,,32,36,21,1,2,4,,,,
610,1,1,1,1,62,80,3,1,,55,247,10,1,1,2,,,,
611,0,1,0,0,46,66,1,1,,34,119,31,0,2,3,,,,
612,1,1,1,2,48,22,5,1,,49,244,3,1,1,0,,,,
613,0,1,1,0,28,37,8,1,,19,61,44,1,0,2,,,,
614,1,0,0,1,28,43,13,1,,13,39,39,1,1,0,,,,
615,1,1,1,1,63,80,17,1,,77,326,8,1,1,2,,,,
616,1,1,1,0,26,54,3,0,,22,44,5,1,1,0,,,,
617,0,1,0,0,36,53,34,1,,18,55,47,1,0,0,,,,
618,1,1,1,0,30,66,1,1,,13,60,25,1,1,2,,,,
619,0,1,0,0,33,54,6,1,,14,47,42,1,2,1,,,,
620,0,1,1,1,56,29,3,1,,51,225,15,1,0,0,,,,
621,1,0,1,0,34,74,6,1,,18,72,10,1,2,2,,,,
622,0,0,1,0,56,59,27,0,,83,281,1,1,1,2,,,,
623,1,1,1,1,54,44,5,1,,60,124,7,1,1,0,,,,
624,1,1,0,0,29,52,18,1,,16,60,8,1,0,0,,,,
625,1,1,0,0,27,63,3,0,,15,22,45,1,1,0,,,,
626,1,1,0,1,36,48,6,1,,17,61,36,1,1,1,,,,
627,0,1,0,0,51,34,13,1,,37,137,21,0,3,3,,,,
628,1,1,1,0,30,39,4,0,,11,44,22,1,2,0,,,,
629,0,0,1,2,55,60,10,0,,80,366,1,1,2,2,,,,
630,1,0,1,0,34,28,1,0,,17,84,10,1,1,0,,,,
631,1,1,0,0,25,37,1,0,,16,66,19,1,1,1,,,,
632,0,0,1,2,32,21,8,0,,28,95,31,1,4,4,,,,
633,0,1,1,0,32,36,5,0,,20,95,7,1,1,0,,,,
634,0,1,1,0,33,34,19,1,,14,48,47,1,1,0,,,,
635,0,1,1,3,46,63,13,1,,31,37,22,0,9,3,,,,
636,0,0,1,1,31,20,3,0,,35,55,38,1,2,4,,,,
637,1,1,1,0,60,79,0,1,,73,326,13,1,0,1,,,,
638,1,1,0,1,32,42,34,1,,21,63,13,1,2,1,,,,
639,0,0,0,0,31,44,14,0,,15,66,37,1,2,2,,,,
640,0,1,1,1,51,63,5,1,,45,87,15,1,0,2,,,,
641,0,0,1,3,34,24,10,0,,28,92,33,1,2,4,,,,
642,1,1,0,0,29,79,22,1,,18,65,42,1,2,1,,,,
643,1,0,1,2,52,25,51,0,,67,83,6,1,2,0,,,,
644,1,1,1,1,52,37,4,1,,64,224,8,1,2,0,,,,
645,1,1,1,0,35,42,14,1,,18,46,22,1,1,1,,,,
646,1,1,1,1,53,39,7,1,,45,59,40,0,4,3,,,,
647,0,1,1,2,46,51,10,1,,34,103,16,0,9,3,,,,
648,1,1,1,3,48,22,12,1,,43,80,2,1,2,0,,,,
649,1,1,0,0,44,48,15,1,,45,72,20,0,14,3,,,,
650,1,1,1,0,33,68,51,0,,17,33,12,1,0,0,,,,
651,1,1,1,2,52,63,8,1,,40,67,31,0,10,3,,,,
652,1,1,0,0,31,48,5,1,,16,30,27,1,1,1,,,,
653,0,1,1,1,43,61,1,1,,59,75,14,0,6,3,,,,
654,1,1,0,0,26,30,18,0,,15,54,40,1,1,2,,,,
655,0,1,1,3,28,25,28,0,,33,73,42,1,0,4,,,,
656,1,0,1,0,32,53,17,1,,18,58,45,1,2,2,,,,
657,1,1,1,1,30,31,19,0,,15,58,29,1,1,1,,,,
658,0,0,1,2,27,21,15,0,,32,98,46,1,4,4,,,,
659,0,1,0,0,24,59,4,0,,14,45,2,1,1,1,,,,
660,1,1,1,0,30,54,14,1,,18,52,33,1,0,0,,,,
661,1,1,1,0,31,75,3,1,,21,34,39,1,1,2,,,,
662,1,1,0,0,47,55,21,1,,30,91,25,0,0,3,,,,
663,1,1,1,1,52,37,14,1,,43,191,5,1,1,0,,,,
664,0,1,0,1,32,67,8,1,,16,73,5,1,0,1,,,,
665,1,1,1,2,49,58,11,1,,44,95,23,0,8,3,,,,
666,1,1,1,2,48,35,5,1,,31,60,24,0,11,3,,,,
667,1,0,0,0,35,64,12,1,,16,53,12,1,1,2,,,,
668,1,1,0,1,28,77,4,1,,15,54,36,1,1,0,,,,
669,0,1,0,0,27,51,20,0,,11,30,16,1,1,0,,,,
670,0,1,0,1,45,46,20,1,,42,80,43,0,13,3,,,,
671,1,1,1,1,56,56,12,1,,52,250,6,1,1,1,,,,
672,1,1,1,0,34,47,51,0,,11,16,27,1,0,0,,,,
673,1,1,1,0,26,76,1,0,,9,14,4,1,2,2,,,,
674,1,1,1,1,39,32,4,1,,19,32,2,1,0,2,,,,
675,1,1,1,1,60,76,51,1,,55,97,12,1,2,1,,,,
676,0,1,1,3,48,76,0,1,,32,113,26,0,13,3,,,,
677,1,1,0,0,32,34,36,1,,21,71,27,1,1,2,,,,
678,1,1,0,0,32,36,21,1,,20,27,3,1,2,1,,,,
679,1,0,1,2,24,23,7,0,,31,147,19,1,3,4,,,,
680,1,1,1,1,53,31,3,1,,51,202,26,0,13,3,,,,
681,0,1,1,3,56,69,9,1,,23,92,7,1,1,2,,,,
682,0,1,0,3,30,34,3,1,,19,26,19,1,0,0,,,,
683,0,1,0,0,30,26,0,1,,19,85,26,1,2,2,,,,
684,1,1,1,1,54,45,12,1,,65,309,10,1,0,1,,,,
685,0,1,0,0,22,30,7,0,,14,70,15,1,2,0,,,,
686,1,0,0,3,45,61,24,0,,38,170,48,0,11,3,,,,
687,0,1,1,0,27,68,14,1,,19,80,32,1,0,0,,,,
688,0,0,1,0,26,40,16,1,,14,44,44,1,0,0,,,,
689,1,1,1,0,27,26,18,0,,14,26,21,1,2,2,,,,
690,0,1,0,1,28,53,11,0,,19,51,43,1,2,1,,,,
691,1,0,1,1,29,27,12,0,,35,57,10,1,0,4,,,,
692,1,1,0,0,25,36,10,0,,14,18,20,1,2,1,,,,
693,0,0,1,2,45,80,35,0,,50,239,39,0,3,3,,,,
694,1,1,0,0,31,33,0,0,,10,23,4,1,1,1,,,,
695,1,1,1,0,32,80,6,1,,20,46,23,1,1,1,,,,
696,0,0,1,3,29,26,11,0,,32,77,16,1,1,4,,,,
697,0,1,0,0,30,42,14,1,,15,44,4,1,2,1,,,,
698,1,1,1,0,26,70,39,1,,15,55,42,1,1,0,,,,
699,1,1,0,1,31,29,12,1,,17,21,45,1,0,1,,,,
700,1,1,1,1,53,41,1,1,,81,356,11,1,1,2,,,,
701,1,1,1,0,32,41,10,1,,19,63,16,1,1,1,,,,
702,1,0,1,3,57,61,7,0,,43,191,3,1,2,0,,,,
703,0,1,0,0,28,41,7,1,,22,55,5,1,1,1,,,,
704,0,1,1,0,30,48,6,0,,16,46,36,1,0,1,,,,
705,1,1,1,1,55,52,5,1,,64,84,11,1,0,0,,,,
706,1,1,0,0,26,79,20,0,,19,35,41,1,1,2,,,,
707,0,0,1,0,28,70,0,1,,17,63,35,1,1,1,,,,
708,0,0,1,0,34,20,4,0,,29,70,36,1,6,4,,,,
709,0,1,1,0,32,30,14,0,,21,97,38,1,0,1,,,,
710,0,1,1,3,50,72,14,1,,42,66,14,0,0,3,,,,
711,1,1,1,1,56,58,20,1,,67,332,11,1,1,2,,,,
712,1,1,1,0,34,69,0,0,,17,55,4,1,0,2,,,,
713,1,1,1,2,33,30,45,0,,36,139,4,1,2,4,,,,
714,0,1,1,0,31,35,16,1,,13,65,23,1,0,2,,,,
715,0,1,1,0,29,25,20,0,,18,41,25,1,1,2,,,,
716,0,1,0,0,31,69,13,1,,10,28,45,1,0,2,,,,
717,1,1,0,0,30,44,15,1,,16,47,21,1,1,2,,,,
718,0,0,1,0,33,27,29,0,,34,139,19,1,3,4,,,,
719,1,1,0,0,26,74,6,0,,27,116,33,1,2,0,,,,
720,0,0,0,1,30,37,51,0,,17,26,27,1,0,2,,,,
721,0,1,0,0,28,55,21,1,,16,29,47,1,1,1,,,,
722,0,1,1,0,41,80,51,1,,30,76,37,0,11,3,,,,
723,0,1,0,0,35,32,51,1,,17,23,5,1,1,1,,,,
724,1,1,0,3,41,32,15,1,,41,129,25,0,2,3,,,,
725,0,1,0,0,30,58,12,0,,20,49,29,1,2,2,,,,
726,1,0,0,0,31,60,1,1,,13,24,22,1,0,2,,,,
727,1,1,1,0,31,76,5,0,,19,37,46,1,0,0,,,,
728,1,1,1,0,35,44,1,0,,15,70,42,1,1,2,,,,
729,0,0,1,0,29,26,42,0,,32,120,26,1,2,4,,,,
730,0,1,1,1,37,79,15,0,,15,44,2,1,1,0,,,,
731,0,1,0,1,28,67,51,1,,23,108,24,1,1,0,,,,
732,1,1,1,3,52,36,13,1,,61,92,4,1,0,1,,,,
733,0,1,1,1,49,44,12,1,,48,193,37,0,1,3,,,,
734,1,1,1,2,49,67,14,1,,37,147,47,0,0,3,,,,
735,0,1,1,2,49,28,1,1,,46,152,40,0,4,3,,,,
736,1,1,0,1,36,40,9,0,,17,31,47,1,1,1,,,,
737,0,0,1,2,30,28,24,0,,34,117,5,1,3,4,,,,
738,0,0,0,0,25,52,18,0,,17,39,41,1,0,1,,,,
739,0,1,0,3,47,42,18,1,,44,72,22,0,6,3,,,,
740,0,1,1,1,58,69,16,1,,31,60,4,1,0,2,,,,
741,1,1,1,3,53,72,0,1,,36,166,38,0,4,3,,,,
742,0,0,0,0,30,28,10,1,,7,10,9,1,1,0,,,,
743,1,1,1,3,56,59,15,1,,72,148,7,1,1,1,,,,
744,1,0,1,3,27,18,12,0,,35,46,17,1,5,4,,,,
745,0,1,1,0,46,40,8,1,,36,102,32,0,5,3,,,,
746,1,1,1,1,31,21,26,0,,33,39,29,1,2,4,,,,
747,1,1,1,0,53,33,3,1,,49,226,31,0,3,3,,,,
748,1,1,1,3,47,22,12,1,,42,79,2,1,2,1,,,,
749,0,1,1,0,48,67,1,1,,48,71,36,0,3,3,,,,
750,1,1,0,1,35,45,19,0,,18,42,25,1,0,0,,,,
751,0,1,1,1,22,51,16,1,,20,58,39,1,1,0,,,,
752,1,1,1,3,51,62,1,1,,35,53,43,0,8,3,,,,
753,0,1,1,0,30,25,18,1,,12,60,5,1,2,1,,,,
754,0,1,1,0,26,29,14,0,,17,41,22,1,1,0,,,,
755,1,1,1,1,51,56,8,1,,41,93,40,0,5,3,,,,
756,0,1,1,3,44,60,1,1,,32,43,41,0,6,3,,,,
757,0,1,1,0,31,23,4,1,,16,37,45,1,0,0,,,,
758,0,1,0,3,31,36,30,1,,15,20,40,1,2,0,,,,
759,1,1,0,3,50,49,7,1,,54,166,27,0,1,3,,,,
760,1,1,1,1,28,27,1,1,,19,78,10,1,1,1,,,,
761,1,0,1,1,30,30,0,0,,31,111,44,1,4,4,,,,
762,1,0,1,3,28,20,27,0,,35,51,43,1,0,4,,,,
763,0,1,0,3,45,51,4,1,,55,78,37,0,6,3,,,,
764,0,1,0,1,48,55,3,1,,35,145,13,0,4,3,,,,
765,1,1,0,1,28,65,1,0,,17,79,48,1,1,2,,,,
766,1,1,0,0,25,75,0,0,,14,45,20,1,2,2,,,,
767,0,1,1,0,32,28,4,0,,16,25,41,1,1,0,,,,
768,1,1,0,0,25,40,21,0,,24,104,8,1,2,0,,,,
769,0,1,0,2,45,36,12,1,,52,126,24,0,14,3,,,,
770,0,1,1,1,48,39,14,1,,36,81,41,0,0,3,,,,
771,1,0,1,0,33,60,0,1,,10,41,5,1,0,2,,,,
772,0,1,1,0,29,26,8,1,,18,21,27,1,1,2,,,,
773,0,0,1,1,54,51,25,0,,54,70,15,1,0,1,,,,
774,0,1,0,0,34,33,7,1,,19,71,44,1,0,1,,,,
775,1,1,1,1,47,22,6,1,,62,215,9,1,1,0,,,,
776,1,1,1,1,56,54,5,1,,60,190,9,1,0,1,,,,
777,0,0,0,0,34,65,13,1,,13,52,17,1,0,1,,,,
778,1,0,1,0,49,37,24,0,,37,143,20,0,2,3,,,,
779,1,1,0,2,30,59,21,1,,19,79,25,1,1,2,,,,
780,1,1,0,3,48,65,3,1,,52,116,22,0,3,3,,,,
781,1,0,1,0,35,40,17,1,,21,80,12,1,1,2,,,,
782,1,1,0,3,44,71,14,1,,36,118,43,0,5,3,,,,
783,0,1,1,0,30,80,19,0,,20,53,19,1,2,2,,,,
784,1,1,1,1,57,61,51,1,,60,81,13,1,2,2,,,,
785,0,0,1,3,24,20,36,0,,31,129,7,1,4,4,,,,
786,1,1,1,2,50,26,21,1,,49,119,15,1,0,0,,,,
787,0,1,1,0,56,38,12,1,,46,160,9,1,1,1,,,,
788,0,1,1,2,30,52,0,0,,16,64,4,1,2,1,,,,
789,1,1,0,0,27,37,20,0,,21,32,1,1,1,1,,,,
790,1,0,1,2,26,26,30,0,,37,60,5,1,4,4,,,,
791,0,0,1,2,56,57,22,0,,27,88,1,1,2,2,,,,
792,1,1,1,0,30,70,7,0,,18,54,41,1,2,0,,,,
793,0,1,1,1,53,40,11,1,,46,211,13,0,7,3,,,,
794,1,1,1,3,60,75,19,1,,45,190,9,1,1,2,,,,
795,0,0,1,3,32,20,41,0,,31,123,21,1,2,4,,,,
796,0,1,0,0,31,51,17,1,,11,15,10,1,2,0,,,,
797,0,0,1,0,26,39,23,0,,18,25,25,1,1,1,,,,
798,1,0,1,1,55,72,8,0,,59,86,15,1,2,2,,,,
799,1,1,0,0,29,55,13,0,,20,85,15,1,1,2,,,,
800,1,0,1,3,35,25,4,0,,35,168,41,1,6,4,,,,
801,1,1,1,0,52,30,8,1,,43,162,2,1,1,0,,,,
802,1,0,1,3,31,22,25,0,,34,55,9,1,4,4,,,,
803,1,1,1,3,49,58,20,1,,39,153,32,0,2,3,,,,
804,1,1,0,0,28,64,8,0,,16,25,6,1,1,2,,,,
805,0,1,1,1,32,46,7,1,,19,30,35,1,1,0,,,,
806,1,0,1,2,30,21,30,0,,34,123,5,1,4,4,,,,
807,0,0,1,0,27,23,51,0,,31,74,41,1,0,4,,,,
808,1,0,1,1,52,50,0,0,,64,234,3,1,1,0,,,,
809,1,1,0,1,30,66,9,1,,13,53,23,1,1,0,,,,
810,0,0,1,3,28,20,7,0,,33,112,10,1,0,4,,,,
811,1,1,1,0,28,80,4,1,,15,60,9,1,0,1,,,,
812,1,1,1,3,46,56,21,1,,44,89,33,0,4,3,,,,
813,1,1,0,3,45,32,6,1,,40,159,30,0,12,3,,,,
814,1,1,1,3,27,23,39,0,,34,167,24,1,4,4,,,,
815,1,1,1,1,56,53,4,1,,48,216,4,1,1,1,,,,
816,0,1,0,0,27,76,3,0,,25,36,4,1,2,1,,,,
817,1,1,1,3,26,60,10,0,,27,69,39,1,1,1,,,,
818,1,1,0,0,31,64,14,1,,15,39,48,1,2,1,,,,
819,1,1,0,0,30,58,51,1,,21,80,46,1,2,0,,,,
820,1,1,1,0,32,64,36,1,,16,55,23,1,1,0,,,,
821,1,1,0,0,31,77,5,1,,21,88,48,1,2,1,,,,
822,1,0,0,2,34,62,7,1,,17,44,2,1,1,0,,,,
823,1,0,0,0,30,75,4,1,,12,23,4,1,2,1,,,,
824,1,0,1,0,26,41,13,1,,20,29,33,1,2,2,,,,
825,1,1,1,3,48,31,17,1,,39,161,28,0,2,3,,,,
826,0,1,1,0,30,29,13,1,,19,37,33,1,0,0,,,,
827,1,1,1,2,63,80,13,1,,65,170,1,1,1,0,,,,
828,1,1,1,2,47,39,7,1,,36,118,47,0,9,3,,,,
829,1,1,0,2,52,43,8,1,,48,96,18,0,10,3,,,,
830,0,1,1,3,46,31,17,1,,48,173,12,0,3,3,,,,
831,1,1,1,3,51,77,7,1,,39,117,21,0,1,3,,,,
832,1,1,1,1,55,51,4,1,,70,119,13,1,0,0,,,,
833,1,0,1,1,27,24,24,0,,36,150,4,1,2,4,,,,
834,0,0,1,1,29,27,21,0,,35,53,26,1,5,4,,,,
835,1,0,1,3,54,47,21,0,,46,104,15,1,1,0,,,,
836,0,0,1,1,28,69,13,1,,19,39,19,1,1,2,,,,
837,1,0,1,1,50,76,9,0,,57,181,12,1,1,0,,,,
838,1,1,1,0,29,36,6,1,,21,31,12,1,2,1,,,,
839,1,1,1,1,58,63,11,1,,62,167,9,1,1,1,,,,
840,0,1,1,0,30,58,15,0,,17,26,45,1,2,2,,,,
841,1,0,1,0,30,52,11,0,,18,28,6,1,1,1,,,,
842,0,0,0,0,32,51,11,0,,16,67,25,1,1,1,,,,
843,0,1,0,1,27,72,0,0,,12,27,1,1,2,2,,,,
844,1,1,1,0,30,75,6,1,,13,45,36,1,2,0,,,,
845,0,0,1,3,45,43,24,0,,38,185,35,0,13,3,,,,
846,1,1,1,2,31,18,34,0,,37,104,48,1,0,4,,,,
847,1,1,0,2,49,49,19,1,,47,180,18,0,7,3,,,,
848,1,1,0,0,31,39,11,0,,19,78,33,1,0,0,,,,
849,1,1,1,1,54,44,15,1,,62,173,11,1,1,0,,,,
850,0,1,1,0,32,28,22,1,,18,66,17,1,1,2,,,,
851,1,1,1,2,42,53,20,1,,43,66,42,0,3,3,,,,
852,1,1,0,3,47,67,18,1,,40,190,30,0,14,3,,,,
853,1,1,0,0,24,72,26,0,,14,26,41,1,0,1,,,,
854,1,1,0,0,35,54,7,0,,15,33,21,1,2,2,,,,
855,1,1,1,1,32,38,9,0,,16,68,32,1,1,2,,,,
856,0,1,1,0,28,76,16,0,,14,43,41,1,0,2,,,,
857,1,1,0,0,31,34,0,0,,18,74,45,1,2,2,,,,
858,0,0,1,2,32,23,35,0,,33,88,23,1,0,4,,,,
859,1,1,1,2,47,22,4,1,,35,76,12,1,2,0,,,,
860,1,1,0,0,29,54,9,0,,15,19,30,1,1,2,,,,
861,1,1,1,1,26,54,7,1,,13,49,10,1,1,1,,,,
862,0,1,0,1,42,48,3,1,,45,125,41,0,11,3,,,,
863,0,1,1,1,47,74,3,1,,39,112,46,0,10,3,,,,
864,0,1,0,0,26,24,12,0,,15,53,25,1,1,2,,,,
865,0,1,1,0,31,47,12,0,,16,22,26,1,1,0,,,,
866,1,0,1,0,29,23,5,0,,32,75,47,1,2,4,,,,
867,1,0,1,1,52,68,16,0,,84,346,1,1,2,1,,,,
868,1,1,1,1,51,30,15,1,,54,207,3,1,1,2,,,,
869,1,0,0,0,33,29,8,1,,20,32,46,1,1,1,,,,
870,0,1,1,0,28,39,17,1,,17,28,5,1,1,2,,,,
871,0,1,0,1,45,32,13,1,,43,63,19,0,12,3,,,,
872,0,1,1,1,49,32,9,1,,28,32,35,0,8,3,,,,
873,1,1,1,1,47,33,5,1,,47,130,29,0,13,3,,,,
874,1,0,1,3,26,23,17,0,,35,128,36,1,1,4,,,,
875,1,0,1,0,30,27,5,0,,35,138,9,1,1,4,,,,
876,0,1,0,0,30,31,15,1,,17,54,31,1,1,0,,,,
877,0,0,0,1,45,51,26,0,,41,63,37,0,4,3,,,,
878,0,1,0,0,33,33,23,0,,14,50,15,1,0,1,,,,
879,0,1,1,2,51,68,9,1,,35,56,40,0,3,3,,,,
880,0,1,1,1,50,31,1,1,,52,85,3,1,0,2,,,,
881,1,1,0,2,49,55,7,1,,44,66,46,0,9,3,,,,
882,1,0,1,2,26,30,34,0,,36,60,42,1,4,4,,,,
883,1,1,0,0,34,73,3,0,,15,27,19,1,2,2,,,,
884,1,1,1,1,61,80,5,1,,58,109,3,1,1,1,,,,
885,1,0,1,1,52,45,0,0,,62,145,15,1,2,1,,,,
886,0,1,1,3,47,67,21,1,,43,101,14,0,2,3,,,,
887,1,0,0,0,37,35,25,0,,18,36,34,1,1,2,,,,
888,1,0,1,0,26,19,46,0,,33,69,33,1,4,4,,,,
889,1,1,1,1,58,67,5,1,,85,390,3,1,1,1,,,,
890,0,0,1,1,33,23,9,0,,36,139,14,1,5,4,,,,
891,0,1,0,0,32,76,14,1,,15,50,45,1,2,1,,,,
892,0,1,0,3,45,33,9,1,,50,91,25,0,2,3,,,,
893,1,0,1,1,27,25,4,0,,36,70,11,1,6,4,,,,
894,1,1,1,0,33,44,14,1,,14,20,35,1,2,2,,,,
895,1,1,0,0,46,52,14,1,,42,196,20,0,11,3,,,,
896,1,1,0,0,48,48,17,1,,36,139,15,0,1,3,,,,
897,0,0,1,0,31,57,13,0,,17,56,47,1,1,1,,,,
898,0,1,0,1,31,55,9,0,,19,45,31,1,0,2,,,,
899,0,1,1,2,54,61,51,1,,57,100,8,1,1,2,,,,
900,1,0,1,1,52,55,12,0,,47,166,15,1,1,2,,,,
901,1,1,1,0,32,30,6,0,,22,109,25,1,2,2,,,,
902,0,0,1,0,27,78,24,0,,18,32,31,1,2,0,,,,
903,0,0,1,1,59,50,31,0,,80,169,13,1,2,0,,,,
904,1,1,1,0,27,63,11,0,,11,30,30,1,1,1,,,,
905,1,1,1,1,52,36,3,1,,69,96,10,1,1,1,,,,
906,1,0,1,0,32,26,45,0,,29,110,22,1,4,4,,,,
907,1,0,0,0,27,46,20,1,,14,38,2,1,0,0,,,,
908,0,0,1,0,34,58,15,1,,19,94,18,1,0,2,,,,
909,1,0,1,3,28,25,43,0,,32,86,27,1,2,4,,,,
910,0,1,0,0,26,48,21,1,,17,60,11,1,0,0,,,,
911,1,1,0,0,28,61,18,0,,17,29,45,1,0,1,,,,
912,0,0,1,2,29,28,26,0,,34,88,46,1,6,4,,,,
913,1,1,0,1,46,40,20,1,,44,77,18,0,10,3,,,,
914,0,1,0,3,47,53,3,1,,42,171,25,0,5,3,,,,
915,0,1,0,0,33,64,11,0,,19,86,10,1,1,2,,,,
916,0,1,1,2,51,28,10,1,,51,126,46,0,4,3,,,,
917,0,1,1,0,30,75,16,1,,15,57,21,1,1,2,,,,
918,0,0,1,2,32,22,26,0,,33,75,20,1,5,4,,,,
919,1,1,1,0,31,33,5,1,,20,64,32,1,1,1,,,,
920,0,1,0,0,32,65,15,0,,19,83,5,1,1,1,,,,
921,1,1,0,0,28,76,6,0,,20,69,26,1,2,0,,,,
922,1,0,1,2,27,20,14,0,,32,78,9,1,1,4,,,,
923,1,1,1,0,640,80,13,1,,55,125,2,1,2,0,,,,
924,1,1,1,1,44,36,21,1,,47,135,34,0,5,3,,,,
925,1,1,0,0,27,25,7,0,,19,53,12,1,0,1,,,,
926,0,1,0,0,26,35,13,0,,12,31,17,1,1,1,,,,
927,0,0,1,1,29,26,19,0,,36,118,33,1,6,4,,,,
928,1,1,0,0,28,30,20,1,,17,68,36,1,2,0,,,,
929,0,1,1,3,53,31,7,1,,60,166,2,1,2,1,,,,
930,1,1,1,0,33,60,18,1,,19,53,6,1,1,0,,,,
931,0,1,1,0,35,78,3,0,,18,29,19,1,2,1,,,,
932,0,0,1,0,30,26,24,0,,38,46,38,1,5,4,,,,
933,1,1,0,3,51,70,1,1,,40,90,17,0,1,3,,,,
934,0,1,1,0,29,76,19,0,,22,52,8,1,1,1,,,,
935,1,1,1,0,30,59,6,0,,11,41,15,1,0,2,,,,
936,1,1,1,1,50,56,4,1,,45,218,45,0,4,3,,,,
937,0,1,0,0,35,26,12,1,,18,86,45,1,0,1,,,,
938,1,1,0,0,33,25,0,0,,21,61,47,1,0,1,,,,
939,0,1,1,1,30,67,13,1,,15,31,15,1,1,2,,,,
940,1,1,0,0,36,55,10,1,,18,74,21,1,0,2,,,,
941,0,0,0,1,33,38,44,1,,20,82,19,1,0,1,,,,
942,0,1,1,2,55,37,18,1,,77,308,14,1,1,2,,,,
943,1,1,0,3,48,72,51,1,,37,149,23,0,7,3,,,,
944,1,1,0,0,28,52,14,1,,20,31,23,1,2,1,,,,
945,0,1,1,0,32,75,3,0,,16,61,35,1,0,2,,,,
946,0,0,1,2,35,29,17,0,,29,85,19,1,4,4,,,,
947,1,1,0,1,32,48,1,0,,16,31,26,1,0,1,,,,
948,1,1,1,0,32,59,16,1,,20,30,34,1,0,1,,,,
949,1,1,0,0,24,58,30,1,,17,74,13,1,1,0,,,,
950,1,0,0,0,48,40,39,0,,45,81,33,0,7,3,,,,
951,1,0,1,3,34,29,35,0,,32,56,39,1,2,4,,,,
952,1,1,1,0,31,71,0,1,,15,56,23,1,2,1,,,,
953,0,1,1,2,29,47,20,0,,21,97,30,1,2,1,,,,
954,0,1,1,0,34,79,18,0,,20,63,31,1,2,2,,,,
955,0,1,1,1,48,38,6,1,,40,154,40,0,4,3,,,,
956,1,0,1,1,29,27,16,0,,36,62,39,1,1,4,,,,
957,1,1,0,0,36,43,6,1,,21,102,13,1,0,2,,,,
958,1,1,0,0,26,70,6,0,,19,61,10,1,2,2,,,,
959,1,0,1,0,54,52,51,0,,69,259,2,1,1,1,,,,
960,1,1,0,0,29,52,15,0,,14,18,20,1,1,1,,,,
961,1,0,1,0,27,20,51,0,,34,145,37,1,4,4,,,,
962,1,1,1,0,24,22,51,1,,17,69,8,1,0,1,,,,
963,1,1,1,1,54,42,18,1,,60,95,10,1,1,0,,,,
964,1,1,1,1,54,42,15,1,,36,114,10,1,2,1,,,,
965,1,0,1,0,30,43,14,1,,14,34,7,1,1,2,,,,
966,0,1,1,0,32,73,3,0,,13,43,35,1,1,2,,,,
967,0,1,1,1,30,19,35,0,,44,117,39,1,3,4,,,,
968,0,1,0,3,48,34,8,1,,35,96,29,0,5,3,,,,
969,0,0,1,2,28,25,6,0,,32,58,20,1,3,4,,,,
970,1,1,0,0,27,60,20,1,,16,34,39,1,0,2,,,,
971,0,1,0,2,53,49,15,1,,38,45,43,0,5,3,,,,
972,1,1,1,3,53,37,51,1,,52,245,8,1,2,0,,,,
973,1,1,0,1,29,63,5,1,,15,55,12,1,1,0,,,,
974,1,1,0,0,30,61,10,0,,12,57,26,1,0,0,,,,
975,0,1,0,0,27,26,14,0,,15,27,35,1,1,1,,,,
976,0,1,0,2,46,60,9,1,,50,235,24,0,10,3,,,,
977,0,1,0,3,47,32,3,1,,42,177,30,0,8,3,,,,
978,1,1,1,0,32,26,10,0,,13,44,4,1,2,2,,,,
979,0,0,1,2,32,24,32,0,,36,102,48,1,5,4,,,,
980,1,0,0,0,31,45,40,0,,18,38,15,1,1,2,,,,
981,0,1,0,1,30,74,9,1,,13,53,4,1,2,2,,,,
982,0,1,1,0,29,56,5,1,,12,24,43,1,2,2,,,,
983,0,1,1,0,31,23,3,0,,20,28,47,1,0,1,,,,
984,1,1,0,0,25,44,11,0,,12,50,27,1,0,1,,,,
985,1,1,0,0,26,33,0,1,,12,45,38,1,1,1,,,,
986,0,0,1,0,31,49,51,1,,15,59,24,1,1,2,,,,
987,1,1,0,1,51,79,17,1,,37,134,44,0,4,3,,,,
988,1,0,1,2,25,22,4,0,,28,77,3,1,4,4,,,,
989,1,1,0,2,44,54,5,1,,43,113,25,0,14,3,,,,
990,1,0,1,0,26,32,16,1,,16,69,3,1,2,0,,,,
991,1,1,1,0,34,42,1,1,,20,47,26,1,2,2,,,,
992,0,1,0,1,29,50,14,1,,19,82,20,1,2,2,,,,
993,0,0,1,0,30,20,17,0,,36,151,47,1,2,4,,,,
994,1,1,1,0,31,79,16,0,,12,54,38,1,1,1,,,,
995,1,1,1,1,53,38,9,1,,40,123,11,1,1,0,,,,
996,0,0,1,0,29,51,17,1,,15,54,21,1,2,2,,,,
997,1,1,1,2,32,73,7,0,,15,73,21,1,0,2,,,,
998,1,1,1,0,28,65,21,0,,10,29,11,1,1,2,,,,
999,1,1,0,1,49,67,7,1,,41,55,23,0,10,3,,,,
1000,0,1,1,0,33,58,19,0,,23,104,1,1,1,0,,,,
,,,,,,,,,,,,,,,,,,,
1,0,0,0,0,21,18,0,0,,7,10,1,0,0,0,,,0,0
1000,1,1,1,3,730,80,51,1,,88,390,48,1,14,4,,,0,0